dataset,controller,headroom_bin,L_bin,mean_drift,mean_delta_sq,negative_drift_rate,negative_delta_sq_rate,benchmark_safe_rate,rows
rebench,adaptive_threshold,<=0,<=0.5,-0.13892500717477127,0.002545407991280162,0.9014084507042254,0.0,0.2535211267605634,71
rebench,adaptive_threshold,"(0,0.03]",<=0.5,-0.24106210295563213,-1.6234817973039018e-05,1.0,0.02702702702702703,0.4864864864864865,37
rebench,adaptive_threshold,"(0.03,0.08]",<=0.5,-0.26076897300652174,-1.836302434719108e-05,1.0,0.011363636363636364,0.48863636363636365,88
rebench,adaptive_threshold,"(0.08,0.15]",<=0.5,-0.3285207960344708,-0.0003017991781983459,1.0,0.019801980198019802,0.7574257425742574,202
rebench,adaptive_threshold,>0.15,<=0.5,-0.37533284613066964,-0.0011523911664438273,1.0,0.0196078431372549,0.7745098039215687,102
rebench,always_verify,<=0,<=0.5,-0.04541826520807275,0.009979834938483947,0.7333333333333333,0.0,0.06666666666666667,15
rebench,always_verify,"(0,0.03]",<=0.5,-0.220780237542022,0.0,1.0,0.0,0.2857142857142857,7
rebench,always_verify,"(0.03,0.08]",<=0.5,-0.253494750893353,0.0,1.0,0.0,0.25,24
rebench,always_verify,"(0.08,0.15]",<=0.5,-0.33142119196559094,-0.0010723924924702646,1.0,0.018018018018018018,0.35135135135135137,111
rebench,always_verify,>0.15,<=0.5,-0.35942034475622164,-8.939346184565546e-05,1.0,0.008746355685131196,0.3556851311953353,343
rebench,always_verify_throttle,<=0,<=0.5,-0.04643547711898379,0.009975143057341426,0.7333333333333333,0.0,0.06666666666666667,15
rebench,always_verify_throttle,"(0,0.03]",<=0.5,-0.22665448693216728,0.0,1.0,0.0,0.3333333333333333,6
rebench,always_verify_throttle,"(0.03,0.08]",<=0.5,-0.25253458651821065,0.0,1.0,0.0,0.28,25
rebench,always_verify_throttle,"(0.08,0.15]",<=0.5,-0.3246207116387787,-0.001133194455153117,1.0,0.01904761904761905,0.3619047619047619,105
rebench,always_verify_throttle,>0.15,<=0.5,-0.35761370634289047,-8.779864776230407e-05,1.0,0.008595988538681949,0.39255014326647564,349
rebench,camc_rsrc_anchor,<=0,<=0.5,-0.06370813370484703,0.007493387807781101,0.7894736842105263,0.0,0.2631578947368421,19
rebench,camc_rsrc_anchor,"(0,0.03]",<=0.5,-0.21950299167889958,0.0,1.0,0.0,0.2,10
rebench,camc_rsrc_anchor,"(0.03,0.08]",<=0.5,-0.26370107756506317,0.0,1.0,0.0,0.36585365853658536,41
rebench,camc_rsrc_anchor,"(0.08,0.15]",<=0.5,-0.3409814166810124,-1.9871093195028893e-05,1.0,0.0055248618784530384,0.6906077348066298,181
rebench,camc_rsrc_anchor,>0.15,<=0.5,-0.3833597934461069,-0.0005573401625684365,1.0,0.01606425702811245,0.6947791164658634,249
rebench,camc_sempc_candidate,<=0,<=0.5,-0.0579104453556958,0.007754608536082283,0.7894736842105263,0.0,0.42105263157894735,19
rebench,camc_sempc_candidate,"(0,0.03]",<=0.5,-0.24469958915828205,0.0,1.0,0.0,0.36363636363636365,22
rebench,camc_sempc_candidate,"(0.03,0.08]",<=0.5,-0.2586792618254703,0.0,1.0,0.0,0.5111111111111111,45
rebench,camc_sempc_candidate,"(0.08,0.15]",<=0.5,-0.3373984140549709,-8.433173486101136e-05,1.0,0.010309278350515464,0.7371134020618557,194
rebench,camc_sempc_candidate,>0.15,<=0.5,-0.3848543515922854,-0.0005953509346478507,1.0,0.013636363636363636,0.7272727272727273,220
rebench,camc_static_anchor,<=0,<=0.5,-0.05676096961892954,0.007680908602622807,0.7647058823529411,0.0,0.29411764705882354,17
rebench,camc_static_anchor,"(0,0.03]",<=0.5,-0.21745849983511625,0.0,1.0,0.0,0.3,10
rebench,camc_static_anchor,"(0.03,0.08]",<=0.5,-0.27890482210871886,0.0,1.0,0.0,0.53125,32
rebench,camc_static_anchor,"(0.08,0.15]",<=0.5,-0.3228792945452674,-1.4552611870180474e-05,1.0,0.0078125,0.6484375,128
rebench,camc_static_anchor,>0.15,<=0.5,-0.37293549148987504,-0.00041122272180576564,1.0,0.012779552715654952,0.8115015974440895,313
rebench,greedy_myopic,<=0,<=0.5,-0.20763986663113418,0.001404969543621032,0.9444444444444444,0.007936507936507936,0.2619047619047619,126
rebench,greedy_myopic,"(0,0.03]",<=0.5,-0.2932295379970782,-7.784100805180125e-06,1.0,0.015873015873015872,0.3968253968253968,63
rebench,greedy_myopic,"(0.03,0.08]",<=0.5,-0.3301092140962493,0.0,1.0,0.0,0.5370370370370371,108
rebench,greedy_myopic,"(0.08,0.15]",<=0.5,-0.3643402790320585,-0.0011996185104629915,1.0,0.034482758620689655,0.5517241379310345,145
rebench,greedy_myopic,>0.15,<=0.5,-0.41238489428736264,-4.467379531706781e-05,1.0,0.017241379310344827,0.7758620689655172,58
rebench,headroom_only,<=0,<=0.5,-0.0406780059152064,0.008775771846004645,0.75,0.0,0.125,16
rebench,headroom_only,"(0,0.03]",<=0.5,-0.21540132529296965,0.0,1.0,0.0,0.5,6
rebench,headroom_only,"(0.03,0.08]",<=0.5,-0.25782380856591397,0.0,1.0,0.0,0.2727272727272727,33
rebench,headroom_only,"(0.08,0.15]",<=0.5,-0.33067744043420594,-2.484762673463629e-05,1.0,0.007142857142857143,0.6428571428571429,140
rebench,headroom_only,>0.15,<=0.5,-0.38258127604620423,-0.00044896289112532865,1.0,0.013114754098360656,0.6885245901639344,305
rebench,maxweight_backlog,<=0,<=0.5,-0.051757246317370005,0.008111146860374018,0.7647058823529411,0.0,0.23529411764705882,17
rebench,maxweight_backlog,"(0,0.03]",<=0.5,-0.22042852044668274,0.0,1.0,0.0,0.36363636363636365,11
rebench,maxweight_backlog,"(0.03,0.08]",<=0.5,-0.26762896816191967,0.0,1.0,0.0,0.34285714285714286,35
rebench,maxweight_backlog,"(0.08,0.15]",<=0.5,-0.33370953958055616,-1.9143905726918422e-05,1.0,0.006329113924050633,0.6645569620253164,158
rebench,maxweight_backlog,>0.15,<=0.5,-0.3820829579515597,-0.00048338623484410454,1.0,0.014336917562724014,0.7383512544802867,279
rebench,minimal_verify,<=0,<=0.5,-0.05587865614776458,0.0003287571490842723,0.8813905930470347,0.19427402862985685,0.002044989775051125,489
rebench,minimal_verify,<=0,"(0.5,1]",-0.026791456467812447,-0.028818934099820656,0.5,0.5,0.0,4
rebench,minimal_verify,"(0,0.03]",<=0.5,-0.27050019598418895,0.0,1.0,0.0,0.0,2
rebench,minimal_verify,"(0.03,0.08]",<=0.5,-0.42709090812073636,0.0,1.0,0.0,0.3333333333333333,3
rebench,minimal_verify,>0.15,<=0.5,-0.5693483790003357,0.0,1.0,0.0,1.0,2
rebench,oracle_src,<=0,<=0.5,-0.01636830283994526,0.011001472667424968,0.68,0.0,0.16,25
rebench,oracle_src,"(0,0.03]",<=0.5,-0.12972151320366454,0.0,1.0,0.0,0.14285714285714285,14
rebench,oracle_src,"(0.03,0.08]",<=0.5,-0.17532567911835648,-4.8456603778587306e-05,1.0,0.02702702702702703,0.13513513513513514,37
rebench,oracle_src,"(0.08,0.15]",<=0.5,-0.23614861760577607,-0.00021801709386414826,1.0,0.01910828025477707,0.4012738853503185,157
rebench,oracle_src,>0.15,<=0.5,-0.31932401190645954,-0.0008951881595848132,1.0,0.018726591760299626,0.5655430711610487,267
rebench,pareto_camc_rsrc_anchor,<=0,<=0.5,-0.04999104280013583,0.008281619938568414,0.7647058823529411,0.0,0.17647058823529413,17
rebench,pareto_camc_rsrc_anchor,"(0,0.03]",<=0.5,-0.21067985629669037,0.0,1.0,0.0,0.25,12
rebench,pareto_camc_rsrc_anchor,"(0.03,0.08]",<=0.5,-0.27054252968928244,0.0,1.0,0.0,0.3611111111111111,36
rebench,pareto_camc_rsrc_anchor,"(0.08,0.15]",<=0.5,-0.34310116695733545,-2.0092356160798797e-05,1.0,0.00558659217877095,0.6703910614525139,179
rebench,pareto_camc_rsrc_anchor,>0.15,<=0.5,-0.38361413282053597,-0.0005359023718862502,1.0,0.015625,0.6875,256
rebench,pareto_camc_sempc_candidate,<=0,<=0.5,-0.05983762750509348,0.007989214673560266,0.7647058823529411,0.0,0.29411764705882354,17
rebench,pareto_camc_sempc_candidate,"(0,0.03]",<=0.5,-0.21587194049770794,0.0,1.0,0.0,0.2222222222222222,9
rebench,pareto_camc_sempc_candidate,"(0.03,0.08]",<=0.5,-0.2746733055530508,0.0,1.0,0.0,0.5161290322580645,31
rebench,pareto_camc_sempc_candidate,"(0.08,0.15]",<=0.5,-0.3232334149384428,-2.8231967715646634e-05,1.0,0.008333333333333333,0.5916666666666667,120
rebench,pareto_camc_sempc_candidate,>0.15,<=0.5,-0.3724592019992673,-0.0004099963260824982,1.0,0.01238390092879257,0.7616099071207431,323
rebench,pareto_camc_static_anchor,<=0,<=0.5,-0.0568103075491226,0.007680908046518638,0.7647058823529411,0.0,0.29411764705882354,17
rebench,pareto_camc_static_anchor,"(0,0.03]",<=0.5,-0.21745862431720134,0.0,1.0,0.0,0.3,10
rebench,pareto_camc_static_anchor,"(0.03,0.08]",<=0.5,-0.2789113103740495,0.0,1.0,0.0,0.53125,32
rebench,pareto_camc_static_anchor,"(0.08,0.15]",<=0.5,-0.32291018199725113,-1.4667199365221265e-05,1.0,0.007874015748031496,0.6456692913385826,127
rebench,pareto_camc_static_anchor,>0.15,<=0.5,-0.3726137134446248,-0.00040991306519564893,1.0,0.012738853503184714,0.8121019108280255,314
rebench,plain_mpc,<=0,<=0.5,-0.1791635602060041,0.0008361959284568717,0.9639344262295082,0.01639344262295082,0.12459016393442623,305
rebench,plain_mpc,"(0,0.03]",<=0.5,-0.2523151500297664,-0.0017588948839954892,1.0,0.06206896551724138,0.15862068965517243,145
rebench,plain_mpc,"(0.03,0.08]",<=0.5,-0.3595204270872149,0.0,1.0,0.0,0.5,34
rebench,plain_mpc,"(0.08,0.15]",<=0.5,-0.45801080394652,0.0,1.0,0.0,0.9333333333333333,15
rebench,plain_mpc,>0.15,<=0.5,-0.42751426994870584,0.0,1.0,0.0,1.0,1
rebench,rsrc,<=0,<=0.5,-0.04999104280013583,0.008281619938568414,0.7647058823529411,0.0,0.17647058823529413,17
rebench,rsrc,"(0,0.03]",<=0.5,-0.21067985629669037,0.0,1.0,0.0,0.25,12
rebench,rsrc,"(0.03,0.08]",<=0.5,-0.27054252968928244,0.0,1.0,0.0,0.3611111111111111,36
rebench,rsrc,"(0.08,0.15]",<=0.5,-0.34310116695733545,-2.0092356160798797e-05,1.0,0.00558659217877095,0.6703910614525139,179
rebench,rsrc,>0.15,<=0.5,-0.38361413282053597,-0.0005359023718862502,1.0,0.015625,0.6875,256
rebench,rsrc_no_context,<=0,<=0.5,-0.049981826212795524,0.008259266166560232,0.7647058823529411,0.0,0.17647058823529413,17
rebench,rsrc_no_context,"(0,0.03]",<=0.5,-0.2106797913283247,0.0,1.0,0.0,0.25,12
rebench,rsrc_no_context,"(0.03,0.08]",<=0.5,-0.2705389208562281,0.0,1.0,0.0,0.3611111111111111,36
rebench,rsrc_no_context,"(0.08,0.15]",<=0.5,-0.34384753973927124,-1.9653438235500202e-05,1.0,0.005649717514124294,0.6666666666666666,177
rebench,rsrc_no_context,>0.15,<=0.5,-0.38479437020964175,-0.0005307320397823272,1.0,0.015503875968992248,0.689922480620155,258
rebench,rsrc_no_recovery,<=0,<=0.5,-0.040661904633322046,0.008799522995029082,0.75,0.0,0.125,16
rebench,rsrc_no_recovery,"(0,0.03]",<=0.5,-0.21540976342086135,0.0,1.0,0.0,0.5,6
rebench,rsrc_no_recovery,"(0.03,0.08]",<=0.5,-0.2578208633657731,0.0,1.0,0.0,0.2727272727272727,33
rebench,rsrc_no_recovery,"(0.08,0.15]",<=0.5,-0.3298620618912592,-2.480373160070448e-05,1.0,0.006896551724137931,0.6482758620689655,145
rebench,rsrc_no_recovery,>0.15,<=0.5,-0.38219334672972416,-0.0004573194227945438,1.0,0.013333333333333334,0.6866666666666666,300
rebench,se_mpc,<=0,<=0.5,-0.0499285851619134,0.008281620104259464,0.7647058823529411,0.0,0.17647058823529413,17
rebench,se_mpc,"(0,0.03]",<=0.5,-0.2230902102845736,0.0,1.0,0.0,0.3076923076923077,13
rebench,se_mpc,"(0.03,0.08]",<=0.5,-0.2665726825469993,0.0,1.0,0.0,0.34285714285714286,35
rebench,se_mpc,"(0.08,0.15]",<=0.5,-0.34232299772226576,-1.9870341175708536e-05,1.0,0.0055248618784530384,0.6629834254143646,181
rebench,se_mpc,>0.15,<=0.5,-0.38403503002764183,-0.0005401220866913686,1.0,0.015748031496062992,0.6929133858267716,254
rebench,static_aggressive,<=0,<=0.5,-0.1892168967852364,0.0031694823115650662,0.8928571428571429,0.0,0.14285714285714285,56
rebench,static_aggressive,"(0,0.03]",<=0.5,-0.29901975027292166,-1.4524888522481846e-05,1.0,0.03333333333333333,0.26666666666666666,30
rebench,static_aggressive,"(0.03,0.08]",<=0.5,-0.33275571013269734,-0.001558078444853067,1.0,0.024096385542168676,0.2891566265060241,83
rebench,static_aggressive,"(0.08,0.15]",<=0.5,-0.37418597993718666,-0.00023658679515471074,1.0,0.015706806282722512,0.41361256544502617,191
rebench,static_aggressive,>0.15,<=0.5,-0.4136212954638394,-1.819052853296395e-05,1.0,0.007142857142857143,0.6357142857142857,140
rebench,static_conservative,<=0,<=0.5,-0.0568103075491226,0.007680908046518638,0.7647058823529411,0.0,0.29411764705882354,17
rebench,static_conservative,"(0,0.03]",<=0.5,-0.21745862431720134,0.0,1.0,0.0,0.3,10
rebench,static_conservative,"(0.03,0.08]",<=0.5,-0.2789113103740495,0.0,1.0,0.0,0.53125,32
rebench,static_conservative,"(0.08,0.15]",<=0.5,-0.32291018199725113,-1.4667199365221265e-05,1.0,0.007874015748031496,0.6456692913385826,127
rebench,static_conservative,>0.15,<=0.5,-0.3726137134446248,-0.00040991306519564893,1.0,0.012738853503184714,0.8121019108280255,314
smith,adaptive_threshold,<=0,<=0.5,0.0832411373712811,0.06075092941457329,0.43609022556390975,0.09774436090225563,0.12030075187969924,133
smith,adaptive_threshold,<=0,"(0.5,1]",-0.05215960720951828,-0.04497824522584351,0.6666666666666666,0.6666666666666666,0.0,12
smith,adaptive_threshold,"(0,0.03]",<=0.5,-0.19318435532032813,-0.022764420935730507,1.0,0.2857142857142857,0.23809523809523808,21
smith,adaptive_threshold,"(0,0.03]","(0.5,1]",-0.2079147068150504,-0.26205002686430795,1.0,1.0,0.0,4
smith,adaptive_threshold,"(0.03,0.08]",<=0.5,-0.22814579830321116,-0.01615957287550231,1.0,0.2714285714285714,0.4714285714285714,70
smith,adaptive_threshold,"(0.03,0.08]","(0.5,1]",-0.28080378879027923,-0.2467471304864059,1.0,1.0,0.25,4
smith,adaptive_threshold,"(0.08,0.15]",<=0.5,-0.27236990384170384,-0.011438519496267409,1.0,0.2251655629139073,0.5298013245033113,151
smith,adaptive_threshold,"(0.08,0.15]","(0.5,1]",-0.2562323609260248,-0.2448797350651522,1.0,1.0,0.2,5
smith,adaptive_threshold,>0.15,<=0.5,-0.3154169171930185,-0.0038523262542003857,1.0,0.18,0.66,100
smith,always_verify,<=0,<=0.5,0.08722764359774632,0.0626039078595214,0.4351145038167939,0.08396946564885496,0.10687022900763359,131
smith,always_verify,<=0,"(0.5,1]",-0.046327269738137215,-0.042529710876608146,0.6666666666666666,0.6666666666666666,0.0,12
smith,always_verify,"(0,0.03]",<=0.5,-0.19103132482898263,-0.011079252087945503,1.0,0.35,0.15,20
smith,always_verify,"(0,0.03]","(0.5,1]",-0.21686358090819602,-0.2508207547691533,1.0,1.0,0.2,5
smith,always_verify,"(0.03,0.08]",<=0.5,-0.22377443799304525,-0.028555170097133455,1.0,0.373134328358209,0.208955223880597,67
smith,always_verify,"(0.03,0.08]","(0.5,1]",-0.2699601632459032,-0.24384425756070693,1.0,1.0,0.5,4
smith,always_verify,"(0.08,0.15]",<=0.5,-0.25855467470315446,-0.009379793791851207,1.0,0.224,0.216,125
smith,always_verify,"(0.08,0.15]","(0.5,1]",-0.2523505072205192,-0.24750751698633172,1.0,1.0,0.0,4
smith,always_verify,>0.15,<=0.5,-0.29852058012925675,-0.004186977898832738,1.0,0.16666666666666666,0.3333333333333333,132
smith,always_verify_throttle,<=0,<=0.5,0.08695448109658416,0.06255671003842957,0.4351145038167939,0.08396946564885496,0.11450381679389313,131
smith,always_verify_throttle,<=0,"(0.5,1]",-0.04633650282788384,-0.04254287345451665,0.6666666666666666,0.6666666666666666,0.0,12
smith,always_verify_throttle,"(0,0.03]",<=0.5,-0.19128288848157124,-0.011060289981377487,1.0,0.35,0.15,20
smith,always_verify_throttle,"(0,0.03]","(0.5,1]",-0.216875480681904,-0.25081642582074987,1.0,1.0,0.2,5
smith,always_verify_throttle,"(0.03,0.08]",<=0.5,-0.22095508664788507,-0.028928033357834105,1.0,0.3787878787878788,0.19696969696969696,66
smith,always_verify_throttle,"(0.03,0.08]","(0.5,1]",-0.26996041261444575,-0.24384414123817477,1.0,1.0,0.5,4
smith,always_verify_throttle,"(0.08,0.15]",<=0.5,-0.25608187471607197,-0.009595754452147819,1.0,0.22131147540983606,0.21311475409836064,122
smith,always_verify_throttle,"(0.08,0.15]","(0.5,1]",-0.25235576891269734,-0.2475008308742126,1.0,1.0,0.0,4
smith,always_verify_throttle,>0.15,<=0.5,-0.2977722338928923,-0.004066084304429568,1.0,0.16911764705882354,0.375,136
smith,camc_rsrc_anchor,<=0,<=0.5,0.08675713453812398,0.06276023899585004,0.4318181818181818,0.08333333333333333,0.11363636363636363,132
smith,camc_rsrc_anchor,<=0,"(0.5,1]",-0.06063851464437208,-0.06894987705080835,0.6923076923076923,0.6923076923076923,0.0,13
smith,camc_rsrc_anchor,"(0,0.03]",<=0.5,-0.19616883347237432,-0.016919988926729662,1.0,0.3333333333333333,0.23809523809523808,21
smith,camc_rsrc_anchor,"(0,0.03]","(0.5,1]",-0.20143532351631893,-0.20185736824908992,1.0,1.0,0.25,4
smith,camc_rsrc_anchor,"(0.03,0.08]",<=0.5,-0.22326841627944513,-0.027200899546159583,1.0,0.36231884057971014,0.2463768115942029,69
smith,camc_rsrc_anchor,"(0.03,0.08]","(0.5,1]",-0.2741382023460635,-0.26657440811012856,1.0,1.0,0.4,5
smith,camc_rsrc_anchor,"(0.08,0.15]",<=0.5,-0.2629314980405319,-0.00856827928831461,1.0,0.21052631578947367,0.3383458646616541,133
smith,camc_rsrc_anchor,"(0.08,0.15]","(0.5,1]",-0.23981584219377652,-0.2315390227599299,1.0,1.0,0.0,3
smith,camc_rsrc_anchor,>0.15,<=0.5,-0.30301688747601335,-0.004742749516831158,1.0,0.19166666666666668,0.43333333333333335,120
smith,camc_sempc_candidate,<=0,<=0.5,0.08675713453812398,0.06276023899585004,0.4318181818181818,0.08333333333333333,0.11363636363636363,132
smith,camc_sempc_candidate,<=0,"(0.5,1]",-0.06063851464437208,-0.06894987705080835,0.6923076923076923,0.6923076923076923,0.0,13
smith,camc_sempc_candidate,"(0,0.03]",<=0.5,-0.19616883347237432,-0.016919988926729662,1.0,0.3333333333333333,0.23809523809523808,21
smith,camc_sempc_candidate,"(0,0.03]","(0.5,1]",-0.20143532351631893,-0.20185736824908992,1.0,1.0,0.25,4
smith,camc_sempc_candidate,"(0.03,0.08]",<=0.5,-0.22326841627944513,-0.027200899546159583,1.0,0.36231884057971014,0.2463768115942029,69
smith,camc_sempc_candidate,"(0.03,0.08]","(0.5,1]",-0.2741382023460635,-0.26657440811012856,1.0,1.0,0.4,5
smith,camc_sempc_candidate,"(0.08,0.15]",<=0.5,-0.2629314980405319,-0.00856827928831461,1.0,0.21052631578947367,0.3383458646616541,133
smith,camc_sempc_candidate,"(0.08,0.15]","(0.5,1]",-0.23981584219377652,-0.2315390227599299,1.0,1.0,0.0,3
smith,camc_sempc_candidate,>0.15,<=0.5,-0.30301688747601335,-0.004742749516831158,1.0,0.19166666666666668,0.43333333333333335,120
smith,camc_static_anchor,<=0,<=0.5,0.08785307975879007,0.0629105315633646,0.4351145038167939,0.08396946564885496,0.11450381679389313,131
smith,camc_static_anchor,<=0,"(0.5,1]",-0.0446987313210209,-0.039749523538744454,0.75,0.75,0.0,12
smith,camc_static_anchor,"(0,0.03]",<=0.5,-0.19653209499441857,-0.017761396331480172,1.0,0.4,0.2,20
smith,camc_static_anchor,"(0,0.03]","(0.5,1]",-0.21543090220407451,-0.2506589980668283,1.0,1.0,0.2,5
smith,camc_static_anchor,"(0.03,0.08]",<=0.5,-0.22096822738957575,-0.02621981332894996,1.0,0.35714285714285715,0.24285714285714285,70
smith,camc_static_anchor,"(0.03,0.08]","(0.5,1]",-0.27413042193107395,-0.2626734729333297,1.0,1.0,0.4,5
smith,camc_static_anchor,"(0.08,0.15]",<=0.5,-0.2513060801286284,-0.009883530670757609,1.0,0.22608695652173913,0.22608695652173913,115
smith,camc_static_anchor,"(0.08,0.15]","(0.5,1]",-0.23981460593599657,-0.23153905454523757,1.0,1.0,0.0,3
smith,camc_static_anchor,>0.15,<=0.5,-0.300502398572214,-0.00405634473015921,1.0,0.17266187050359713,0.49640287769784175,139
smith,greedy_myopic,<=0,<=0.5,0.0018507559567691465,0.042076402854450135,0.5885416666666666,0.16666666666666666,0.08333333333333333,192
smith,greedy_myopic,<=0,"(0.5,1]",-0.14186946405618808,-0.14072864904358187,0.8260869565217391,0.8260869565217391,0.0,23
smith,greedy_myopic,<=0,"(1,2]",-0.28774967670277385,-0.5171027839042251,1.0,1.0,0.0,1
smith,greedy_myopic,"(0,0.03]",<=0.5,-0.2386134051165339,-0.01652357861017919,1.0,0.275,0.15,40
smith,greedy_myopic,"(0,0.03]","(0.5,1]",-0.2708216055509767,-0.24302469030955998,1.0,1.0,0.0,4
smith,greedy_myopic,"(0.03,0.08]",<=0.5,-0.26695119316388227,-0.010453360057685832,1.0,0.23684210526315788,0.17105263157894737,76
smith,greedy_myopic,"(0.03,0.08]","(0.5,1]",-0.28349017157668893,-0.2225180309331951,1.0,1.0,0.0,1
smith,greedy_myopic,"(0.08,0.15]",<=0.5,-0.3058113416956216,-0.007662510368771875,1.0,0.17355371900826447,0.2892561983471074,121
smith,greedy_myopic,>0.15,<=0.5,-0.34604082489905896,-0.0013707219834125928,1.0,0.16666666666666666,0.40476190476190477,42
smith,headroom_only,<=0,<=0.5,0.09685423543904019,0.06515210351406658,0.4094488188976378,0.07874015748031496,0.10236220472440945,127
smith,headroom_only,<=0,"(0.5,1]",-0.04442080733041032,-0.039305735129860735,0.6666666666666666,0.6666666666666666,0.0,12
smith,headroom_only,"(0,0.03]",<=0.5,-0.18259717399394043,-0.012158846169575733,1.0,0.38461538461538464,0.23076923076923078,13
smith,headroom_only,"(0,0.03]","(0.5,1]",-0.22680544940257769,-0.27225125606140776,1.0,1.0,0.25,4
smith,headroom_only,"(0.03,0.08]",<=0.5,-0.211532585491952,-0.025346167551926743,1.0,0.3387096774193548,0.22580645161290322,62
smith,headroom_only,"(0.03,0.08]","(0.5,1]",-0.25867946769032585,-0.2547542778603888,1.0,1.0,0.5,4
smith,headroom_only,"(0.08,0.15]",<=0.5,-0.2550212818340602,-0.012107023437008023,1.0,0.23846153846153847,0.23846153846153847,130
smith,headroom_only,"(0.08,0.15]","(0.5,1]",-0.2443774707779402,-0.23071624429263632,1.0,1.0,0.0,5
smith,headroom_only,>0.15,<=0.5,-0.2994780072874487,-0.004370608560372892,1.0,0.1958041958041958,0.38461538461538464,143
smith,maxweight_backlog,<=0,<=0.5,0.08847744862506002,0.0630272279217511,0.42748091603053434,0.08396946564885496,0.10687022900763359,131
smith,maxweight_backlog,<=0,"(0.5,1]",-0.04445465600848949,-0.03934564556768846,0.6666666666666666,0.6666666666666666,0.0,12
smith,maxweight_backlog,"(0,0.03]",<=0.5,-0.19611051542587046,-0.01778434781653461,1.0,0.4,0.15,20
smith,maxweight_backlog,"(0,0.03]","(0.5,1]",-0.21499806148870465,-0.2505180398975215,1.0,1.0,0.2,5
smith,maxweight_backlog,"(0.03,0.08]",<=0.5,-0.22035065973356016,-0.026376647997684684,1.0,0.35714285714285715,0.22857142857142856,70
smith,maxweight_backlog,"(0.03,0.08]","(0.5,1]",-0.2739203120257688,-0.26286223312538326,1.0,1.0,0.4,5
smith,maxweight_backlog,"(0.08,0.15]",<=0.5,-0.259235613033773,-0.009114244302175258,1.0,0.216,0.232,125
smith,maxweight_backlog,"(0.08,0.15]","(0.5,1]",-0.23981309098849715,-0.2315398690019567,1.0,1.0,0.0,3
smith,maxweight_backlog,>0.15,<=0.5,-0.30219871817079785,-0.0044102966103182805,1.0,0.18604651162790697,0.43410852713178294,129
smith,minimal_verify,<=0,<=0.5,-0.008369811299717894,0.03862201224881431,0.6363636363636364,0.3333333333333333,0.06060606060606061,33
smith,minimal_verify,<=0,"(0.5,1]",0.25303280473537,0.5558565831998961,0.5,0.5,0.0,4
smith,minimal_verify,<=0,"(1,2]",0.24735744328635323,0.8110117136127828,0.0,0.0,0.0,6
smith,minimal_verify,<=0,"(2,4]",0.11419717035169426,0.7021276342310636,0.027777777777777776,0.027777777777777776,0.0,36
smith,minimal_verify,<=0,>4,0.27409975080624416,17.96710893166855,0.0,0.0,0.0,418
smith,minimal_verify,"(0.03,0.08]",<=0.5,-0.3741152847308364,0.0,1.0,0.0,0.0,1
smith,minimal_verify,"(0.08,0.15]",<=0.5,-0.4833204896783828,0.0,1.0,0.0,1.0,2
smith,oracle_src,<=0,<=0.5,0.1505126851980392,0.07787399656033452,0.2897196261682243,0.056074766355140186,0.06542056074766354,107
smith,oracle_src,<=0,"(0.5,1]",0.13124429279264382,0.19495498860672864,0.2,0.2,0.0,5
smith,oracle_src,"(0,0.03]",<=0.5,-0.12958408367214433,-0.01658806978593636,1.0,0.3333333333333333,0.3333333333333333,3
smith,oracle_src,"(0,0.03]","(0.5,1]",-0.1260515783897017,-0.1421065028017147,1.0,1.0,0.0,3
smith,oracle_src,"(0.03,0.08]",<=0.5,-0.13879403026481238,-0.006200976872795447,1.0,0.2,0.3333333333333333,15
smith,oracle_src,"(0.03,0.08]","(0.5,1]",-0.20117162201876793,-0.20178585628871756,1.0,1.0,0.0,1
smith,oracle_src,"(0.08,0.15]",<=0.5,-0.2058987988187612,-0.013944749560689721,1.0,0.25,0.4605263157894737,76
smith,oracle_src,"(0.08,0.15]","(0.5,1]",-0.21993174301362808,-0.2872064764287532,1.0,1.0,0.0,6
smith,oracle_src,>0.15,<=0.5,-0.28792070159157207,-0.010786158369302102,1.0,0.22545454545454546,0.4581818181818182,275
smith,oracle_src,>0.15,"(0.5,1]",-0.2667485416346691,-0.24994506637435837,1.0,1.0,0.3333333333333333,9
smith,pareto_camc_rsrc_anchor,<=0,<=0.5,0.08778933708600974,0.06292040752668003,0.4351145038167939,0.08396946564885496,0.10687022900763359,131
smith,pareto_camc_rsrc_anchor,<=0,"(0.5,1]",-0.0446840418793705,-0.0397327799296682,0.75,0.75,0.0,12
smith,pareto_camc_rsrc_anchor,"(0,0.03]",<=0.5,-0.1965320943766924,-0.017761397358621832,1.0,0.4,0.2,20
smith,pareto_camc_rsrc_anchor,"(0,0.03]","(0.5,1]",-0.21540454529281847,-0.2506534368644534,1.0,1.0,0.2,5
smith,pareto_camc_rsrc_anchor,"(0.03,0.08]",<=0.5,-0.22089772373222313,-0.026221217473220117,1.0,0.35714285714285715,0.22857142857142856,70
smith,pareto_camc_rsrc_anchor,"(0.03,0.08]","(0.5,1]",-0.27413042049273617,-0.26267348152595227,1.0,1.0,0.4,5
smith,pareto_camc_rsrc_anchor,"(0.08,0.15]",<=0.5,-0.25098033129641545,-0.009798327820155512,1.0,0.22413793103448276,0.22413793103448276,116
smith,pareto_camc_rsrc_anchor,"(0.08,0.15]","(0.5,1]",-0.23981460040577263,-0.23153905886476836,1.0,1.0,0.0,3
smith,pareto_camc_rsrc_anchor,>0.15,<=0.5,-0.30109078579741,-0.004087141623917697,1.0,0.17391304347826086,0.4855072463768116,138
smith,pareto_camc_sempc_candidate,<=0,<=0.5,0.08778933708600974,0.06292040752668003,0.4351145038167939,0.08396946564885496,0.10687022900763359,131
smith,pareto_camc_sempc_candidate,<=0,"(0.5,1]",-0.0446840418793705,-0.0397327799296682,0.75,0.75,0.0,12
smith,pareto_camc_sempc_candidate,"(0,0.03]",<=0.5,-0.1965320943766924,-0.017761397358621832,1.0,0.4,0.2,20
smith,pareto_camc_sempc_candidate,"(0,0.03]","(0.5,1]",-0.21540454529281847,-0.2506534368644534,1.0,1.0,0.2,5
smith,pareto_camc_sempc_candidate,"(0.03,0.08]",<=0.5,-0.22089772373222313,-0.026221217473220117,1.0,0.35714285714285715,0.22857142857142856,70
smith,pareto_camc_sempc_candidate,"(0.03,0.08]","(0.5,1]",-0.27413042049273617,-0.26267348152595227,1.0,1.0,0.4,5
smith,pareto_camc_sempc_candidate,"(0.08,0.15]",<=0.5,-0.25098033129641545,-0.009798327820155512,1.0,0.22413793103448276,0.22413793103448276,116
smith,pareto_camc_sempc_candidate,"(0.08,0.15]","(0.5,1]",-0.23981460040577263,-0.23153905886476836,1.0,1.0,0.0,3
smith,pareto_camc_sempc_candidate,>0.15,<=0.5,-0.30109078579741,-0.004087141623917697,1.0,0.17391304347826086,0.4855072463768116,138
smith,pareto_camc_static_anchor,<=0,<=0.5,0.08785307975879007,0.0629105315633646,0.4351145038167939,0.08396946564885496,0.11450381679389313,131
smith,pareto_camc_static_anchor,<=0,"(0.5,1]",-0.0446987313210209,-0.039749523538744454,0.75,0.75,0.0,12
smith,pareto_camc_static_anchor,"(0,0.03]",<=0.5,-0.19653209499441857,-0.017761396331480172,1.0,0.4,0.2,20
smith,pareto_camc_static_anchor,"(0,0.03]","(0.5,1]",-0.21543090220407451,-0.2506589980668283,1.0,1.0,0.2,5
smith,pareto_camc_static_anchor,"(0.03,0.08]",<=0.5,-0.22096822738957575,-0.02621981332894996,1.0,0.35714285714285715,0.24285714285714285,70
smith,pareto_camc_static_anchor,"(0.03,0.08]","(0.5,1]",-0.27413042193107395,-0.2626734729333297,1.0,1.0,0.4,5
smith,pareto_camc_static_anchor,"(0.08,0.15]",<=0.5,-0.2513060801286284,-0.009883530670757609,1.0,0.22608695652173913,0.22608695652173913,115
smith,pareto_camc_static_anchor,"(0.08,0.15]","(0.5,1]",-0.23981460593599657,-0.23153905454523757,1.0,1.0,0.0,3
smith,pareto_camc_static_anchor,>0.15,<=0.5,-0.300502398572214,-0.00405634473015921,1.0,0.17266187050359713,0.49640287769784175,139
smith,plain_mpc,<=0,<=0.5,-0.030548341939317734,0.033922587155314834,0.6624472573839663,0.16877637130801687,0.27848101265822783,237
smith,plain_mpc,<=0,"(0.5,1]",-0.10296194035624537,-0.10534303656341851,0.8181818181818182,0.8181818181818182,0.09090909090909091,33
smith,plain_mpc,<=0,"(1,2]",-0.21069044973565276,-0.40136054506090213,1.0,1.0,0.0,1
smith,plain_mpc,"(0,0.03]",<=0.5,-0.2317449134060134,-0.016300418614885823,1.0,0.25773195876288657,0.4329896907216495,97
smith,plain_mpc,"(0,0.03]","(0.5,1]",-0.2582196772041162,-0.2454504509302231,1.0,1.0,0.5,4
smith,plain_mpc,"(0.03,0.08]",<=0.5,-0.28956774247726436,-0.013342629109466661,1.0,0.265625,0.515625,64
smith,plain_mpc,"(0.08,0.15]",<=0.5,-0.33119690559389187,-0.0014689257709880146,1.0,0.16071428571428573,0.8214285714285714,56
smith,plain_mpc,>0.15,<=0.5,-0.38105733389314045,-0.0005202708119119422,1.0,0.125,1.0,8
smith,rsrc,<=0,<=0.5,0.08866826824263124,0.06305383212815095,0.42748091603053434,0.08396946564885496,0.10687022900763359,131
smith,rsrc,<=0,"(0.5,1]",-0.04446518524333237,-0.03935609703192761,0.6666666666666666,0.6666666666666666,0.0,12
smith,rsrc,"(0,0.03]",<=0.5,-0.19593321147623755,-0.017796291487613133,1.0,0.4,0.15,20
smith,rsrc,"(0,0.03]","(0.5,1]",-0.215019278809177,-0.2505259167946282,1.0,1.0,0.2,5
smith,rsrc,"(0.03,0.08]",<=0.5,-0.22290154033493279,-0.0256757038953058,1.0,0.3472222222222222,0.25,72
smith,rsrc,"(0.03,0.08]","(0.5,1]",-0.27392882930233997,-0.2628714065626886,1.0,1.0,0.4,5
smith,rsrc,"(0.08,0.15]",<=0.5,-0.26009135093230973,-0.00912616331510939,1.0,0.224,0.232,125
smith,rsrc,"(0.08,0.15]","(0.5,1]",-0.23981343488441395,-0.23153960071675014,1.0,1.0,0.0,3
smith,rsrc,>0.15,<=0.5,-0.3023571516528593,-0.00447416541102346,1.0,0.18110236220472442,0.41732283464566927,127
smith,rsrc_no_context,<=0,<=0.5,0.08866826824263124,0.06305383212815095,0.42748091603053434,0.08396946564885496,0.10687022900763359,131
smith,rsrc_no_context,<=0,"(0.5,1]",-0.04446518524333237,-0.03935609703192761,0.6666666666666666,0.6666666666666666,0.0,12
smith,rsrc_no_context,"(0,0.03]",<=0.5,-0.19593321147623755,-0.017796291487613133,1.0,0.4,0.15,20
smith,rsrc_no_context,"(0,0.03]","(0.5,1]",-0.215019278809177,-0.2505259167946282,1.0,1.0,0.2,5
smith,rsrc_no_context,"(0.03,0.08]",<=0.5,-0.22290154033493279,-0.0256757038953058,1.0,0.3472222222222222,0.25,72
smith,rsrc_no_context,"(0.03,0.08]","(0.5,1]",-0.27392882930233997,-0.2628714065626886,1.0,1.0,0.4,5
smith,rsrc_no_context,"(0.08,0.15]",<=0.5,-0.26009135093230973,-0.00912616331510939,1.0,0.224,0.232,125
smith,rsrc_no_context,"(0.08,0.15]","(0.5,1]",-0.23981343488441395,-0.23153960071675014,1.0,1.0,0.0,3
smith,rsrc_no_context,>0.15,<=0.5,-0.3023571516528593,-0.00447416541102346,1.0,0.18110236220472442,0.41732283464566927,127
smith,rsrc_no_recovery,<=0,<=0.5,0.09685423543904019,0.06515210351406658,0.4094488188976378,0.07874015748031496,0.10236220472440945,127
smith,rsrc_no_recovery,<=0,"(0.5,1]",-0.04442080733041032,-0.039305735129860735,0.6666666666666666,0.6666666666666666,0.0,12
smith,rsrc_no_recovery,"(0,0.03]",<=0.5,-0.18259717399394043,-0.012158846169575733,1.0,0.38461538461538464,0.23076923076923078,13
smith,rsrc_no_recovery,"(0,0.03]","(0.5,1]",-0.22680544940257769,-0.27225125606140776,1.0,1.0,0.25,4
smith,rsrc_no_recovery,"(0.03,0.08]",<=0.5,-0.211532585491952,-0.025346167551926743,1.0,0.3387096774193548,0.22580645161290322,62
smith,rsrc_no_recovery,"(0.03,0.08]","(0.5,1]",-0.25867946769032585,-0.2547542778603888,1.0,1.0,0.5,4
smith,rsrc_no_recovery,"(0.08,0.15]",<=0.5,-0.2550212818340602,-0.012107023437008023,1.0,0.23846153846153847,0.23846153846153847,130
smith,rsrc_no_recovery,"(0.08,0.15]","(0.5,1]",-0.2443774707779402,-0.23071624429263632,1.0,1.0,0.0,5
smith,rsrc_no_recovery,>0.15,<=0.5,-0.2994780072874487,-0.004370608560372892,1.0,0.1958041958041958,0.38461538461538464,143
smith,se_mpc,<=0,<=0.5,0.08866826824263124,0.06305383212815095,0.42748091603053434,0.08396946564885496,0.10687022900763359,131
smith,se_mpc,<=0,"(0.5,1]",-0.04446518524333237,-0.03935609703192761,0.6666666666666666,0.6666666666666666,0.0,12
smith,se_mpc,"(0,0.03]",<=0.5,-0.19593321147623755,-0.017796291487613133,1.0,0.4,0.15,20
smith,se_mpc,"(0,0.03]","(0.5,1]",-0.215019278809177,-0.2505259167946282,1.0,1.0,0.2,5
smith,se_mpc,"(0.03,0.08]",<=0.5,-0.22290154033493279,-0.0256757038953058,1.0,0.3472222222222222,0.25,72
smith,se_mpc,"(0.03,0.08]","(0.5,1]",-0.27392882930233997,-0.2628714065626886,1.0,1.0,0.4,5
smith,se_mpc,"(0.08,0.15]",<=0.5,-0.26009135093230973,-0.00912616331510939,1.0,0.224,0.232,125
smith,se_mpc,"(0.08,0.15]","(0.5,1]",-0.23981343488441395,-0.23153960071675014,1.0,1.0,0.0,3
smith,se_mpc,>0.15,<=0.5,-0.3023571516528593,-0.00447416541102346,1.0,0.18110236220472442,0.41732283464566927,127
smith,static_aggressive,<=0,<=0.5,-0.0027131042137786845,0.04129859097471969,0.605,0.185,0.055,200
smith,static_aggressive,<=0,"(0.5,1]",-0.1546551824424006,-0.16096469370155364,0.8518518518518519,0.8518518518518519,0.0,27
smith,static_aggressive,<=0,"(1,2]",-0.2666547026640073,-0.5000800364221171,1.0,1.0,0.0,1
smith,static_aggressive,"(0,0.03]",<=0.5,-0.24854625027113036,-0.006361718797372567,1.0,0.2702702702702703,0.10810810810810811,37
smith,static_aggressive,"(0,0.03]","(0.5,1]",-0.25680732467817424,-0.23708551091848762,1.0,1.0,0.0,2
smith,static_aggressive,"(0.03,0.08]",<=0.5,-0.2727073897043458,-0.014823386019485242,1.0,0.19718309859154928,0.09859154929577464,71
smith,static_aggressive,"(0.08,0.15]",<=0.5,-0.30281175664756443,-0.006581785278512357,1.0,0.19090909090909092,0.12727272727272726,110
smith,static_aggressive,>0.15,<=0.5,-0.34232464605617563,-0.0027880494322438136,1.0,0.15384615384615385,0.2692307692307692,52
smith,static_conservative,<=0,<=0.5,0.08785307975879007,0.0629105315633646,0.4351145038167939,0.08396946564885496,0.11450381679389313,131
smith,static_conservative,<=0,"(0.5,1]",-0.0446987313210209,-0.039749523538744454,0.75,0.75,0.0,12
smith,static_conservative,"(0,0.03]",<=0.5,-0.19653209499441857,-0.017761396331480172,1.0,0.4,0.2,20
smith,static_conservative,"(0,0.03]","(0.5,1]",-0.21543090220407451,-0.2506589980668283,1.0,1.0,0.2,5
smith,static_conservative,"(0.03,0.08]",<=0.5,-0.22096822738957575,-0.02621981332894996,1.0,0.35714285714285715,0.24285714285714285,70
smith,static_conservative,"(0.03,0.08]","(0.5,1]",-0.27413042193107395,-0.2626734729333297,1.0,1.0,0.4,5
smith,static_conservative,"(0.08,0.15]",<=0.5,-0.2513060801286284,-0.009883530670757609,1.0,0.22608695652173913,0.22608695652173913,115
smith,static_conservative,"(0.08,0.15]","(0.5,1]",-0.23981460593599657,-0.23153905454523757,1.0,1.0,0.0,3
smith,static_conservative,>0.15,<=0.5,-0.300502398572214,-0.00405634473015921,1.0,0.17266187050359713,0.49640287769784175,139
test,adaptive_threshold,<=0,<=0.5,-0.157403573795698,0.007511383722903989,0.9411764705882353,0.0,0.47058823529411764,34
test,adaptive_threshold,"(0,0.03]",<=0.5,-0.2622043698867511,0.0,1.0,0.0,0.6060606060606061,33
test,adaptive_threshold,"(0,0.03]","(0.5,1]",-0.36224083467540846,-0.2337230003911375,1.0,1.0,1.0,1
test,adaptive_threshold,"(0.03,0.08]",<=0.5,-0.29458038301779915,0.0,1.0,0.0,0.7472527472527473,91
test,adaptive_threshold,"(0.08,0.15]",<=0.5,-0.34963483077245733,-9.140947758480233e-05,1.0,0.008438818565400843,0.8227848101265823,237
test,adaptive_threshold,>0.15,<=0.5,-0.41098757868036195,0.0,1.0,0.0,0.8942307692307693,104
test,always_verify,<=0,<=0.5,-0.12849839124695134,0.013968006267980341,0.8888888888888888,0.0,0.1111111111111111,18
test,always_verify,"(0,0.03]",<=0.5,-0.2202112918065239,0.0,1.0,0.0,0.25,4
test,always_verify,"(0,0.03]","(0.5,1]",-0.3361485506043062,-0.22353970559823338,1.0,1.0,0.0,1
test,always_verify,"(0.03,0.08]",<=0.5,-0.3020721749023338,0.0,1.0,0.0,0.24,25
test,always_verify,"(0.08,0.15]",<=0.5,-0.34612450814519613,-5.7306657945976345e-06,1.0,0.006756756756756757,0.31756756756756754,148
test,always_verify,>0.15,<=0.5,-0.38314888133793434,-8.893509436780356e-05,1.0,0.003289473684210526,0.40789473684210525,304
test,always_verify_throttle,<=0,<=0.5,-0.11953614961062074,0.014789309630722235,0.8823529411764706,0.0,0.17647058823529413,17
test,always_verify_throttle,"(0,0.03]",<=0.5,-0.23619286679512488,0.0,1.0,0.0,0.4,5
test,always_verify_throttle,"(0,0.03]","(0.5,1]",-0.3361518598827326,-0.22353783958444068,1.0,1.0,0.0,1
test,always_verify_throttle,"(0.03,0.08]",<=0.5,-0.3034980125466023,0.0,1.0,0.0,0.20833333333333334,24
test,always_verify_throttle,"(0.08,0.15]",<=0.5,-0.33877441091977245,-6.004884605354921e-06,1.0,0.0070921985815602835,0.3120567375886525,141
test,always_verify_throttle,>0.15,<=0.5,-0.38072994243141656,-8.664658784769948e-05,1.0,0.003205128205128205,0.47435897435897434,312
test,camc_rsrc_anchor,<=0,<=0.5,-0.1323005444554527,0.013064501909131934,0.8947368421052632,0.0,0.3157894736842105,19
test,camc_rsrc_anchor,"(0,0.03]",<=0.5,-0.24411299508792197,-0.037028326186173334,1.0,0.16666666666666666,0.3333333333333333,6
test,camc_rsrc_anchor,"(0.03,0.08]",<=0.5,-0.3049963377804119,0.0,1.0,0.0,0.4,35
test,camc_rsrc_anchor,"(0.08,0.15]",<=0.5,-0.35738889943154256,-4.110970102082964e-06,1.0,0.004975124378109453,0.5522388059701493,201
test,camc_rsrc_anchor,>0.15,<=0.5,-0.40423239943549744,-0.0001055618165939249,1.0,0.0041841004184100415,0.6861924686192469,239
test,camc_sempc_candidate,<=0,<=0.5,-0.13598381122250816,0.011286795202077917,0.9090909090909091,0.0,0.3181818181818182,22
test,camc_sempc_candidate,"(0,0.03]",<=0.5,-0.27346407626878333,-0.027775582043787297,1.0,0.125,0.375,8
test,camc_sempc_candidate,"(0.03,0.08]",<=0.5,-0.3029040224182464,0.0,1.0,0.0,0.43478260869565216,46
test,camc_sempc_candidate,"(0.08,0.15]",<=0.5,-0.35499679697821623,-3.6955085894105896e-06,1.0,0.0044444444444444444,0.6533333333333333,225
test,camc_sempc_candidate,>0.15,<=0.5,-0.40763701990458723,-0.00012700175207436393,1.0,0.005025125628140704,0.678391959798995,199
test,camc_static_anchor,<=0,<=0.5,-0.13579494833539593,0.013061692620223733,0.8947368421052632,0.0,0.42105263157894735,19
test,camc_static_anchor,"(0,0.03]",<=0.5,-0.2472019436199471,-0.0370246039446633,1.0,0.16666666666666666,0.3333333333333333,6
test,camc_static_anchor,"(0.03,0.08]",<=0.5,-0.31169895486896143,0.0,1.0,0.0,0.39285714285714285,28
test,camc_static_anchor,"(0.08,0.15]",<=0.5,-0.3419206649582156,-5.454650061671168e-06,1.0,0.006622516556291391,0.5033112582781457,151
test,camc_static_anchor,>0.15,<=0.5,-0.39275654752704225,-8.513812147621206e-05,1.0,0.0033783783783783786,0.7736486486486487,296
test,greedy_myopic,<=0,<=0.5,-0.24907369572274615,0.0032212571448010873,0.967391304347826,0.0,0.30434782608695654,92
test,greedy_myopic,<=0,"(0.5,1]",-0.3778205232905312,-0.2679859437164101,1.0,1.0,1.0,1
test,greedy_myopic,"(0,0.03]",<=0.5,-0.32062193810434575,0.0,1.0,0.0,0.27692307692307694,65
test,greedy_myopic,"(0.03,0.08]",<=0.5,-0.34314646924953307,-7.508311580337275e-06,1.0,0.016666666666666666,0.375,120
test,greedy_myopic,"(0.08,0.15]",<=0.5,-0.38810946039063077,-0.00018435380010502976,1.0,0.006711409395973154,0.5973154362416108,149
test,greedy_myopic,>0.15,<=0.5,-0.448658798985061,0.0,1.0,0.0,0.8493150684931506,73
test,headroom_only,<=0,<=0.5,-0.12160545452478187,0.014608310211562317,0.8823529411764706,0.0,0.29411764705882354,17
test,headroom_only,"(0,0.03]",<=0.5,-0.27564107806120347,-0.05555519522204308,1.0,0.25,0.0,4
test,headroom_only,"(0.03,0.08]",<=0.5,-0.2940664276949651,0.0,1.0,0.0,0.3333333333333333,18
test,headroom_only,"(0.08,0.15]",<=0.5,-0.34943633807710006,-4.9789200147554745e-06,1.0,0.006024096385542169,0.5,166
test,headroom_only,>0.15,<=0.5,-0.4007459681167816,-8.574234571504293e-05,1.0,0.003389830508474576,0.6745762711864407,295
test,maxweight_backlog,<=0,<=0.5,-0.13328701505818172,0.013064449391258027,0.8947368421052632,0.0,0.3157894736842105,19
test,maxweight_backlog,"(0,0.03]",<=0.5,-0.24495141662319708,-0.037028278751080536,1.0,0.16666666666666666,0.3333333333333333,6
test,maxweight_backlog,"(0.03,0.08]",<=0.5,-0.30916666946349086,0.0,1.0,0.0,0.3448275862068966,29
test,maxweight_backlog,"(0.08,0.15]",<=0.5,-0.3494739658940054,-4.464614834088651e-06,1.0,0.005405405405405406,0.5405405405405406,185
test,maxweight_backlog,>0.15,<=0.5,-0.4021658885198363,-9.66624987858732e-05,1.0,0.0038314176245210726,0.7318007662835249,261
test,minimal_verify,<=0,<=0.5,-0.0749340737843458,0.000585505621891195,0.9368635437881874,0.12016293279022404,0.0,491
test,minimal_verify,<=0,"(0.5,1]",-0.08057932703600701,-0.09582775344952559,1.0,1.0,0.0,3
test,minimal_verify,"(0,0.03]",<=0.5,-0.40240541662422513,0.0,1.0,0.0,0.0,1
test,minimal_verify,"(0.03,0.08]",<=0.5,-0.43865240858732374,0.0,1.0,0.0,0.6666666666666666,3
test,minimal_verify,>0.15,<=0.5,-0.5695103150558714,0.0,1.0,0.0,1.0,2
test,oracle_src,<=0,<=0.5,-0.019806557395584377,0.020811777212356195,0.8125,0.0,0.125,16
test,oracle_src,"(0,0.03]",<=0.5,-0.14559755792870377,0.0,1.0,0.0,0.25,4
test,oracle_src,"(0.03,0.08]",<=0.5,-0.19954270040572256,0.0,1.0,0.0,0.3,30
test,oracle_src,"(0.03,0.08]","(0.5,1]",-0.30240443928806565,-0.2563420818240367,1.0,1.0,1.0,1
test,oracle_src,"(0.08,0.15]",<=0.5,-0.26089335947564574,0.0,1.0,0.0,0.5094339622641509,159
test,oracle_src,>0.15,<=0.5,-0.34362983922785534,-0.00026429777094366354,1.0,0.010344827586206896,0.7103448275862069,290
test,pareto_camc_rsrc_anchor,<=0,<=0.5,-0.13235647231478062,0.013064501909131934,0.8947368421052632,0.0,0.3157894736842105,19
test,pareto_camc_rsrc_anchor,"(0,0.03]",<=0.5,-0.24411299508801607,-0.037028326186173334,1.0,0.16666666666666666,0.3333333333333333,6
test,pareto_camc_rsrc_anchor,"(0.03,0.08]",<=0.5,-0.3085807035354014,0.0,1.0,0.0,0.36666666666666664,30
test,pareto_camc_rsrc_anchor,"(0.08,0.15]",<=0.5,-0.35704105925128127,-4.173257527872099e-06,1.0,0.005050505050505051,0.5454545454545454,198
test,pareto_camc_rsrc_anchor,>0.15,<=0.5,-0.40296024736713437,-0.00010214281038845365,1.0,0.004048582995951417,0.6882591093117408,247
test,pareto_camc_sempc_candidate,<=0,<=0.5,-0.13548088336905262,0.013061692620223733,0.8947368421052632,0.0,0.3157894736842105,19
test,pareto_camc_sempc_candidate,"(0,0.03]",<=0.5,-0.24493491002656334,-0.04442952473359596,1.0,0.2,0.0,5
test,pareto_camc_sempc_candidate,"(0.03,0.08]",<=0.5,-0.30927100748001995,0.0,1.0,0.0,0.3793103448275862,29
test,pareto_camc_sempc_candidate,"(0.08,0.15]",<=0.5,-0.342105738922844,-5.6414531459749754e-06,1.0,0.00684931506849315,0.4657534246575342,146
test,pareto_camc_sempc_candidate,>0.15,<=0.5,-0.3926372073708982,-8.372386696664043e-05,1.0,0.0033222591362126247,0.7242524916943521,301
test,pareto_camc_static_anchor,<=0,<=0.5,-0.13619662070230115,0.013061692620223733,0.8947368421052632,0.0,0.42105263157894735,19
test,pareto_camc_static_anchor,"(0,0.03]",<=0.5,-0.2472736068257991,-0.0370246039446633,1.0,0.16666666666666666,0.3333333333333333,6
test,pareto_camc_static_anchor,"(0.03,0.08]",<=0.5,-0.3117501657883208,0.0,1.0,0.0,0.39285714285714285,28
test,pareto_camc_static_anchor,"(0.08,0.15]",<=0.5,-0.34144231311145573,-5.491014395415643e-06,1.0,0.006666666666666667,0.5066666666666667,150
test,pareto_camc_static_anchor,>0.15,<=0.5,-0.3896548191277346,-8.485146113454131e-05,1.0,0.003367003367003367,0.7946127946127947,297
test,plain_mpc,<=0,<=0.5,-0.21760559487971617,0.0012166675837319931,0.9811320754716981,0.007547169811320755,0.16981132075471697,265
test,plain_mpc,<=0,"(0.5,1]",-0.28648948883740843,-0.23986947054282332,1.0,1.0,1.0,1
test,plain_mpc,"(0,0.03]",<=0.5,-0.2851086298608442,-0.00045519990759990673,1.0,0.011428571428571429,0.2857142857142857,175
test,plain_mpc,"(0.03,0.08]",<=0.5,-0.38828388729682894,-7.40373157992612e-05,1.0,0.02564102564102564,0.7692307692307693,39
test,plain_mpc,"(0.08,0.15]",<=0.5,-0.42638981059140035,0.0,1.0,0.0,0.8823529411764706,17
test,plain_mpc,>0.15,<=0.5,-0.44244486770179287,0.0,1.0,0.0,1.0,3
test,rsrc,<=0,<=0.5,-0.13235647231478062,0.013064501909131934,0.8947368421052632,0.0,0.3157894736842105,19
test,rsrc,"(0,0.03]",<=0.5,-0.24411299508801607,-0.037028326186173334,1.0,0.16666666666666666,0.3333333333333333,6
test,rsrc,"(0.03,0.08]",<=0.5,-0.3085807035354014,0.0,1.0,0.0,0.36666666666666664,30
test,rsrc,"(0.08,0.15]",<=0.5,-0.35704105925128127,-4.173257527872099e-06,1.0,0.005050505050505051,0.5454545454545454,198
test,rsrc,>0.15,<=0.5,-0.40296024736713437,-0.00010214281038845365,1.0,0.004048582995951417,0.6882591093117408,247
test,rsrc_no_context,<=0,<=0.5,-0.13650515651257827,0.013064501909131934,0.8947368421052632,0.0,0.3157894736842105,19
test,rsrc_no_context,"(0,0.03]",<=0.5,-0.27010320195678633,-0.055542489279260004,1.0,0.25,0.25,4
test,rsrc_no_context,"(0.03,0.08]",<=0.5,-0.3014069792027236,0.0,1.0,0.0,0.3333333333333333,30
test,rsrc_no_context,"(0.08,0.15]",<=0.5,-0.35788222871731096,-4.259304074838535e-06,1.0,0.005154639175257732,0.5463917525773195,194
test,rsrc_no_context,>0.15,<=0.5,-0.40473763460523937,-9.972045124880652e-05,1.0,0.003952569169960474,0.6837944664031621,253
test,rsrc_no_recovery,<=0,<=0.5,-0.12316287481857227,0.013796737422031077,0.8888888888888888,0.0,0.2777777777777778,18
test,rsrc_no_recovery,"(0,0.03]",<=0.5,-0.2730592826986631,-0.05555519522204308,1.0,0.25,0.25,4
test,rsrc_no_recovery,"(0.03,0.08]",<=0.5,-0.29609167804117575,0.0,1.0,0.0,0.3333333333333333,18
test,rsrc_no_recovery,"(0.08,0.15]",<=0.5,-0.3480880419419134,-4.861768955584758e-06,1.0,0.0058823529411764705,0.5,170
test,rsrc_no_recovery,>0.15,<=0.5,-0.3992491527306247,-8.72206620204747e-05,1.0,0.0034482758620689655,0.6758620689655173,290
test,se_mpc,<=0,<=0.5,-0.13235993881789362,0.013064432927538817,0.8947368421052632,0.0,0.3157894736842105,19
test,se_mpc,"(0,0.03]",<=0.5,-0.2442619724733032,-0.03702823003447096,1.0,0.16666666666666666,0.3333333333333333,6
test,se_mpc,"(0.03,0.08]",<=0.5,-0.3130682139081052,0.0,1.0,0.0,0.3870967741935484,31
test,se_mpc,"(0.08,0.15]",<=0.5,-0.3551837260587057,-4.070467933589536e-06,1.0,0.0049261083743842365,0.5517241379310345,203
test,se_mpc,>0.15,<=0.5,-0.40360359805024093,-0.00010468274035640286,1.0,0.004149377593360996,0.6929460580912863,241
test,static_aggressive,<=0,<=0.5,-0.2052601713287258,0.007781041103612225,0.9473684210526315,0.0,0.05263157894736842,38
test,static_aggressive,<=0,"(0.5,1]",-0.3763128543400489,-0.2673771300651838,1.0,1.0,0.0,1
test,static_aggressive,"(0,0.03]",<=0.5,-0.3242398671430802,0.0,1.0,0.0,0.1111111111111111,45
test,static_aggressive,"(0.03,0.08]",<=0.5,-0.35447141682655736,-3.829590111592568e-06,1.0,0.010101010101010102,0.1919191919191919,99
test,static_aggressive,"(0.08,0.15]",<=0.5,-0.389486376303834,-0.00015427238923222705,1.0,0.0055248618784530384,0.287292817679558,181
test,static_aggressive,>0.15,<=0.5,-0.43651817855203084,0.0,1.0,0.0,0.7279411764705882,136
test,static_conservative,<=0,<=0.5,-0.13619662070230115,0.013061692620223733,0.8947368421052632,0.0,0.42105263157894735,19
test,static_conservative,"(0,0.03]",<=0.5,-0.2472736068257991,-0.0370246039446633,1.0,0.16666666666666666,0.3333333333333333,6
test,static_conservative,"(0.03,0.08]",<=0.5,-0.3117501657883208,0.0,1.0,0.0,0.39285714285714285,28
test,static_conservative,"(0.08,0.15]",<=0.5,-0.34144231311145573,-5.491014395415643e-06,1.0,0.006666666666666667,0.5066666666666667,150
test,static_conservative,>0.15,<=0.5,-0.3896548191277346,-8.485146113454131e-05,1.0,0.003367003367003367,0.7946127946127947,297
verified,adaptive_threshold,<=0,<=0.5,-0.18259941808582378,4.421282537096209e-05,0.9574468085106383,0.02127659574468085,0.3191489361702128,47
verified,adaptive_threshold,"(0,0.03]",<=0.5,-0.24681924145362213,0.0,1.0,0.0,0.5555555555555556,36
verified,adaptive_threshold,"(0.03,0.08]",<=0.5,-0.276473146048789,0.0,1.0,0.0,0.49514563106796117,103
verified,adaptive_threshold,"(0.08,0.15]",<=0.5,-0.34279977596791933,-8.731104169895876e-06,1.0,0.004201680672268907,0.8445378151260504,238
verified,adaptive_threshold,>0.15,<=0.5,-0.4021004245014686,0.0,1.0,0.0,0.8947368421052632,76
verified,always_verify,<=0,<=0.5,-0.15589894646297126,0.0,1.0,0.0,0.3333333333333333,9
verified,always_verify,"(0,0.03]",<=0.5,-0.22584496687883063,0.0,1.0,0.0,0.3333333333333333,6
verified,always_verify,"(0.03,0.08]",<=0.5,-0.28779331333841096,0.0,1.0,0.0,0.23076923076923078,13
verified,always_verify,"(0.08,0.15]",<=0.5,-0.34846198272928897,0.0,1.0,0.0,0.4094488188976378,127
verified,always_verify,>0.15,<=0.5,-0.37752390842259853,0.0,1.0,0.0,0.3884057971014493,345
verified,always_verify_throttle,<=0,<=0.5,-0.15684573024492734,0.0,1.0,0.0,0.3333333333333333,9
verified,always_verify_throttle,"(0,0.03]",<=0.5,-0.23033656303540068,0.0,1.0,0.0,0.4,5
verified,always_verify_throttle,"(0.03,0.08]",<=0.5,-0.28314663080105384,0.0,1.0,0.0,0.21428571428571427,14
verified,always_verify_throttle,"(0.08,0.15]",<=0.5,-0.34538148042770994,0.0,1.0,0.0,0.41935483870967744,124
verified,always_verify_throttle,>0.15,<=0.5,-0.3749943439404811,0.0,1.0,0.0,0.4367816091954023,348
verified,camc_rsrc_anchor,<=0,<=0.5,-0.16004047099983437,0.0,1.0,0.0,0.2727272727272727,11
verified,camc_rsrc_anchor,"(0,0.03]",<=0.5,-0.22562552159901614,0.0,1.0,0.0,0.375,8
verified,camc_rsrc_anchor,"(0.03,0.08]",<=0.5,-0.289060046553194,0.0,1.0,0.0,0.35,20
verified,camc_rsrc_anchor,"(0.08,0.15]",<=0.5,-0.3557384636885064,0.0,1.0,0.0,0.6846846846846847,222
verified,camc_rsrc_anchor,>0.15,<=0.5,-0.399351054444754,0.0,1.0,0.0,0.6652719665271967,239
verified,camc_sempc_candidate,<=0,<=0.5,-0.16240155771042053,0.0,1.0,0.0,0.46153846153846156,13
verified,camc_sempc_candidate,"(0,0.03]",<=0.5,-0.24330951256610747,0.0,1.0,0.0,0.4,10
verified,camc_sempc_candidate,"(0.03,0.08]",<=0.5,-0.28594680386923443,0.0,1.0,0.0,0.4857142857142857,35
verified,camc_sempc_candidate,"(0.08,0.15]",<=0.5,-0.35511457800389534,0.0,1.0,0.0,0.7366255144032922,243
verified,camc_sempc_candidate,>0.15,<=0.5,-0.4017721119623261,0.0,1.0,0.0,0.6633165829145728,199
verified,camc_static_anchor,<=0,<=0.5,-0.16209083954822487,0.0,1.0,0.0,0.4,10
verified,camc_static_anchor,"(0,0.03]",<=0.5,-0.2304412504610248,0.0,1.0,0.0,0.375,8
verified,camc_static_anchor,"(0.03,0.08]",<=0.5,-0.29616091213746404,0.0,1.0,0.0,0.5,16
verified,camc_static_anchor,"(0.08,0.15]",<=0.5,-0.3406153362863187,0.0,1.0,0.0,0.6298701298701299,154
verified,camc_static_anchor,>0.15,<=0.5,-0.38862528519207395,0.0,1.0,0.0,0.8044871794871795,312
verified,greedy_myopic,<=0,<=0.5,-0.2399621426439588,2.2357704003802255e-06,0.983739837398374,0.008130081300813009,0.24390243902439024,123
verified,greedy_myopic,"(0,0.03]",<=0.5,-0.3077101669089856,0.0,1.0,0.0,0.29850746268656714,67
verified,greedy_myopic,"(0.03,0.08]",<=0.5,-0.33904637053054987,0.0,1.0,0.0,0.3931034482758621,145
verified,greedy_myopic,"(0.08,0.15]",<=0.5,-0.3925611818226627,-2.254096387268588e-06,1.0,0.00819672131147541,0.6557377049180327,122
verified,greedy_myopic,>0.15,<=0.5,-0.44129738735415375,0.0,1.0,0.0,0.9534883720930233,43
verified,headroom_only,<=0,<=0.5,-0.12904323724144118,0.0,1.0,0.0,0.25,8
verified,headroom_only,"(0,0.03]",<=0.5,-0.24092744074892078,0.0,1.0,0.0,0.25,8
verified,headroom_only,"(0.03,0.08]",<=0.5,-0.2773976293478108,0.0,1.0,0.0,0.46153846153846156,13
verified,headroom_only,"(0.08,0.15]",<=0.5,-0.3525604027365171,0.0,1.0,0.0,0.6057142857142858,175
verified,headroom_only,>0.15,<=0.5,-0.3957750452222065,0.0,1.0,0.0,0.668918918918919,296
verified,maxweight_backlog,<=0,<=0.5,-0.16678981499755177,0.0,1.0,0.0,0.36363636363636365,11
verified,maxweight_backlog,"(0,0.03]",<=0.5,-0.22608588100244403,0.0,1.0,0.0,0.42857142857142855,7
verified,maxweight_backlog,"(0.03,0.08]",<=0.5,-0.29188383077902014,0.0,1.0,0.0,0.4375,16
verified,maxweight_backlog,"(0.08,0.15]",<=0.5,-0.35419322777629186,0.0,1.0,0.0,0.6831683168316832,202
verified,maxweight_backlog,>0.15,<=0.5,-0.39645701122382254,0.0,1.0,0.0,0.7272727272727273,264
verified,minimal_verify,<=0,<=0.5,-0.07765282638345092,-2.7821244771604662e-21,0.9410569105691057,0.09146341463414634,0.0,492
verified,minimal_verify,"(0,0.03]",<=0.5,-0.38620892968085335,0.0,1.0,0.0,0.3333333333333333,3
verified,minimal_verify,"(0.03,0.08]",<=0.5,-0.458407182273285,0.0,1.0,0.0,0.6666666666666666,3
verified,minimal_verify,"(0.08,0.15]",<=0.5,-0.4470935076377166,0.0,1.0,0.0,0.0,1
verified,minimal_verify,>0.15,<=0.5,-0.602215526722477,0.0,1.0,0.0,1.0,1
verified,oracle_src,<=0,<=0.5,-0.06021621291092742,0.0014145627657204786,0.75,0.0,0.1875,16
verified,oracle_src,"(0,0.03]",<=0.5,-0.16099861825557335,0.0,1.0,0.0,0.15789473684210525,19
verified,oracle_src,"(0.03,0.08]",<=0.5,-0.19823535158893055,-3.059112222486617e-05,1.0,0.023809523809523808,0.14285714285714285,42
verified,oracle_src,"(0.08,0.15]",<=0.5,-0.24835000081697833,-1.8560573848008811e-07,1.0,0.005494505494505495,0.3076923076923077,182
verified,oracle_src,>0.15,<=0.5,-0.3320436357763605,-8.844148080365106e-05,1.0,0.008298755186721992,0.6307053941908713,241
verified,pareto_camc_rsrc_anchor,<=0,<=0.5,-0.1600461190723327,0.0,1.0,0.0,0.2727272727272727,11
verified,pareto_camc_rsrc_anchor,"(0,0.03]",<=0.5,-0.224814191515273,0.0,1.0,0.0,0.2857142857142857,7
verified,pareto_camc_rsrc_anchor,"(0.03,0.08]",<=0.5,-0.2916708911560528,0.0,1.0,0.0,0.3888888888888889,18
verified,pareto_camc_rsrc_anchor,"(0.08,0.15]",<=0.5,-0.35945888928993786,0.0,1.0,0.0,0.7031963470319634,219
verified,pareto_camc_rsrc_anchor,>0.15,<=0.5,-0.3973611109362961,0.0,1.0,0.0,0.6530612244897959,245
verified,pareto_camc_sempc_candidate,<=0,<=0.5,-0.15969674486692848,0.0,1.0,0.0,0.4,10
verified,pareto_camc_sempc_candidate,"(0,0.03]",<=0.5,-0.2294566748009389,0.0,1.0,0.0,0.375,8
verified,pareto_camc_sempc_candidate,"(0.03,0.08]",<=0.5,-0.2979965859125343,0.0,1.0,0.0,0.4666666666666667,15
verified,pareto_camc_sempc_candidate,"(0.08,0.15]",<=0.5,-0.34090684142453886,0.0,1.0,0.0,0.5986842105263158,152
verified,pareto_camc_sempc_candidate,>0.15,<=0.5,-0.3878036850038283,0.0,1.0,0.0,0.746031746031746,315
verified,pareto_camc_static_anchor,<=0,<=0.5,-0.1622223949736124,0.0,1.0,0.0,0.4,10
verified,pareto_camc_static_anchor,"(0,0.03]",<=0.5,-0.23046123254638054,0.0,1.0,0.0,0.375,8
verified,pareto_camc_static_anchor,"(0.03,0.08]",<=0.5,-0.2962190740504531,0.0,1.0,0.0,0.5,16
verified,pareto_camc_static_anchor,"(0.08,0.15]",<=0.5,-0.3407410811352767,0.0,1.0,0.0,0.6363636363636364,154
verified,pareto_camc_static_anchor,>0.15,<=0.5,-0.38691477448795236,0.0,1.0,0.0,0.8076923076923077,312
verified,plain_mpc,<=0,<=0.5,-0.19871302164091298,8.598120813572617e-05,0.9834437086092715,0.009933774834437087,0.10596026490066225,302
verified,plain_mpc,"(0,0.03]",<=0.5,-0.2726052056885968,-0.0001686124990713591,1.0,0.012987012987012988,0.22727272727272727,154
verified,plain_mpc,"(0.03,0.08]",<=0.5,-0.39763298019726173,0.0,1.0,0.0,0.8076923076923077,26
verified,plain_mpc,"(0.08,0.15]",<=0.5,-0.4772960613495422,0.0,1.0,0.0,0.9333333333333333,15
verified,plain_mpc,>0.15,<=0.5,-0.4522490610044804,0.0,1.0,0.0,1.0,3
verified,rsrc,<=0,<=0.5,-0.1600461190723327,0.0,1.0,0.0,0.2727272727272727,11
verified,rsrc,"(0,0.03]",<=0.5,-0.224814191515273,0.0,1.0,0.0,0.2857142857142857,7
verified,rsrc,"(0.03,0.08]",<=0.5,-0.2916708911560528,0.0,1.0,0.0,0.3888888888888889,18
verified,rsrc,"(0.08,0.15]",<=0.5,-0.35945888928993786,0.0,1.0,0.0,0.7031963470319634,219
verified,rsrc,>0.15,<=0.5,-0.3973611109362961,0.0,1.0,0.0,0.6530612244897959,245
verified,rsrc_no_context,<=0,<=0.5,-0.16118190533016005,0.0,1.0,0.0,0.3,10
verified,rsrc_no_context,"(0,0.03]",<=0.5,-0.22643398304798784,0.0,1.0,0.0,0.25,8
verified,rsrc_no_context,"(0.03,0.08]",<=0.5,-0.2916686971003491,0.0,1.0,0.0,0.3888888888888889,18
verified,rsrc_no_context,"(0.08,0.15]",<=0.5,-0.36085050268046565,0.0,1.0,0.0,0.6990740740740741,216
verified,rsrc_no_context,>0.15,<=0.5,-0.39794408191215186,0.0,1.0,0.0,0.6532258064516129,248
verified,rsrc_no_recovery,<=0,<=0.5,-0.12540127611512059,0.0,1.0,0.0,0.25,8
verified,rsrc_no_recovery,"(0,0.03]",<=0.5,-0.23217483426782234,0.0,1.0,0.0,0.3333333333333333,9
verified,rsrc_no_recovery,"(0.03,0.08]",<=0.5,-0.28200995027483583,0.0,1.0,0.0,0.4166666666666667,12
verified,rsrc_no_recovery,"(0.08,0.15]",<=0.5,-0.3519530005188604,0.0,1.0,0.0,0.6101694915254238,177
verified,rsrc_no_recovery,>0.15,<=0.5,-0.39461544456865244,0.0,1.0,0.0,0.6666666666666666,294
verified,se_mpc,<=0,<=0.5,-0.1600461245139337,0.0,1.0,0.0,0.2727272727272727,11
verified,se_mpc,"(0,0.03]",<=0.5,-0.22493460172915083,0.0,1.0,0.0,0.2857142857142857,7
verified,se_mpc,"(0.03,0.08]",<=0.5,-0.29185435865781034,0.0,1.0,0.0,0.3888888888888889,18
verified,se_mpc,"(0.08,0.15]",<=0.5,-0.35888819086136886,0.0,1.0,0.0,0.7013574660633484,221
verified,se_mpc,>0.15,<=0.5,-0.39681375205545605,0.0,1.0,0.0,0.654320987654321,243
verified,static_aggressive,<=0,<=0.5,-0.22935447603734616,0.0,1.0,0.0,0.23333333333333334,30
verified,static_aggressive,"(0,0.03]",<=0.5,-0.31265288945114694,0.0,1.0,0.0,0.1935483870967742,31
verified,static_aggressive,"(0.03,0.08]",<=0.5,-0.3467583297686233,0.0,1.0,0.0,0.23008849557522124,113
verified,static_aggressive,"(0.08,0.15]",<=0.5,-0.3902997271527088,0.0,1.0,0.0,0.3880597014925373,201
verified,static_aggressive,>0.15,<=0.5,-0.4280808379256929,0.0,1.0,0.0,0.688,125
verified,static_conservative,<=0,<=0.5,-0.1622223949736124,0.0,1.0,0.0,0.4,10
verified,static_conservative,"(0,0.03]",<=0.5,-0.23046123254638054,0.0,1.0,0.0,0.375,8
verified,static_conservative,"(0.03,0.08]",<=0.5,-0.2962190740504531,0.0,1.0,0.0,0.5,16
verified,static_conservative,"(0.08,0.15]",<=0.5,-0.3407410811352767,0.0,1.0,0.0,0.6363636363636364,154
verified,static_conservative,>0.15,<=0.5,-0.38691477448795236,0.0,1.0,0.0,0.8076923076923077,312
