dataset,controller,L_bin,mean_drift,mean_delta_sq,negative_drift_rate,negative_delta_sq_rate,rows
rebench,adaptive_threshold,<=0.5,-0.26018619548792343,0.00039435048671067265,0.9811320754716981,0.013477088948787063,371
rebench,always_verify,<=0.5,-0.317732353406939,-1.7133071367672168e-20,0.9901234567901235,0.012345679012345678,405
rebench,always_verify_throttle,<=0.5,-0.3172563088412983,0.0,0.9898477157360406,0.012690355329949238,394
rebench,camc_rsrc_anchor,<=0.5,-0.29091494563974996,0.0005120948357178625,0.985239852398524,0.0036900369003690036,271
rebench,camc_sempc_candidate,<=0.5,-0.29576958497516714,0.0004144848279193898,0.9873417721518988,0.006329113924050633,316
rebench,camc_static_anchor,<=0.5,-0.29204926143511767,0.0005824104612000209,0.9819004524886877,0.004524886877828055,221
rebench,greedy_myopic,<=0.5,-0.2992215785095854,5.848939341737998e-06,0.9841986455981941,0.01580135440180587,443
rebench,headroom_only,<=0.5,-0.29194062878315924,0.0005369948305616676,0.984313725490196,0.00392156862745098,255
rebench,maxweight_backlog,<=0.5,-0.29321631506480283,0.0005309636201634062,0.984251968503937,0.003937007874015748,254
rebench,minimal_verify,<=0.5,-0.05900189468135114,0.0003254296475753222,0.8825910931174089,0.19230769230769232,494
rebench,minimal_verify,"(0.5,1]",-0.026791456467812447,-0.028818934099820656,0.5,0.5,4
rebench,oracle_src,<=0.5,-0.2246281302938441,0.00010509972196257054,0.9768115942028985,0.02318840579710145,345
rebench,pareto_camc_rsrc_anchor,<=0.5,-0.2933547621885666,0.0005256360429229121,0.9846743295019157,0.0038314176245210726,261
rebench,pareto_camc_sempc_candidate,<=0.5,-0.29551141245827334,0.0005540954532412005,0.9832635983263598,0.0041841004184100415,239
rebench,pareto_camc_static_anchor,<=0.5,-0.29206277260843844,0.0005824104184227771,0.9819004524886877,0.004524886877828055,221
rebench,plain_mpc,<=0.5,-0.2162031662654245,1.4132166810401686e-20,0.9775967413441955,0.028513238289205704,491
rebench,rsrc,<=0.5,-0.2933547621885666,0.0005256360429229121,0.9846743295019157,0.0038314176245210726,261
rebench,rsrc_no_context,<=0.5,-0.29335050892007547,0.000524631671508967,0.9846743295019157,0.0038314176245210726,261
rebench,rsrc_no_recovery,<=0.5,-0.2919383875092504,0.0005380228503465221,0.984313725490196,0.00392156862745098,255
rebench,se_mpc,<=0.5,-0.29333718616794313,0.0005216388213673293,0.9847908745247148,0.0038022813688212928,263
rebench,static_aggressive,<=0.5,-0.33435927876224497,0.0,0.9848484848484849,0.017676767676767676,396
rebench,static_conservative,<=0.5,-0.29206277260843844,0.0005824104184227771,0.9819004524886877,0.004524886877828055,221
smith,adaptive_threshold,<=0.5,-0.1324662692823661,0.011606928665483697,0.8026315789473685,0.21842105263157896,380
smith,adaptive_threshold,"(0.5,1]",-0.1544780429426265,-0.15197304989754953,0.84,0.84,25
smith,always_verify,<=0.5,-0.1529385056999576,0.010178275136277391,0.8318181818181818,0.20454545454545456,440
smith,always_verify,"(0.5,1]",-0.14917951293057266,-0.14919469610212877,0.84,0.84,25
smith,always_verify_throttle,<=0.5,-0.15207012514929788,0.010270801022680682,0.8302752293577982,0.20642201834862386,436
smith,always_verify_throttle,"(0.5,1]",-0.14918720653810794,-0.14919905996029992,0.84,0.84,25
smith,camc_rsrc_anchor,<=0.5,-0.14643280433424533,0.010553830286700698,0.8243559718969555,0.20843091334894615,427
smith,camc_rsrc_anchor,"(0.5,1]",-0.1473672209101504,-0.14925067933949204,0.84,0.84,25
smith,camc_sempc_candidate,<=0.5,-0.14643280433424533,0.010553830286700698,0.8243559718969555,0.20843091334894615,427
smith,camc_sempc_candidate,"(0.5,1]",-0.1473672209101504,-0.14925067933949204,0.84,0.84,25
smith,camc_static_anchor,<=0.5,-0.1444214332521422,0.010797528948414029,0.8229665071770335,0.21291866028708134,418
smith,camc_static_anchor,"(0.5,1]",-0.14814540857343933,-0.14953095204405745,0.88,0.88,25
smith,greedy_myopic,<=0.5,-0.16120973204551184,0.01262560099596383,0.8232662192393736,0.19686800894854586,447
smith,greedy_myopic,"(0.5,1]",-0.16534908096689005,-0.15826341857763637,0.8571428571428571,0.8571428571428571,28
smith,greedy_myopic,"(1,2]",-0.28774967670277385,-0.5171027839042251,1.0,1.0,1
smith,headroom_only,<=0.5,-0.1444852462524886,0.010685041135703642,0.8222748815165877,0.2132701421800948,422
smith,headroom_only,"(0.5,1]",-0.14787506840904954,-0.14933088714834786,0.84,0.84,25
smith,maxweight_backlog,<=0.5,-0.1455431714561132,0.010660810622175805,0.8226950354609929,0.2127659574468085,423
smith,maxweight_backlog,"(0.5,1]",-0.1478994805055893,-0.14934674875730622,0.84,0.84,25
smith,minimal_verify,<=0.5,-0.019127031106515497,0.03748607071208448,0.6470588235294118,0.3235294117647059,34
smith,minimal_verify,"(0.5,1]",0.25303280473537,0.5558565831998961,0.5,0.5,4
smith,minimal_verify,"(1,2]",0.24735744328635323,0.8110117136127828,0.0,0.0,6
smith,minimal_verify,"(2,4]",0.11419717035169426,0.7021276342310636,0.027777777777777776,0.027777777777777776,36
smith,minimal_verify,"(4,8]",0.23952058231552664,3.0044656352500776,0.0,0.0,36
smith,minimal_verify,>8,0.27735852061165206,19.37720097007448,0.0,0.0,382
smith,oracle_src,<=0.5,-0.10075874417208136,0.014645968148014612,0.7610062893081762,0.22327044025157233,318
smith,oracle_src,"(0.5,1]",-0.15180967608410187,-0.1510864532334151,0.8333333333333334,0.8333333333333334,24
smith,pareto_camc_rsrc_anchor,<=0.5,-0.14557812443605164,0.01072296670315394,0.8242280285035629,0.21140142517814728,421
smith,pareto_camc_rsrc_anchor,"(0.5,1]",-0.14813308530790148,-0.14952180510809407,0.88,0.88,25
smith,pareto_camc_sempc_candidate,<=0.5,-0.14557812443605164,0.01072296670315394,0.8242280285035629,0.21140142517814728,421
smith,pareto_camc_sempc_candidate,"(0.5,1]",-0.14813308530790148,-0.14952180510809407,0.88,0.88,25
smith,pareto_camc_static_anchor,<=0.5,-0.1444214332521422,0.010797528948414029,0.8229665071770335,0.21291866028708134,418
smith,pareto_camc_static_anchor,"(0.5,1]",-0.14814540857343933,-0.14953095204405745,0.88,0.88,25
smith,plain_mpc,<=0.5,-0.14033303954326057,0.012582174659313109,0.8181818181818182,0.20454545454545456,440
smith,plain_mpc,"(0.5,1]",-0.1197465605560152,-0.12048978406253252,0.8378378378378378,0.8378378378378378,37
smith,plain_mpc,"(1,2]",-0.21069044973565276,-0.40136054506090213,1.0,1.0,1
smith,rsrc,<=0.5,-0.14568387474062203,0.010636068706448629,0.8231132075471698,0.21226415094339623,424
smith,rsrc,"(0.5,1]",-0.14791052272523258,-0.14935514333279862,0.84,0.84,25
smith,rsrc_no_context,<=0.5,-0.14568387474062203,0.010636068706448629,0.8231132075471698,0.21226415094339623,424
smith,rsrc_no_context,"(0.5,1]",-0.14791052272523258,-0.14935514333279862,0.84,0.84,25
smith,rsrc_no_recovery,<=0.5,-0.1444852462524886,0.010685041135703642,0.8222748815165877,0.2132701421800948,422
smith,rsrc_no_recovery,"(0.5,1]",-0.14787506840904954,-0.14933088714834786,0.84,0.84,25
smith,se_mpc,<=0.5,-0.14568387474062203,0.010636068706448629,0.8231132075471698,0.21226415094339623,424
smith,se_mpc,"(0.5,1]",-0.14791052272523258,-0.14935514333279862,0.84,0.84,25
smith,static_aggressive,<=0.5,-0.16763758570864992,0.013152800088242808,0.8297413793103449,0.1939655172413793,464
smith,static_aggressive,"(0.5,1]",-0.16170015776900568,-0.16621440523375597,0.8620689655172413,0.8620689655172413,29
smith,static_aggressive,"(1,2]",-0.2666547026640073,-0.5000800364221171,1.0,1.0,1
smith,static_conservative,<=0.5,-0.1444214332521422,0.010797528948414029,0.8229665071770335,0.21291866028708134,418
smith,static_conservative,"(0.5,1]",-0.14814540857343933,-0.14953095204405745,0.88,0.88,25
test,adaptive_threshold,<=0.5,-0.2917933605784153,0.0007880171090626142,0.9937888198757764,0.003105590062111801,322
test,adaptive_threshold,"(0.5,1]",-0.36224083467540846,-0.2337230003911375,1.0,1.0,1
test,always_verify,<=0.5,-0.33653929018926876,0.0005659233053119832,0.9949367088607595,0.005063291139240506,395
test,always_verify,"(0.5,1]",-0.3361485506043062,-0.22353970559823338,1.0,1.0,1
test,always_verify_throttle,<=0.5,-0.33607280890045826,0.0005882574725906334,0.9947368421052631,0.005263157894736842,380
test,always_verify_throttle,"(0.5,1]",-0.3361518598827326,-0.22353783958444068,1.0,1.0,1
test,camc_rsrc_anchor,<=0.5,-0.32343712880862197,2.3927220358300787e-20,0.993103448275862,0.010344827586206896,290
test,camc_sempc_candidate,<=0.5,-0.32732813941835925,2.028916346171704e-20,0.9941520467836257,0.008771929824561403,342
test,camc_static_anchor,<=0.5,-0.32231482546880863,0.0,0.992,0.012,250
test,greedy_myopic,<=0.5,-0.3342594260937711,0.000636546184599549,0.9928741092636579,0.007125890736342043,421
test,greedy_myopic,"(0.5,1]",-0.3778205232905312,-0.2679859437164101,1.0,1.0,1
test,headroom_only,<=0.5,-0.32567611730308127,-3.7305881203802306e-20,0.992831541218638,0.010752688172043012,279
test,maxweight_backlog,<=0.5,-0.3232675178359694,0.0,0.9927007299270073,0.010948905109489052,274
test,minimal_verify,<=0.5,-0.07779998559696966,0.0005807742633304581,0.9373737373737374,0.1191919191919192,495
test,minimal_verify,"(0.5,1]",-0.08057932703600701,-0.09582775344952559,1.0,1.0,3
test,oracle_src,<=0.5,-0.25093435678020054,0.001161802774268719,0.9895104895104895,0.0034965034965034965,286
test,oracle_src,"(0.5,1]",-0.30240443928806565,-0.2563420818240367,1.0,1.0,1
test,pareto_camc_rsrc_anchor,<=0.5,-0.32420134030175607,2.4432725013757847e-20,0.9929577464788732,0.01056338028169014,284
test,pareto_camc_sempc_candidate,<=0.5,-0.3248817885703829,0.0,0.9925925925925926,0.011111111111111112,270
test,pareto_camc_static_anchor,<=0.5,-0.32154243087849893,0.0,0.9918032786885246,0.012295081967213115,244
test,plain_mpc,<=0.5,-0.2596826704196011,0.0004885325265637949,0.9898167006109979,0.010183299389002037,491
test,plain_mpc,"(0.5,1]",-0.28648948883740843,-0.23986947054282332,1.0,1.0,1
test,rsrc,<=0.5,-0.32420134030175607,2.4432725013757847e-20,0.9929577464788732,0.01056338028169014,284
test,rsrc_no_context,<=0.5,-0.32630836303706146,2.4519059731120948e-20,0.9929328621908127,0.01060070671378092,283
test,rsrc_no_recovery,<=0.5,-0.32360013221075784,-3.7172645913788724e-20,0.9928571428571429,0.010714285714285714,280
test,se_mpc,<=0.5,-0.32376231487996315,1.2259529865560474e-20,0.9929328621908127,0.01060070671378092,283
test,static_aggressive,<=0.5,-0.35761231314775527,0.0006618245793692668,0.995049504950495,0.0049504950495049506,404
test,static_aggressive,"(0.5,1]",-0.3763128543400489,-0.2673771300651838,1.0,1.0,1
test,static_conservative,<=0.5,-0.32154243087849893,0.0,0.9918032786885246,0.012295081967213115,244
verified,adaptive_threshold,<=0.5,-0.2828950235988886,5.708798880316534e-06,0.9945054945054945,0.0027472527472527475,364
verified,always_verify,<=0.5,-0.3439469497848589,0.0,1.0,0.0,395
verified,always_verify_throttle,<=0.5,-0.3433003725499333,0.0,1.0,0.0,378
verified,camc_rsrc_anchor,<=0.5,-0.3223115141011594,0.0,1.0,0.0,263
verified,camc_sempc_candidate,<=0.5,-0.3264841893655436,0.0,1.0,0.0,322
verified,camc_static_anchor,<=0.5,-0.32447751399433944,0.0,1.0,0.0,212
verified,greedy_myopic,<=0.5,-0.31443285973501794,0.0,0.9953810623556582,0.004618937644341801,433
verified,headroom_only,<=0.5,-0.3263045348608009,0.0,1.0,0.0,256
verified,maxweight_backlog,<=0.5,-0.32493062755119845,0.0,1.0,0.0,236
verified,minimal_verify,<=0.5,-0.08253733952737069,-2.743096678883666e-21,0.9418837675350702,0.09018036072144289,499
verified,oracle_src,<=0.5,-0.23972194224756277,0.0,0.9886363636363636,0.011363636363636364,352
verified,pareto_camc_rsrc_anchor,<=0.5,-0.3252058511004439,0.0,1.0,0.0,257
verified,pareto_camc_sempc_candidate,<=0.5,-0.3255137509652071,0.0,1.0,0.0,227
verified,pareto_camc_static_anchor,<=0.5,-0.3243253085571676,0.0,1.0,0.0,208
verified,plain_mpc,<=0.5,-0.23630058177671331,0.0,0.9897959183673469,0.01020408163265306,490
verified,rsrc,<=0.5,-0.3252058511004439,0.0,1.0,0.0,257
verified,rsrc_no_context,<=0.5,-0.3269357609280305,0.0,1.0,0.0,256
verified,rsrc_no_recovery,<=0.5,-0.32511036307822755,0.0,1.0,0.0,258
verified,se_mpc,<=0.5,-0.32493284798168914,0.0,1.0,0.0,258
verified,static_aggressive,<=0.5,-0.3580785859791662,0.0,1.0,0.0,395
verified,static_conservative,<=0.5,-0.3243253085571676,0.0,1.0,0.0,208
