dataset,controller,headroom_bin,mean_certified_headroom,mean_exact_headroom,exact_headroom_positive_rate,benchmark_safe_rate,outside_safe_rate,negative_drift_rate,mean_drift,rows
rebench,adaptive_threshold,<=0,-0.08576021321484115,0.019773654621490545,0.7605633802816901,0.2535211267605634,1.0,0.9014084507042254,-0.13892500717477127,71
rebench,adaptive_threshold,"(0,0.03]",0.016524163564176377,0.13370321099344518,1.0,0.4864864864864865,1.0,1.0,-0.24106210295563213,37
rebench,adaptive_threshold,"(0.03,0.08]",0.05682089962920553,0.16339390485262426,1.0,0.48863636363636365,1.0,1.0,-0.26076897300652174,88
rebench,adaptive_threshold,"(0.08,0.15]",0.11837901693561174,0.22292394578631905,1.0,0.7574257425742574,0.693069306930693,1.0,-0.3285207960344708,202
rebench,adaptive_threshold,>0.15,0.17812185353320364,0.26212271595773323,1.0,0.7745098039215687,0.3431372549019608,1.0,-0.37533284613066964,102
rebench,always_verify,<=0,-0.15767811171965473,-0.0731963748076154,0.4,0.06666666666666667,1.0,0.7333333333333333,-0.04541826520807275,15
rebench,always_verify,"(0,0.03]",0.01876777400134138,0.1487960188939093,1.0,0.2857142857142857,1.0,1.0,-0.220780237542022,7
rebench,always_verify,"(0.03,0.08]",0.05489336022209936,0.1867033151129566,1.0,0.25,1.0,1.0,-0.253494750893353,24
rebench,always_verify,"(0.08,0.15]",0.1225313133882295,0.25714858787380795,1.0,0.35135135135135137,0.8198198198198198,1.0,-0.33142119196559094,111
rebench,always_verify,>0.15,0.2065013883805296,0.3002741378803915,1.0,0.3556851311953353,0.7813411078717201,1.0,-0.35942034475622164,343
rebench,always_verify_throttle,<=0,-0.15732599990433938,-0.07284426299230003,0.4,0.06666666666666667,1.0,0.7333333333333333,-0.04643547711898379,15
rebench,always_verify_throttle,"(0,0.03]",0.017345405688427757,0.15049914728872496,1.0,0.3333333333333333,1.0,1.0,-0.22665448693216728,6
rebench,always_verify_throttle,"(0.03,0.08]",0.05439832532655723,0.18538689260762792,1.0,0.28,1.0,1.0,-0.25253458651821065,25
rebench,always_verify_throttle,"(0.08,0.15]",0.1235845784620764,0.25660879459001223,1.0,0.3619047619047619,0.8380952380952381,1.0,-0.3246207116387787,105
rebench,always_verify_throttle,>0.15,0.20813655707214107,0.3022260237224783,1.0,0.39255014326647564,0.7449856733524355,1.0,-0.35761370634289047,349
rebench,camc_rsrc_anchor,<=0,-0.15568808902370482,-0.07375880101238176,0.42105263157894735,0.2631578947368421,1.0,0.7894736842105263,-0.06370813370484703,19
rebench,camc_rsrc_anchor,"(0,0.03]",0.01792943025608925,0.1339232700532145,1.0,0.2,1.0,1.0,-0.21950299167889958,10
rebench,camc_rsrc_anchor,"(0.03,0.08]",0.054737250336817506,0.18193169622546204,1.0,0.36585365853658536,1.0,1.0,-0.26370107756506317,41
rebench,camc_rsrc_anchor,"(0.08,0.15]",0.12190930317768854,0.24293603034551145,1.0,0.6906077348066298,0.5359116022099447,1.0,-0.3409814166810124,181
rebench,camc_rsrc_anchor,>0.15,0.19235517420506193,0.28470857725129883,1.0,0.6947791164658634,0.41767068273092367,1.0,-0.3833597934461069,249
rebench,camc_sempc_candidate,<=0,-0.1724268216277318,-0.09012137748847733,0.3684210526315789,0.42105263157894735,1.0,0.7894736842105263,-0.0579104453556958,19
rebench,camc_sempc_candidate,"(0,0.03]",0.01969493616316602,0.14677924358715705,1.0,0.36363636363636365,1.0,1.0,-0.24469958915828205,22
rebench,camc_sempc_candidate,"(0.03,0.08]",0.05712958838623858,0.17905056240725736,1.0,0.5111111111111111,1.0,1.0,-0.2586792618254703,45
rebench,camc_sempc_candidate,"(0.08,0.15]",0.11876811014203392,0.23361433751384017,1.0,0.7371134020618557,0.7061855670103093,1.0,-0.3373984140549709,194
rebench,camc_sempc_candidate,>0.15,0.18772952372575047,0.2796764501550985,1.0,0.7272727272727273,0.42272727272727273,1.0,-0.3848543515922854,220
rebench,camc_static_anchor,<=0,-0.1662396475823372,-0.08361957293013061,0.35294117647058826,0.29411764705882354,1.0,0.7647058823529411,-0.05676096961892954,17
rebench,camc_static_anchor,"(0,0.03]",0.018193370587092618,0.13158046248646996,1.0,0.3,1.0,1.0,-0.21745849983511625,10
rebench,camc_static_anchor,"(0.03,0.08]",0.05655021708823804,0.19151534280029311,1.0,0.53125,1.0,1.0,-0.27890482210871886,32
rebench,camc_static_anchor,"(0.08,0.15]",0.12166310688511386,0.2448740330343544,1.0,0.6484375,0.6171875,1.0,-0.3228792945452674,128
rebench,camc_static_anchor,>0.15,0.20901280649096643,0.3024539042735782,1.0,0.8115015974440895,0.26517571884984026,1.0,-0.37293549148987504,313
rebench,greedy_myopic,<=0,-0.08814117652259358,0.024107098037228988,0.7380952380952381,0.2619047619047619,1.0,0.9444444444444444,-0.20763986663113418,126
rebench,greedy_myopic,"(0,0.03]",0.016540217266756748,0.12579368190042867,1.0,0.3968253968253968,1.0,1.0,-0.2932295379970782,63
rebench,greedy_myopic,"(0.03,0.08]",0.054688382813954946,0.16306823131107026,1.0,0.5370370370370371,1.0,1.0,-0.3301092140962493,108
rebench,greedy_myopic,"(0.08,0.15]",0.10939671727209067,0.2128668180470139,1.0,0.5517241379310345,0.8827586206896552,1.0,-0.3643402790320585,145
rebench,greedy_myopic,>0.15,0.18260870097933124,0.2689266114422002,1.0,0.7758620689655172,0.3103448275862069,1.0,-0.41238489428736264,58
rebench,headroom_only,<=0,-0.16899874753016145,-0.09672833259572844,0.3125,0.125,1.0,0.75,-0.0406780059152064,16
rebench,headroom_only,"(0,0.03]",0.019804075803931804,0.12323166939427616,1.0,0.5,1.0,1.0,-0.21540132529296965,6
rebench,headroom_only,"(0.03,0.08]",0.056769434916713005,0.17448757432665224,1.0,0.2727272727272727,1.0,1.0,-0.25782380856591397,33
rebench,headroom_only,"(0.08,0.15]",0.12404542519413218,0.23427926020089457,1.0,0.6428571428571429,0.5857142857142857,1.0,-0.33067744043420594,140
rebench,headroom_only,>0.15,0.20032167276815321,0.2809334949353999,1.0,0.6885245901639344,0.38688524590163936,1.0,-0.38258127604620423,305
rebench,maxweight_backlog,<=0,-0.16896615000441773,-0.08634868928067936,0.35294117647058826,0.23529411764705882,1.0,0.7647058823529411,-0.051757246317370005,17
rebench,maxweight_backlog,"(0,0.03]",0.0182360011252222,0.13087819523157543,1.0,0.36363636363636365,1.0,1.0,-0.22042852044668274,11
rebench,maxweight_backlog,"(0.03,0.08]",0.05705573709143156,0.18863432830801266,1.0,0.34285714285714286,1.0,1.0,-0.26762896816191967,35
rebench,maxweight_backlog,"(0.08,0.15]",0.12220897977759136,0.24509918571822453,1.0,0.6645569620253164,0.5569620253164557,1.0,-0.33370953958055616,158
rebench,maxweight_backlog,>0.15,0.19656821752748557,0.289725251893608,1.0,0.7383512544802867,0.36917562724014336,1.0,-0.3820829579515597,279
rebench,minimal_verify,<=0,-0.11397321429778588,-0.017956866493002818,0.486815415821501,0.002028397565922921,1.0,0.8782961460446247,-0.05564265452764326,493
rebench,minimal_verify,"(0,0.03]",0.01456964316126741,0.150595760897911,1.0,0.0,1.0,1.0,-0.27050019598418895,2
rebench,minimal_verify,"(0.03,0.08]",0.05147578210990258,0.25675719158373983,1.0,0.3333333333333333,1.0,1.0,-0.42709090812073636,3
rebench,minimal_verify,>0.15,0.1743033459194132,0.3934138071480506,1.0,1.0,0.0,1.0,-0.5693483790003357,2
rebench,oracle_src,<=0,-0.13822282300375086,-0.13822282300375086,0.0,0.16,1.0,0.68,-0.01636830283994526,25
rebench,oracle_src,"(0,0.03]",0.016529208984176733,0.016529208984176733,1.0,0.14285714285714285,1.0,1.0,-0.12972151320366454,14
rebench,oracle_src,"(0.03,0.08]",0.05784028632083254,0.05784028632083254,1.0,0.13513513513513514,1.0,1.0,-0.17532567911835648,37
rebench,oracle_src,"(0.08,0.15]",0.12114722416953233,0.12114722416953233,1.0,0.4012738853503185,0.8853503184713376,1.0,-0.23614861760577607,157
rebench,oracle_src,>0.15,0.20026772172859952,0.20026772172859952,1.0,0.5655430711610487,0.4868913857677903,1.0,-0.31932401190645954,267
rebench,pareto_camc_rsrc_anchor,<=0,-0.1699740595288295,-0.0873575245722849,0.35294117647058826,0.17647058823529413,1.0,0.7647058823529411,-0.04999104280013583,17
rebench,pareto_camc_rsrc_anchor,"(0,0.03]",0.01892820865867272,0.1273046450375541,1.0,0.25,1.0,1.0,-0.21067985629669037,12
rebench,pareto_camc_rsrc_anchor,"(0.03,0.08]",0.05860980451687852,0.19134358860031747,1.0,0.3611111111111111,1.0,1.0,-0.27054252968928244,36
rebench,pareto_camc_rsrc_anchor,"(0.08,0.15]",0.12252271469117279,0.24436000753420073,1.0,0.6703910614525139,0.5027932960893855,1.0,-0.34310116695733545,179
rebench,pareto_camc_rsrc_anchor,>0.15,0.19276587628378786,0.28524232372911784,1.0,0.6875,0.4140625,1.0,-0.38361413282053597,256
rebench,pareto_camc_sempc_candidate,<=0,-0.15952468640830753,-0.07688105301417153,0.35294117647058826,0.29411764705882354,1.0,0.7647058823529411,-0.05983762750509348,17
rebench,pareto_camc_sempc_candidate,"(0,0.03]",0.017337297985927584,0.1345301516887783,1.0,0.2222222222222222,1.0,1.0,-0.21587194049770794,9
rebench,pareto_camc_sempc_candidate,"(0.03,0.08]",0.054900030898915514,0.1932756234187414,1.0,0.5161290322580645,1.0,1.0,-0.2746733055530508,31
rebench,pareto_camc_sempc_candidate,"(0.08,0.15]",0.12087954382298435,0.24620779443625682,1.0,0.5916666666666667,0.6833333333333333,1.0,-0.3232334149384428,120
rebench,pareto_camc_sempc_candidate,>0.15,0.20369185229004869,0.297564568374944,1.0,0.7616099071207431,0.30959752321981426,1.0,-0.3724592019992673,323
rebench,pareto_camc_static_anchor,<=0,-0.16622256906803962,-0.083602494415833,0.35294117647058826,0.29411764705882354,1.0,0.7647058823529411,-0.0568103075491226,17
rebench,pareto_camc_static_anchor,"(0,0.03]",0.018193413677045144,0.13158050557642248,1.0,0.3,1.0,1.0,-0.21745862431720134,10
rebench,pareto_camc_static_anchor,"(0.03,0.08]",0.0565524630262371,0.1915175887382922,1.0,0.53125,1.0,1.0,-0.2789113103740495,32
rebench,pareto_camc_static_anchor,"(0.08,0.15]",0.12148658931096562,0.24508451187812164,1.0,0.6456692913385826,0.6220472440944882,1.0,-0.32291018199725113,127
rebench,pareto_camc_static_anchor,>0.15,0.20876071666054294,0.3020884230015718,1.0,0.8121019108280255,0.2643312101910828,1.0,-0.3726137134446248,314
rebench,plain_mpc,<=0,-0.050938194553661297,0.04472781864206572,0.8426229508196721,0.12459016393442623,1.0,0.9639344262295082,-0.1791635602060041,305
rebench,plain_mpc,"(0,0.03]",0.00895295366777046,0.10238152193740682,1.0,0.15862068965517243,1.0,1.0,-0.2523151500297664,145
rebench,plain_mpc,"(0.03,0.08]",0.05257540696420803,0.169091805536324,1.0,0.5,1.0,1.0,-0.3595204270872149,34
rebench,plain_mpc,"(0.08,0.15]",0.10590796497280408,0.30228459405371766,1.0,0.9333333333333333,0.4,1.0,-0.45801080394652,15
rebench,plain_mpc,>0.15,0.15331816680391752,0.24746352068695054,1.0,1.0,1.0,1.0,-0.42751426994870584,1
rebench,rsrc,<=0,-0.1699740595288295,-0.0873575245722849,0.35294117647058826,0.17647058823529413,1.0,0.7647058823529411,-0.04999104280013583,17
rebench,rsrc,"(0,0.03]",0.01892820865867272,0.1273046450375541,1.0,0.25,1.0,1.0,-0.21067985629669037,12
rebench,rsrc,"(0.03,0.08]",0.05860980451687852,0.19134358860031747,1.0,0.3611111111111111,1.0,1.0,-0.27054252968928244,36
rebench,rsrc,"(0.08,0.15]",0.12252271469117279,0.24436000753420073,1.0,0.6703910614525139,0.5027932960893855,1.0,-0.34310116695733545,179
rebench,rsrc,>0.15,0.19276587628378786,0.28524232372911784,1.0,0.6875,0.4140625,1.0,-0.38361413282053597,256
rebench,rsrc_no_context,<=0,-0.16997724988598573,-0.08736071492944117,0.35294117647058826,0.17647058823529413,1.0,0.7647058823529411,-0.049981826212795524,17
rebench,rsrc_no_context,"(0,0.03]",0.01892818616962308,0.12730462254850447,1.0,0.25,1.0,1.0,-0.2106797913283247,12
rebench,rsrc_no_context,"(0.03,0.08]",0.05860855530543661,0.19134233938887557,1.0,0.3611111111111111,1.0,1.0,-0.2705389208562281,36
rebench,rsrc_no_context,"(0.08,0.15]",0.12256883582247481,0.24477484021475174,1.0,0.6666666666666666,0.5084745762711864,1.0,-0.34384753973927124,177
rebench,rsrc_no_context,>0.15,0.1932066573512541,0.2856780108118905,1.0,0.689922480620155,0.4108527131782946,1.0,-0.38479437020964175,258
rebench,rsrc_no_recovery,<=0,-0.16900432105081373,-0.09673390611638073,0.3125,0.125,1.0,0.75,-0.040661904633322046,16
rebench,rsrc_no_recovery,"(0,0.03]",0.019806996694355854,0.12323459028470023,1.0,0.5,1.0,1.0,-0.21540976342086135,6
rebench,rsrc_no_recovery,"(0.03,0.08]",0.056768415424356525,0.17448655483429576,1.0,0.2727272727272727,1.0,1.0,-0.2578208633657731,33
rebench,rsrc_no_recovery,"(0.08,0.15]",0.1246770191034101,0.23351794200285467,1.0,0.6482758620689655,0.5655172413793104,1.0,-0.3298620618912592,145
rebench,rsrc_no_recovery,>0.15,0.2003055120229681,0.2811001662074328,1.0,0.6866666666666666,0.3933333333333333,1.0,-0.38219334672972416,300
rebench,se_mpc,<=0,-0.17002509847000044,-0.08740898633596421,0.35294117647058826,0.17647058823529413,1.0,0.7647058823529411,-0.0499285851619134,17
rebench,se_mpc,"(0,0.03]",0.01796613079545108,0.13391890663058553,1.0,0.3076923076923077,1.0,1.0,-0.2230902102845736,13
rebench,se_mpc,"(0.03,0.08]",0.05913098618381466,0.18974612923303433,1.0,0.34285714285714286,1.0,1.0,-0.2665726825469993,35
rebench,se_mpc,"(0.08,0.15]",0.12223768878934678,0.24408404681930826,1.0,0.6629834254143646,0.5138121546961326,1.0,-0.34232299772226576,181
rebench,se_mpc,>0.15,0.1929295471159091,0.28549178033369027,1.0,0.6929133858267716,0.41338582677165353,1.0,-0.38403503002764183,254
rebench,static_aggressive,<=0,-0.12753539024266633,-0.021328474145830202,0.6071428571428571,0.14285714285714285,1.0,0.8928571428571429,-0.1892168967852364,56
rebench,static_aggressive,"(0,0.03]",0.01582248527183559,0.13498767605727313,1.0,0.26666666666666666,1.0,1.0,-0.29901975027292166,30
rebench,static_aggressive,"(0.03,0.08]",0.05667697444383244,0.1822810237993073,1.0,0.2891566265060241,1.0,1.0,-0.33275571013269734,83
rebench,static_aggressive,"(0.08,0.15]",0.11762086720464786,0.23546329065444774,1.0,0.41361256544502617,0.8481675392670157,1.0,-0.37418597993718666,191
rebench,static_aggressive,>0.15,0.1912699983672372,0.2795812594854266,1.0,0.6357142857142857,0.4642857142857143,1.0,-0.4136212954638394,140
rebench,static_conservative,<=0,-0.16622256906803962,-0.083602494415833,0.35294117647058826,0.29411764705882354,1.0,0.7647058823529411,-0.0568103075491226,17
rebench,static_conservative,"(0,0.03]",0.018193413677045144,0.13158050557642248,1.0,0.3,1.0,1.0,-0.21745862431720134,10
rebench,static_conservative,"(0.03,0.08]",0.0565524630262371,0.1915175887382922,1.0,0.53125,1.0,1.0,-0.2789113103740495,32
rebench,static_conservative,"(0.08,0.15]",0.12148658931096562,0.24508451187812164,1.0,0.6456692913385826,0.6220472440944882,1.0,-0.32291018199725113,127
rebench,static_conservative,>0.15,0.20876071666054294,0.3020884230015718,1.0,0.8121019108280255,0.2643312101910828,1.0,-0.3726137134446248,314
smith,adaptive_threshold,<=0,-0.26748057015202104,-0.17169538281381322,0.22758620689655173,0.1103448275862069,1.0,0.45517241379310347,0.07203555850942184,145
smith,adaptive_threshold,"(0,0.03]",0.01668866449916696,0.12610904762024996,1.0,0.2,1.0,1.0,-0.1955412115594837,25
smith,adaptive_threshold,"(0.03,0.08]",0.055466534089934995,0.17353697542437768,1.0,0.4594594594594595,0.9864864864864865,1.0,-0.230992176167377,74
smith,adaptive_threshold,"(0.08,0.15]",0.11603683417195765,0.2189998018557255,1.0,0.5192307692307693,0.7115384615384616,1.0,-0.27185267490209875,156
smith,adaptive_threshold,>0.15,0.18195149660849552,0.2664853750400073,1.0,0.66,0.51,1.0,-0.3154169171930185,100
smith,always_verify,<=0,-0.26323316714530237,-0.16777343094378735,0.21678321678321677,0.0979020979020979,1.0,0.45454545454545453,0.076020238282847,143
smith,always_verify,"(0,0.03]",0.016718304125378385,0.13933970714581723,1.0,0.16,1.0,1.0,-0.19619777604482533,25
smith,always_verify,"(0.03,0.08]",0.06161231820884665,0.17430604472157626,1.0,0.22535211267605634,0.9859154929577465,1.0,-0.22637645068334714,71
smith,always_verify,"(0.08,0.15]",0.11685137223071687,0.22342312369030704,1.0,0.20930232558139536,0.8837209302325582,1.0,-0.25836229741687117,129
smith,always_verify,>0.15,0.18728112819755036,0.2738339788173662,1.0,0.3333333333333333,0.8560606060606061,1.0,-0.29852058012925675,132
smith,always_verify_throttle,<=0,-0.26314490218104164,-0.16768504583427726,0.21678321678321677,0.1048951048951049,1.0,0.45454545454545453,0.0757692237043211,143
smith,always_verify_throttle,"(0,0.03]",0.01681380013683874,0.1394352052752623,1.0,0.16,1.0,1.0,-0.1964014069216378,25
smith,always_verify_throttle,"(0.03,0.08]",0.06147369475651712,0.1724711353228988,1.0,0.21428571428571427,1.0,1.0,-0.2237553909888314,70
smith,always_verify_throttle,"(0.08,0.15]",0.11669839293509741,0.2232752782840953,1.0,0.20634920634920634,0.8968253968253969,1.0,-0.255963585642949,126
smith,always_verify_throttle,>0.15,0.18800716827077815,0.2754145451036429,1.0,0.375,0.8088235294117647,1.0,-0.2977722338928923,136
smith,camc_rsrc_anchor,<=0,-0.26401674328841523,-0.16816140901906437,0.2206896551724138,0.10344827586206896,1.0,0.45517241379310347,0.07354235219762432,145
smith,camc_rsrc_anchor,"(0,0.03]",0.016160537043501,0.13505990623477485,1.0,0.24,1.0,1.0,-0.19701147187940546,25
smith,camc_rsrc_anchor,"(0.03,0.08]",0.05838344258527655,0.17316269310668908,1.0,0.25675675675675674,0.9864864864864865,1.0,-0.2267055639866491,74
smith,camc_rsrc_anchor,"(0.08,0.15]",0.11534698690861711,0.21932089166176214,1.0,0.33088235294117646,0.8823529411764706,1.0,-0.2624215938674417,136
smith,camc_rsrc_anchor,>0.15,0.18621449044664998,0.272813281701964,1.0,0.43333333333333335,0.7416666666666667,1.0,-0.30301688747601335,120
smith,camc_sempc_candidate,<=0,-0.26401674328841523,-0.16816140901906437,0.2206896551724138,0.10344827586206896,1.0,0.45517241379310347,0.07354235219762432,145
smith,camc_sempc_candidate,"(0,0.03]",0.016160537043501,0.13505990623477485,1.0,0.24,1.0,1.0,-0.19701147187940546,25
smith,camc_sempc_candidate,"(0.03,0.08]",0.05838344258527655,0.17316269310668908,1.0,0.25675675675675674,0.9864864864864865,1.0,-0.2267055639866491,74
smith,camc_sempc_candidate,"(0.08,0.15]",0.11534698690861711,0.21932089166176214,1.0,0.33088235294117646,0.8823529411764706,1.0,-0.2624215938674417,136
smith,camc_sempc_candidate,>0.15,0.18621449044664998,0.272813281701964,1.0,0.43333333333333335,0.7416666666666667,1.0,-0.30301688747601335,120
smith,camc_static_anchor,<=0,-0.26569973786579554,-0.17026227695015347,0.2097902097902098,0.1048951048951049,1.0,0.46153846153846156,0.07672985085698776,143
smith,camc_static_anchor,"(0,0.03]",0.016156250968239916,0.13572210777769503,1.0,0.2,1.0,1.0,-0.20031185643634977,25
smith,camc_static_anchor,"(0.03,0.08]",0.05972409147542398,0.1729977335725612,1.0,0.25333333333333335,1.0,1.0,-0.2245123736923423,75
smith,camc_static_anchor,"(0.08,0.15]",0.11518672323134391,0.21922516889673102,1.0,0.22033898305084745,0.923728813559322,1.0,-0.25101392400508693,118
smith,camc_static_anchor,>0.15,0.18791631666728842,0.2766615183949004,1.0,0.49640287769784175,0.6546762589928058,1.0,-0.300502398572214,139
smith,greedy_myopic,<=0,-0.27259056072052845,-0.17278398619169463,0.37037037037037035,0.07407407407407407,1.0,0.6157407407407407,-0.014793528732849184,216
smith,greedy_myopic,"(0,0.03]",0.016029124657901288,0.13359574776790703,1.0,0.13636363636363635,1.0,1.0,-0.24154142333784687,44
smith,greedy_myopic,"(0.03,0.08]",0.055425152747593395,0.16967326300720353,1.0,0.16883116883116883,0.987012987012987,1.0,-0.2671659850913213,77
smith,greedy_myopic,"(0.08,0.15]",0.11483535862065745,0.21312026577341175,1.0,0.2892561983471074,0.9173553719008265,1.0,-0.3058113416956216,121
smith,greedy_myopic,>0.15,0.17511444446760882,0.26028852546233644,1.0,0.40476190476190477,0.6904761904761905,1.0,-0.34604082489905896,42
smith,headroom_only,<=0,-0.262542361315584,-0.17836719267431622,0.18705035971223022,0.09352517985611511,1.0,0.4316546762589928,0.08465782886901568,139
smith,headroom_only,"(0,0.03]",0.015183330492242167,0.12197847011777764,1.0,0.23529411764705882,1.0,1.0,-0.1929991211489139,17
smith,headroom_only,"(0.03,0.08]",0.058650433547213617,0.15817647490011127,1.0,0.24242424242424243,0.9848484848484849,1.0,-0.21438997229185341,66
smith,headroom_only,"(0.08,0.15]",0.11742718724701877,0.21545779352110866,1.0,0.22962962962962963,0.8888888888888888,1.0,-0.25462706660975953,135
smith,headroom_only,>0.15,0.19290580171235838,0.26907478671417934,1.0,0.38461538461538464,0.7412587412587412,1.0,-0.2994780072874487,143
smith,maxweight_backlog,<=0,-0.26596925621472495,-0.17053275951908187,0.2097902097902098,0.0979020979020979,1.0,0.44755244755244755,0.07732230697748942,143
smith,maxweight_backlog,"(0,0.03]",0.015934808847041806,0.13550090178052046,1.0,0.16,1.0,1.0,-0.1998880246384373,25
smith,maxweight_backlog,"(0.03,0.08]",0.0594146620337631,0.17268893186845702,1.0,0.24,1.0,1.0,-0.22392196988637403,75
smith,maxweight_backlog,"(0.08,0.15]",0.11652875448197375,0.22252424152979677,1.0,0.2265625,0.875,1.0,-0.2587803976733369,128
smith,maxweight_backlog,>0.15,0.18680388355471617,0.27340695561687,1.0,0.43410852713178294,0.7209302325581395,1.0,-0.30219871817079785,129
smith,minimal_verify,<=0,-0.4493778960306042,-0.355316682426201,0.01609657947686117,0.004024144869215292,1.0,0.0482897384305835,0.24326934824032184,497
smith,minimal_verify,"(0.03,0.08]",0.03633945526931681,0.2402746273071774,1.0,0.0,1.0,1.0,-0.3741152847308364,1
smith,minimal_verify,"(0.08,0.15]",0.10282327461356469,0.31508573147681007,1.0,1.0,0.0,1.0,-0.4833204896783828,2
smith,oracle_src,<=0,-0.2540300270294517,-0.2540300270294517,0.0,0.0625,1.0,0.2857142857142857,0.14965248910851264,112
smith,oracle_src,"(0,0.03]",0.01251978583536754,0.01251978583536754,1.0,0.16666666666666666,1.0,1.0,-0.12781783103092303,6
smith,oracle_src,"(0.03,0.08]",0.05891231261948163,0.05891231261948163,1.0,0.3125,1.0,1.0,-0.1426926297494346,16
smith,oracle_src,"(0.08,0.15]",0.12122641093378232,0.12122641093378232,1.0,0.4268292682926829,0.6707317073170732,1.0,-0.20692559961350754,82
smith,oracle_src,>0.15,0.22048442197668797,0.22048442197668797,1.0,0.45422535211267606,0.5387323943661971,1.0,-0.2872497528605435,284
smith,pareto_camc_rsrc_anchor,<=0,-0.26550079448381136,-0.170063038999601,0.2097902097902098,0.0979020979020979,1.0,0.46153846153846156,0.0766726899001037,143
smith,pareto_camc_rsrc_anchor,"(0,0.03]",0.016154452700861858,0.1357203217414418,1.0,0.2,1.0,1.0,-0.2003065845599176,25
smith,pareto_camc_rsrc_anchor,"(0.03,0.08]",0.05970768498423848,0.17298140124350717,1.0,0.24,1.0,1.0,-0.224446570182924,75
smith,pareto_camc_rsrc_anchor,"(0.08,0.15]",0.11546707099167516,0.21922674253793503,1.0,0.2184873949579832,0.9243697478991597,1.0,-0.2506988422823656,119
smith,pareto_camc_rsrc_anchor,>0.15,0.1877632171350431,0.2766828290580764,1.0,0.4855072463768116,0.6739130434782609,1.0,-0.30109078579741,138
smith,pareto_camc_sempc_candidate,<=0,-0.26550079448381136,-0.170063038999601,0.2097902097902098,0.0979020979020979,1.0,0.46153846153846156,0.0766726899001037,143
smith,pareto_camc_sempc_candidate,"(0,0.03]",0.016154452700861858,0.1357203217414418,1.0,0.2,1.0,1.0,-0.2003065845599176,25
smith,pareto_camc_sempc_candidate,"(0.03,0.08]",0.05970768498423848,0.17298140124350717,1.0,0.24,1.0,1.0,-0.224446570182924,75
smith,pareto_camc_sempc_candidate,"(0.08,0.15]",0.11546707099167516,0.21922674253793503,1.0,0.2184873949579832,0.9243697478991597,1.0,-0.2506988422823656,119
smith,pareto_camc_sempc_candidate,>0.15,0.1877632171350431,0.2766828290580764,1.0,0.4855072463768116,0.6739130434782609,1.0,-0.30109078579741,138
smith,pareto_camc_static_anchor,<=0,-0.26569973786579554,-0.17026227695015347,0.2097902097902098,0.1048951048951049,1.0,0.46153846153846156,0.07672985085698776,143
smith,pareto_camc_static_anchor,"(0,0.03]",0.016156250968239916,0.13572210777769503,1.0,0.2,1.0,1.0,-0.20031185643634977,25
smith,pareto_camc_static_anchor,"(0.03,0.08]",0.05972409147542398,0.1729977335725612,1.0,0.25333333333333335,1.0,1.0,-0.2245123736923423,75
smith,pareto_camc_static_anchor,"(0.08,0.15]",0.11518672323134391,0.21922516889673102,1.0,0.22033898305084745,0.923728813559322,1.0,-0.25101392400508693,118
smith,pareto_camc_static_anchor,>0.15,0.18791631666728842,0.2766615183949004,1.0,0.49640287769784175,0.6546762589928058,1.0,-0.300502398572214,139
smith,plain_mpc,<=0,-0.1756281198319982,-0.07611790592178902,0.5461254612546126,0.25461254612546125,1.0,0.6826568265682657,-0.04003096502254632,271
smith,plain_mpc,"(0,0.03]",0.00993182479779006,0.1113746375053208,1.0,0.43564356435643564,1.0,1.0,-0.23279341890296795,101
smith,plain_mpc,"(0.03,0.08]",0.054045803620222606,0.15496757225421845,1.0,0.515625,1.0,1.0,-0.28956774247726436,64
smith,plain_mpc,"(0.08,0.15]",0.10862165013599175,0.21258386673592505,1.0,0.8214285714285714,0.75,1.0,-0.33119690559389187,56
smith,plain_mpc,>0.15,0.1709556207399171,0.26068715422737143,1.0,1.0,0.0,1.0,-0.38105733389314045,8
smith,rsrc,<=0,-0.26605470798350556,-0.17061721495583423,0.2097902097902098,0.0979020979020979,1.0,0.44755244755244755,0.07749623018786507,143
smith,rsrc,"(0,0.03]",0.015872829942958123,0.13543891945747133,1.0,0.16,1.0,1.0,-0.19975042494282544,25
smith,rsrc,"(0.03,0.08]",0.059867049565636585,0.17404195218208002,1.0,0.2597402597402597,0.987012987012987,1.0,-0.2262150006574917,77
smith,rsrc,"(0.08,0.15]",0.11681490772120941,0.22202693519285477,1.0,0.2265625,0.8671875,1.0,-0.2596160872749372,128
smith,rsrc,>0.15,0.18587222820783592,0.272704915197056,1.0,0.41732283464566927,0.7401574803149606,1.0,-0.3023571516528593,127
smith,rsrc_no_context,<=0,-0.26605470798350556,-0.17061721495583423,0.2097902097902098,0.0979020979020979,1.0,0.44755244755244755,0.07749623018786507,143
smith,rsrc_no_context,"(0,0.03]",0.015872829942958123,0.13543891945747133,1.0,0.16,1.0,1.0,-0.19975042494282544,25
smith,rsrc_no_context,"(0.03,0.08]",0.059867049565636585,0.17404195218208002,1.0,0.2597402597402597,0.987012987012987,1.0,-0.2262150006574917,77
smith,rsrc_no_context,"(0.08,0.15]",0.11681490772120941,0.22202693519285477,1.0,0.2265625,0.8671875,1.0,-0.2596160872749372,128
smith,rsrc_no_context,>0.15,0.18587222820783592,0.272704915197056,1.0,0.41732283464566927,0.7401574803149606,1.0,-0.3023571516528593,127
smith,rsrc_no_recovery,<=0,-0.262542361315584,-0.17836719267431622,0.18705035971223022,0.09352517985611511,1.0,0.4316546762589928,0.08465782886901568,139
smith,rsrc_no_recovery,"(0,0.03]",0.015183330492242167,0.12197847011777764,1.0,0.23529411764705882,1.0,1.0,-0.1929991211489139,17
smith,rsrc_no_recovery,"(0.03,0.08]",0.058650433547213617,0.15817647490011127,1.0,0.24242424242424243,0.9848484848484849,1.0,-0.21438997229185341,66
smith,rsrc_no_recovery,"(0.08,0.15]",0.11742718724701877,0.21545779352110866,1.0,0.22962962962962963,0.8888888888888888,1.0,-0.25462706660975953,135
smith,rsrc_no_recovery,>0.15,0.19290580171235838,0.26907478671417934,1.0,0.38461538461538464,0.7412587412587412,1.0,-0.2994780072874487,143
smith,se_mpc,<=0,-0.26605470798350556,-0.17061721495583423,0.2097902097902098,0.0979020979020979,1.0,0.44755244755244755,0.07749623018786507,143
smith,se_mpc,"(0,0.03]",0.015872829942958123,0.13543891945747133,1.0,0.16,1.0,1.0,-0.19975042494282544,25
smith,se_mpc,"(0.03,0.08]",0.059867049565636585,0.17404195218208002,1.0,0.2597402597402597,0.987012987012987,1.0,-0.2262150006574917,77
smith,se_mpc,"(0.08,0.15]",0.11681490772120941,0.22202693519285477,1.0,0.2265625,0.8671875,1.0,-0.2596160872749372,128
smith,se_mpc,>0.15,0.18587222820783592,0.272704915197056,1.0,0.41732283464566927,0.7401574803149606,1.0,-0.3023571516528593,127
smith,static_aggressive,<=0,-0.28979882525778816,-0.18972084676770148,0.3815789473684211,0.04824561403508772,1.0,0.6359649122807017,-0.02186388364633579,228
smith,static_aggressive,"(0,0.03]",0.01430677780147918,0.13691269397256106,1.0,0.10256410256410256,1.0,1.0,-0.24896989511251724,39
smith,static_aggressive,"(0.03,0.08]",0.05492236242056039,0.1710970347361472,1.0,0.09859154929577464,0.9859154929577465,1.0,-0.2727073897043458,71
smith,static_aggressive,"(0.08,0.15]",0.11297241017761293,0.21502056062557684,1.0,0.12727272727272726,0.9818181818181818,1.0,-0.30281175664756443,110
smith,static_aggressive,>0.15,0.17582458500484657,0.26106663975979505,1.0,0.2692307692307692,0.9423076923076923,1.0,-0.34232464605617563,52
smith,static_conservative,<=0,-0.26569973786579554,-0.17026227695015347,0.2097902097902098,0.1048951048951049,1.0,0.46153846153846156,0.07672985085698776,143
smith,static_conservative,"(0,0.03]",0.016156250968239916,0.13572210777769503,1.0,0.2,1.0,1.0,-0.20031185643634977,25
smith,static_conservative,"(0.03,0.08]",0.05972409147542398,0.1729977335725612,1.0,0.25333333333333335,1.0,1.0,-0.2245123736923423,75
smith,static_conservative,"(0.08,0.15]",0.11518672323134391,0.21922516889673102,1.0,0.22033898305084745,0.923728813559322,1.0,-0.25101392400508693,118
smith,static_conservative,>0.15,0.18791631666728842,0.2766615183949004,1.0,0.49640287769784175,0.6546762589928058,1.0,-0.300502398572214,139
test,adaptive_threshold,<=0,-0.11427555631011244,0.004640227927129174,0.6470588235294118,0.47058823529411764,1.0,0.9411764705882353,-0.157403573795698,34
test,adaptive_threshold,"(0,0.03]",0.01749475768934023,0.1311302513231644,1.0,0.6176470588235294,1.0,1.0,-0.26514661885112334,34
test,adaptive_threshold,"(0.03,0.08]",0.05655231953029107,0.17417944418739104,1.0,0.7472527472527473,1.0,1.0,-0.29458038301779915,91
test,adaptive_threshold,"(0.08,0.15]",0.11910901722990046,0.21876733552516445,1.0,0.8227848101265823,0.6244725738396625,1.0,-0.34963483077245733,237
test,adaptive_threshold,>0.15,0.17234422322127374,0.26129991364906957,1.0,0.8942307692307693,0.15384615384615385,1.0,-0.41098757868036195,104
test,always_verify,<=0,-0.13539594243387942,-0.01726021971373939,0.6666666666666666,0.1111111111111111,1.0,0.8888888888888888,-0.12849839124695134,18
test,always_verify,"(0,0.03]",0.017981365908619006,0.12678521972430096,1.0,0.2,1.0,1.0,-0.24339874356608035,5
test,always_verify,"(0.03,0.08]",0.06334487963254244,0.21565487611444126,1.0,0.24,1.0,1.0,-0.3020721749023338,25
test,always_verify,"(0.08,0.15]",0.12157932742436751,0.24975446594958556,1.0,0.31756756756756754,0.8175675675675675,1.0,-0.34612450814519613,148
test,always_verify,>0.15,0.19843328450250625,0.2884699555024204,1.0,0.40789473684210525,0.7467105263157895,1.0,-0.38314888133793434,304
test,always_verify_throttle,<=0,-0.14309657016754695,-0.02843302431953557,0.6470588235294118,0.17647058823529413,1.0,0.8823529411764706,-0.11953614961062074,17
test,always_verify_throttle,"(0,0.03]",0.015348436758948406,0.1355455461764042,1.0,0.3333333333333333,1.0,1.0,-0.25285269897639284,6
test,always_verify_throttle,"(0.03,0.08]",0.06303330828953106,0.21478721243368185,1.0,0.20833333333333334,1.0,1.0,-0.3034980125466023,24
test,always_verify_throttle,"(0.08,0.15]",0.12196946599766126,0.24915338572022241,1.0,0.3120567375886525,0.8368794326241135,1.0,-0.33877441091977245,141
test,always_verify_throttle,>0.15,0.2010738165040808,0.2914678969187631,1.0,0.47435897435897434,0.6923076923076923,1.0,-0.38072994243141656,312
test,camc_rsrc_anchor,<=0,-0.13691319330925503,-0.0215195704967878,0.6842105263157895,0.3157894736842105,1.0,0.8947368421052632,-0.1323005444554527,19
test,camc_rsrc_anchor,"(0,0.03]",0.015846095943719423,0.12682155171896062,1.0,0.3333333333333333,1.0,1.0,-0.24411299508792197,6
test,camc_rsrc_anchor,"(0.03,0.08]",0.06324545257435335,0.20517325272554726,1.0,0.4,1.0,1.0,-0.3049963377804119,35
test,camc_rsrc_anchor,"(0.08,0.15]",0.12164728161095724,0.24121354102912462,1.0,0.5522388059701493,0.6567164179104478,1.0,-0.35738889943154256,201
test,camc_rsrc_anchor,>0.15,0.18714388185163183,0.2767120909631204,1.0,0.6861924686192469,0.4100418410041841,1.0,-0.40423239943549744,239
test,camc_sempc_candidate,<=0,-0.12998994568161157,-0.01660975359237453,0.5909090909090909,0.3181818181818182,1.0,0.9090909090909091,-0.13598381122250816,22
test,camc_sempc_candidate,"(0,0.03]",0.01509908079531995,0.15417247352443778,1.0,0.375,1.0,1.0,-0.27346407626878333,8
test,camc_sempc_candidate,"(0.03,0.08]",0.06281370311427151,0.19884239104263673,1.0,0.43478260869565216,1.0,1.0,-0.3029040224182464,46
test,camc_sempc_candidate,"(0.08,0.15]",0.11788368018226768,0.22906340058093907,1.0,0.6533333333333333,0.7777777777777778,1.0,-0.35499679697821623,225
test,camc_sempc_candidate,>0.15,0.18355676174334803,0.2734839248218798,1.0,0.678391959798995,0.457286432160804,1.0,-0.40763701990458723,199
test,camc_static_anchor,<=0,-0.13522816327455642,-0.01983285104170079,0.6842105263157895,0.42105263157894735,1.0,0.8947368421052632,-0.13579494833539593,19
test,camc_static_anchor,"(0,0.03]",0.01750093589857062,0.12847790814346596,1.0,0.3333333333333333,1.0,1.0,-0.2472019436199471,6
test,camc_static_anchor,"(0.03,0.08]",0.06286250615658781,0.21530260081998384,1.0,0.39285714285714285,1.0,1.0,-0.31169895486896143,28
test,camc_static_anchor,"(0.08,0.15]",0.11935716012159524,0.24182331341964494,1.0,0.5033112582781457,0.7284768211920529,1.0,-0.3419206649582156,151
test,camc_static_anchor,>0.15,0.1968046983469572,0.2873201834162401,1.0,0.7736486486486487,0.2939189189189189,1.0,-0.39275654752704225,296
test,greedy_myopic,<=0,-0.08328418678592456,0.04399908164325255,0.8064516129032258,0.3118279569892473,1.0,0.967741935483871,-0.2504580702127223,93
test,greedy_myopic,"(0,0.03]",0.015022783968176478,0.13536514705261565,1.0,0.27692307692307694,1.0,1.0,-0.32062193810434575,65
test,greedy_myopic,"(0.03,0.08]",0.05376694224398385,0.15947442965994393,1.0,0.375,1.0,1.0,-0.34314646924953307,120
test,greedy_myopic,"(0.08,0.15]",0.11298948301135235,0.20974122386440572,1.0,0.5973154362416108,0.825503355704698,1.0,-0.38810946039063077,149
test,greedy_myopic,>0.15,0.17938202084823354,0.27189226237788605,1.0,0.8493150684931506,0.2876712328767123,1.0,-0.448658798985061,73
test,headroom_only,<=0,-0.13791231979484028,-0.03542287679839443,0.6470588235294118,0.29411764705882354,1.0,0.8823529411764706,-0.12160545452478187,17
test,headroom_only,"(0,0.03]",0.00945871643824256,0.1323372476145979,1.0,0.0,1.0,1.0,-0.27564107806120347,4
test,headroom_only,"(0.03,0.08]",0.058282774583548504,0.19260039602956883,1.0,0.3333333333333333,1.0,1.0,-0.2940664276949651,18
test,headroom_only,"(0.08,0.15]",0.12200521705613471,0.23532867892959464,1.0,0.5,0.6927710843373494,1.0,-0.34943633807710006,166
test,headroom_only,>0.15,0.19612680819055975,0.2731748326715771,1.0,0.6745762711864407,0.423728813559322,1.0,-0.4007459681167816,295
test,maxweight_backlog,<=0,-0.13645538353364925,-0.02106144579525542,0.6842105263157895,0.3157894736842105,1.0,0.8947368421052632,-0.13328701505818172,19
test,maxweight_backlog,"(0,0.03]",0.0163310968340132,0.1273070693871563,1.0,0.3333333333333333,1.0,1.0,-0.24495141662319708,6
test,maxweight_backlog,"(0.03,0.08]",0.0625128278332812,0.21541390900844176,1.0,0.3448275862068966,1.0,1.0,-0.30916666946349086,29
test,maxweight_backlog,"(0.08,0.15]",0.12089619083856448,0.2403616852729483,1.0,0.5405405405405406,0.6756756756756757,1.0,-0.3494739658940054,185
test,maxweight_backlog,>0.15,0.19140789174659503,0.28187012430003444,1.0,0.7318007662835249,0.36398467432950193,1.0,-0.4021658885198363,261
test,minimal_verify,<=0,-0.12199447188228303,-0.026288234028149903,0.31781376518218624,0.0,1.0,0.937246963562753,-0.07496835669882958,494
test,minimal_verify,"(0,0.03]",0.016698971146464903,0.21682193466555533,1.0,0.0,1.0,1.0,-0.40240541662422513,1
test,minimal_verify,"(0.03,0.08]",0.05306641979165805,0.2596940667014719,1.0,0.6666666666666666,1.0,1.0,-0.43865240858732374,3
test,minimal_verify,>0.15,0.162931106178528,0.3751935630417734,1.0,1.0,0.0,1.0,-0.5695103150558714,2
test,oracle_src,<=0,-0.16027054027033644,-0.16027054027033644,0.0,0.125,1.0,0.8125,-0.019806557395584377,16
test,oracle_src,"(0,0.03]",0.01559151097209921,0.01559151097209921,1.0,0.25,1.0,1.0,-0.14559755792870377,4
test,oracle_src,"(0.03,0.08]",0.05968300633927509,0.05968300633927509,1.0,0.3225806451612903,1.0,1.0,-0.2028608210148304,31
test,oracle_src,"(0.08,0.15]",0.1224241808985034,0.1224241808985034,1.0,0.5094339622641509,0.8238993710691824,1.0,-0.26089335947564574,159
test,oracle_src,>0.15,0.19025136933994552,0.19025136933994552,1.0,0.7103448275862069,0.3620689655172414,1.0,-0.34362983922785534,290
test,pareto_camc_rsrc_anchor,<=0,-0.1368996875745701,-0.021506080524736997,0.6842105263157895,0.3157894736842105,1.0,0.8947368421052632,-0.13235647231478062,19
test,pareto_camc_rsrc_anchor,"(0,0.03]",0.015846095943752008,0.1268215517189932,1.0,0.3333333333333333,1.0,1.0,-0.24411299508801607,6
test,pareto_camc_rsrc_anchor,"(0.03,0.08]",0.06284580573676529,0.21429067548327366,1.0,0.36666666666666664,1.0,1.0,-0.3085807035354014,30
test,pareto_camc_rsrc_anchor,"(0.08,0.15]",0.1214210130043455,0.24173829319826523,1.0,0.5454545454545454,0.6414141414141414,1.0,-0.35704105925128127,198
test,pareto_camc_rsrc_anchor,>0.15,0.18647969400466405,0.2758713936543667,1.0,0.6882591093117408,0.41295546558704455,1.0,-0.40296024736713437,247
test,pareto_camc_sempc_candidate,<=0,-0.13396488085562586,-0.01856080936305759,0.6842105263157895,0.3157894736842105,1.0,0.8947368421052632,-0.13548088336905262,19
test,pareto_camc_sempc_candidate,"(0,0.03]",0.01601874181112455,0.13457211973121125,1.0,0.0,1.0,1.0,-0.24493491002656334,5
test,pareto_camc_sempc_candidate,"(0.03,0.08]",0.06191442632487125,0.2116216834686228,1.0,0.3793103448275862,1.0,1.0,-0.30927100748001995,29
test,pareto_camc_sempc_candidate,"(0.08,0.15]",0.1200248264979193,0.2439546224768455,1.0,0.4657534246575342,0.7808219178082192,1.0,-0.342105738922844,146
test,pareto_camc_sempc_candidate,>0.15,0.1968193845393754,0.2874660516832825,1.0,0.7242524916943521,0.34219269102990035,1.0,-0.3926372073708982,301
test,pareto_camc_static_anchor,<=0,-0.13496983854195263,-0.019574204812310092,0.6842105263157895,0.42105263157894735,1.0,0.8947368421052632,-0.13619662070230115,19
test,pareto_camc_static_anchor,"(0,0.03]",0.017525742392904015,0.12850271463779936,1.0,0.3333333333333333,1.0,1.0,-0.2472736068257991,6
test,pareto_camc_static_anchor,"(0.03,0.08]",0.06288023301328914,0.21532032767668516,1.0,0.39285714285714285,1.0,1.0,-0.3117501657883208,28
test,pareto_camc_static_anchor,"(0.08,0.15]",0.11951654173545821,0.24223853064142498,1.0,0.5066666666666667,0.7333333333333333,1.0,-0.34144231311145573,150
test,pareto_camc_static_anchor,>0.15,0.20075426503802987,0.2905405436134358,1.0,0.7946127946127947,0.2727272727272727,1.0,-0.3896548191277346,297
test,plain_mpc,<=0,-0.04103109209943732,0.05314202137379853,0.8984962406015038,0.17293233082706766,1.0,0.981203007518797,-0.21786455688707593,266
test,plain_mpc,"(0,0.03]",0.009553668284650485,0.11068438382570439,1.0,0.2857142857142857,1.0,1.0,-0.2851086298608442,175
test,plain_mpc,"(0.03,0.08]",0.05164676845554409,0.17074248631248268,1.0,0.7692307692307693,1.0,1.0,-0.38828388729682894,39
test,plain_mpc,"(0.08,0.15]",0.10359446929369556,0.23645217166744323,1.0,0.8823529411764706,0.7058823529411765,1.0,-0.42638981059140035,17
test,plain_mpc,>0.15,0.1610416225071054,0.310340731258084,1.0,1.0,0.0,1.0,-0.44244486770179287,3
test,rsrc,<=0,-0.1368996875745701,-0.021506080524736997,0.6842105263157895,0.3157894736842105,1.0,0.8947368421052632,-0.13235647231478062,19
test,rsrc,"(0,0.03]",0.015846095943752008,0.1268215517189932,1.0,0.3333333333333333,1.0,1.0,-0.24411299508801607,6
test,rsrc,"(0.03,0.08]",0.06284580573676529,0.21429067548327366,1.0,0.36666666666666664,1.0,1.0,-0.3085807035354014,30
test,rsrc,"(0.08,0.15]",0.1214210130043455,0.24173829319826523,1.0,0.5454545454545454,0.6414141414141414,1.0,-0.35704105925128127,198
test,rsrc,>0.15,0.18647969400466405,0.2758713936543667,1.0,0.6882591093117408,0.41295546558704455,1.0,-0.40296024736713437,247
test,rsrc_no_context,<=0,-0.13401152968423935,-0.018617922634406227,0.6842105263157895,0.3157894736842105,1.0,0.8947368421052632,-0.13650515651257827,19
test,rsrc_no_context,"(0,0.03]",0.014291634608315035,0.13095298200409403,1.0,0.25,1.0,1.0,-0.27010320195678633,4
test,rsrc_no_context,"(0.03,0.08]",0.061518061452720506,0.20747402331730652,1.0,0.3333333333333333,1.0,1.0,-0.3014069792027236,30
test,rsrc_no_context,"(0.08,0.15]",0.12133138391983025,0.24296901845034452,1.0,0.5463917525773195,0.6494845360824743,1.0,-0.35788222871731096,194
test,rsrc_no_context,>0.15,0.18701225652980386,0.2766181109708361,1.0,0.6837944664031621,0.41106719367588934,1.0,-0.40473763460523937,253
test,rsrc_no_recovery,<=0,-0.13328575399855114,-0.032443639656292524,0.6666666666666666,0.2777777777777778,1.0,0.8888888888888888,-0.12316287481857227,18
test,rsrc_no_recovery,"(0,0.03]",0.016688531628262948,0.13982042632766223,1.0,0.25,1.0,1.0,-0.2730592826986631,4
test,rsrc_no_recovery,"(0.03,0.08]",0.05780247926281347,0.1973633301595267,1.0,0.3333333333333333,1.0,1.0,-0.29609167804117575,18
test,rsrc_no_recovery,"(0.08,0.15]",0.12194914893301084,0.23416128669981948,1.0,0.5,0.6882352941176471,1.0,-0.3480880419419134,170
test,rsrc_no_recovery,>0.15,0.1954094998778587,0.2723055621829655,1.0,0.6758620689655173,0.4241379310344828,1.0,-0.3992491527306247,290
test,se_mpc,<=0,-0.1368984983228504,-0.021504880604814276,0.6842105263157895,0.3157894736842105,1.0,0.8947368421052632,-0.13235993881789362,19
test,se_mpc,"(0,0.03]",0.015876863553447102,0.12685231842118008,1.0,0.3333333333333333,1.0,1.0,-0.2442619724733032,6
test,se_mpc,"(0.03,0.08]",0.06270861961244668,0.21612154535093944,1.0,0.3870967741935484,1.0,1.0,-0.3130682139081052,31
test,se_mpc,"(0.08,0.15]",0.12165507949097137,0.2402255698731099,1.0,0.5517241379310345,0.6354679802955665,1.0,-0.3551837260587057,203
test,se_mpc,>0.15,0.18610279469950097,0.27621448357098793,1.0,0.6929460580912863,0.4066390041493776,1.0,-0.40360359805024093,241
test,static_aggressive,<=0,-0.15024574076581856,-0.02648116244043015,0.5897435897435898,0.05128205128205128,1.0,0.9487179487179487,-0.2096461375597854,39
test,static_aggressive,"(0,0.03]",0.018866789685803208,0.15187004866331688,1.0,0.1111111111111111,1.0,1.0,-0.3242398671430802,45
test,static_aggressive,"(0.03,0.08]",0.05646278127507176,0.18407473445080383,1.0,0.1919191919191919,1.0,1.0,-0.35447141682655736,99
test,static_aggressive,"(0.08,0.15]",0.11521268688908036,0.22399342666230476,1.0,0.287292817679558,0.8950276243093923,1.0,-0.389486376303834,181
test,static_aggressive,>0.15,0.1822185861334594,0.27318944593205224,1.0,0.7279411764705882,0.4411764705882353,1.0,-0.43651817855203084,136
test,static_conservative,<=0,-0.13496983854195263,-0.019574204812310092,0.6842105263157895,0.42105263157894735,1.0,0.8947368421052632,-0.13619662070230115,19
test,static_conservative,"(0,0.03]",0.017525742392904015,0.12850271463779936,1.0,0.3333333333333333,1.0,1.0,-0.2472736068257991,6
test,static_conservative,"(0.03,0.08]",0.06288023301328914,0.21532032767668516,1.0,0.39285714285714285,1.0,1.0,-0.3117501657883208,28
test,static_conservative,"(0.08,0.15]",0.11951654173545821,0.24223853064142498,1.0,0.5066666666666667,0.7333333333333333,1.0,-0.34144231311145573,150
test,static_conservative,>0.15,0.20075426503802987,0.2905405436134358,1.0,0.7946127946127947,0.2727272727272727,1.0,-0.3896548191277346,297
verified,adaptive_threshold,<=0,-0.07022859758782692,0.0404653820386235,0.8085106382978723,0.3191489361702128,1.0,0.9574468085106383,-0.18259941808582378,47
verified,adaptive_threshold,"(0,0.03]",0.01398107293060692,0.12579587900839934,1.0,0.5555555555555556,1.0,1.0,-0.24681924145362213,36
verified,adaptive_threshold,"(0.03,0.08]",0.055914574412692174,0.16261674051916022,1.0,0.49514563106796117,1.0,1.0,-0.276473146048789,103
verified,adaptive_threshold,"(0.08,0.15]",0.1162021415789784,0.2191836892282977,1.0,0.8445378151260504,0.6890756302521008,1.0,-0.34279977596791933,238
verified,adaptive_threshold,>0.15,0.17457757933453286,0.26121983944551597,1.0,0.8947368421052632,0.18421052631578946,1.0,-0.4021004245014686,76
verified,always_verify,<=0,-0.10891088483658458,0.008066231598480252,0.4444444444444444,0.3333333333333333,1.0,1.0,-0.15589894646297126,9
verified,always_verify,"(0,0.03]",0.011216586385292271,0.12439347880116458,1.0,0.3333333333333333,1.0,1.0,-0.22584496687883063,6
verified,always_verify,"(0.03,0.08]",0.06622982205819444,0.19316971803812766,1.0,0.23076923076923078,1.0,1.0,-0.28779331333841096,13
verified,always_verify,"(0.08,0.15]",0.12257741232802175,0.2638278521899059,1.0,0.4094488188976378,0.8110236220472441,1.0,-0.34846198272928897,127
verified,always_verify,>0.15,0.20220768685495194,0.29445781355988754,1.0,0.3884057971014493,0.7652173913043478,1.0,-0.37752390842259853,345
verified,always_verify_throttle,<=0,-0.10858315199430041,0.008393964440764432,0.4444444444444444,0.3333333333333333,1.0,1.0,-0.15684573024492734,9
verified,always_verify_throttle,"(0,0.03]",0.007755371352165708,0.12606151974137406,1.0,0.4,1.0,1.0,-0.23033656303540068,5
verified,always_verify_throttle,"(0.03,0.08]",0.06408220021285126,0.1882079104559646,1.0,0.21428571428571427,1.0,1.0,-0.28314663080105384,14
verified,always_verify_throttle,"(0.08,0.15]",0.1238033502821573,0.26495809629376915,1.0,0.41935483870967744,0.7983870967741935,1.0,-0.34538148042770994,124
verified,always_verify_throttle,>0.15,0.20516021681558014,0.2967827157202943,1.0,0.4367816091954023,0.7212643678160919,1.0,-0.3749943439404811,348
verified,camc_rsrc_anchor,<=0,-0.11081985279430878,0.008451307168425399,0.5454545454545454,0.2727272727272727,1.0,1.0,-0.16004047099983437,11
verified,camc_rsrc_anchor,"(0,0.03]",0.00926434449769395,0.10850703248887614,1.0,0.375,1.0,1.0,-0.22562552159901614,8
verified,camc_rsrc_anchor,"(0.03,0.08]",0.0636069663641955,0.18441199514112,1.0,0.35,1.0,1.0,-0.289060046553194,20
verified,camc_rsrc_anchor,"(0.08,0.15]",0.1212288376430928,0.24345502383999806,1.0,0.6846846846846847,0.5720720720720721,1.0,-0.3557384636885064,222
verified,camc_rsrc_anchor,>0.15,0.1889436450684272,0.2808570617604176,1.0,0.6652719665271967,0.40585774058577406,1.0,-0.399351054444754,239
verified,camc_sempc_candidate,<=0,-0.10423400717758004,0.008731448952285229,0.6153846153846154,0.46153846153846156,1.0,1.0,-0.16240155771042053,13
verified,camc_sempc_candidate,"(0,0.03]",0.01196425363395891,0.12304167588676788,1.0,0.4,1.0,1.0,-0.24330951256610747,10
verified,camc_sempc_candidate,"(0.03,0.08]",0.06320787316642887,0.1818981910814333,1.0,0.4857142857142857,1.0,1.0,-0.28594680386923443,35
verified,camc_sempc_candidate,"(0.08,0.15]",0.1176120035269357,0.23317317741190963,1.0,0.7366255144032922,0.7366255144032922,1.0,-0.35511457800389534,243
verified,camc_sempc_candidate,>0.15,0.18523617493502761,0.27680548387959597,1.0,0.6633165829145728,0.4271356783919598,1.0,-0.4017721119623261,199
verified,camc_static_anchor,<=0,-0.11461392385987135,0.004461377513275055,0.5,0.4,1.0,1.0,-0.16209083954822487,10
verified,camc_static_anchor,"(0,0.03]",0.009417754326878983,0.11453541639036552,1.0,0.375,1.0,1.0,-0.2304412504610248,8
verified,camc_static_anchor,"(0.03,0.08]",0.06456242042037548,0.193770640299244,1.0,0.5,1.0,1.0,-0.29616091213746404,16
verified,camc_static_anchor,"(0.08,0.15]",0.12238741641494566,0.25031934604040695,1.0,0.6298701298701299,0.6363636363636364,1.0,-0.3406153362863187,154
verified,camc_static_anchor,>0.15,0.20122835411151452,0.29350942934763946,1.0,0.8044871794871795,0.2564102564102564,1.0,-0.38862528519207395,312
verified,greedy_myopic,<=0,-0.06365671875396027,0.04635444854824694,0.8373983739837398,0.24390243902439024,1.0,0.983739837398374,-0.2399621426439588,123
verified,greedy_myopic,"(0,0.03]",0.01544588553448092,0.1200463882713454,1.0,0.29850746268656714,1.0,1.0,-0.3077101669089856,67
verified,greedy_myopic,"(0.03,0.08]",0.05267482009457783,0.16248995560141238,1.0,0.3931034482758621,1.0,1.0,-0.33904637053054987,145
verified,greedy_myopic,"(0.08,0.15]",0.11007275178471693,0.21612283197267756,1.0,0.6557377049180327,0.7704918032786885,1.0,-0.3925611818226627,122
verified,greedy_myopic,>0.15,0.1864156046464639,0.27565964248863273,1.0,0.9534883720930233,0.09302325581395349,1.0,-0.44129738735415375,43
verified,headroom_only,<=0,-0.13751284223458723,-0.03723762739171016,0.375,0.25,1.0,1.0,-0.12904323724144118,8
verified,headroom_only,"(0,0.03]",0.01569071048428909,0.1256682186608082,1.0,0.25,1.0,1.0,-0.24092744074892078,8
verified,headroom_only,"(0.03,0.08]",0.061615024950720985,0.16924052293594177,1.0,0.46153846153846156,1.0,1.0,-0.2773976293478108,13
verified,headroom_only,"(0.08,0.15]",0.12578738168133966,0.2407957938229891,1.0,0.6057142857142858,0.5942857142857143,1.0,-0.3525604027365171,175
verified,headroom_only,>0.15,0.19622979459980738,0.2746807814207442,1.0,0.668918918918919,0.4155405405405405,1.0,-0.3957750452222065,296
verified,maxweight_backlog,<=0,-0.105456716136078,0.013841580101991012,0.5454545454545454,0.36363636363636365,1.0,1.0,-0.16678981499755177,11
verified,maxweight_backlog,"(0,0.03]",0.009549403514427124,0.1123220818459426,1.0,0.42857142857142855,1.0,1.0,-0.22608588100244403,7
verified,maxweight_backlog,"(0.03,0.08]",0.06202243227235537,0.191238182057627,1.0,0.4375,1.0,1.0,-0.29188383077902014,16
verified,maxweight_backlog,"(0.08,0.15]",0.1238059697201578,0.24820893219864637,1.0,0.6831683168316832,0.5544554455445545,1.0,-0.35419322777629186,202
verified,maxweight_backlog,>0.15,0.1928514118355134,0.2842762412685599,1.0,0.7272727272727273,0.3409090909090909,1.0,-0.39645701122382254,264
verified,minimal_verify,<=0,-0.10736580878642978,-0.01176930028306382,0.4268292682926829,0.0,1.0,0.9410569105691057,-0.07765282638345092,492
verified,minimal_verify,"(0,0.03]",0.02033937561872477,0.22450883691920018,1.0,0.3333333333333333,1.0,1.0,-0.38620892968085335,3
verified,minimal_verify,"(0.03,0.08]",0.059939928002703535,0.2665675749125174,1.0,0.6666666666666666,1.0,1.0,-0.458407182273285,3
verified,minimal_verify,"(0.08,0.15]",0.08224753982082333,0.28618271185868394,1.0,0.0,1.0,1.0,-0.4470935076377166,1
verified,minimal_verify,>0.15,0.1677131052382581,0.38286256136168817,1.0,1.0,0.0,1.0,-0.602215526722477,1
verified,oracle_src,<=0,-0.10745143068780275,-0.10745143068780275,0.0,0.1875,1.0,0.75,-0.06021621291092742,16
verified,oracle_src,"(0,0.03]",0.017601389265171786,0.017601389265171786,1.0,0.15789473684210525,1.0,1.0,-0.16099861825557335,19
verified,oracle_src,"(0.03,0.08]",0.0627647874185494,0.0627647874185494,1.0,0.14285714285714285,1.0,1.0,-0.19823535158893055,42
verified,oracle_src,"(0.08,0.15]",0.1194436830002469,0.1194436830002469,1.0,0.3076923076923077,0.9175824175824175,1.0,-0.24835000081697833,182
verified,oracle_src,>0.15,0.1883329728523077,0.1883329728523077,1.0,0.6307053941908713,0.44813278008298757,1.0,-0.3320436357763605,241
verified,pareto_camc_rsrc_anchor,<=0,-0.11081795736771725,0.008453202595016938,0.5454545454545454,0.2727272727272727,1.0,1.0,-0.1600461190723327,11
verified,pareto_camc_rsrc_anchor,"(0,0.03]",0.00881008933028444,0.11157971684630409,1.0,0.2857142857142857,1.0,1.0,-0.224814191515273,7
verified,pareto_camc_rsrc_anchor,"(0.03,0.08]",0.06262104696294137,0.18854425027570493,1.0,0.3888888888888889,1.0,1.0,-0.2916708911560528,18
verified,pareto_camc_rsrc_anchor,"(0.08,0.15]",0.12321856703180632,0.2460564716511221,1.0,0.7031963470319634,0.5296803652968036,1.0,-0.35945888928993786,219
verified,pareto_camc_rsrc_anchor,>0.15,0.18851629875738699,0.28032927049408335,1.0,0.6530612244897959,0.42857142857142855,1.0,-0.3973611109362961,245
verified,pareto_camc_sempc_candidate,<=0,-0.11526353136496507,0.0038136760278880575,0.5,0.4,1.0,1.0,-0.15969674486692848,10
verified,pareto_camc_sempc_candidate,"(0,0.03]",0.009322796720700702,0.11444314524510026,1.0,0.375,1.0,1.0,-0.2294566748009389,8
verified,pareto_camc_sempc_candidate,"(0.03,0.08]",0.06620141614032751,0.19907756399577267,1.0,0.4666666666666667,1.0,1.0,-0.2979965859125343,15
verified,pareto_camc_sempc_candidate,"(0.08,0.15]",0.12197994922709275,0.25124869334936567,1.0,0.5986842105263158,0.6447368421052632,1.0,-0.34090684142453886,152
verified,pareto_camc_sempc_candidate,>0.15,0.19850278298162258,0.29100549120431185,1.0,0.746031746031746,0.3047619047619048,1.0,-0.3878036850038283,315
verified,pareto_camc_static_anchor,<=0,-0.11456838544339107,0.00450691592975534,0.5,0.4,1.0,1.0,-0.1622223949736124,10
verified,pareto_camc_static_anchor,"(0,0.03]",0.00942467120257906,0.1145423332660656,1.0,0.375,1.0,1.0,-0.23046123254638054,8
verified,pareto_camc_static_anchor,"(0.03,0.08]",0.06458255339025631,0.19379077326912483,1.0,0.5,1.0,1.0,-0.2962190740504531,16
verified,pareto_camc_static_anchor,"(0.08,0.15]",0.12245999999191183,0.25039172590971087,1.0,0.6363636363636364,0.6298701298701299,1.0,-0.3407410811352767,154
verified,pareto_camc_static_anchor,>0.15,0.2030661364423389,0.29495520686576077,1.0,0.8076923076923077,0.2467948717948718,1.0,-0.38691477448795236,312
verified,plain_mpc,<=0,-0.04320948291111727,0.04859416503526169,0.8708609271523179,0.10596026490066225,1.0,0.9834437086092715,-0.19871302164091298,302
verified,plain_mpc,"(0,0.03]",0.008840572701814218,0.10953223648266709,1.0,0.22727272727272727,1.0,1.0,-0.2726052056885968,154
verified,plain_mpc,"(0.03,0.08]",0.05344726599980704,0.1944362699270844,1.0,0.8076923076923077,1.0,1.0,-0.39763298019726173,26
verified,plain_mpc,"(0.08,0.15]",0.10476976179244349,0.28990964804671726,1.0,0.9333333333333333,0.4666666666666667,1.0,-0.4772960613495422,15
verified,plain_mpc,>0.15,0.1552804983190047,0.2524909558788749,1.0,1.0,0.3333333333333333,1.0,-0.4522490610044804,3
verified,rsrc,<=0,-0.11081795736771725,0.008453202595016938,0.5454545454545454,0.2727272727272727,1.0,1.0,-0.1600461190723327,11
verified,rsrc,"(0,0.03]",0.00881008933028444,0.11157971684630409,1.0,0.2857142857142857,1.0,1.0,-0.224814191515273,7
verified,rsrc,"(0.03,0.08]",0.06262104696294137,0.18854425027570493,1.0,0.3888888888888889,1.0,1.0,-0.2916708911560528,18
verified,rsrc,"(0.08,0.15]",0.12321856703180632,0.2460564716511221,1.0,0.7031963470319634,0.5296803652968036,1.0,-0.35945888928993786,219
verified,rsrc,>0.15,0.18851629875738699,0.28032927049408335,1.0,0.6530612244897959,0.42857142857142855,1.0,-0.3973611109362961,245
verified,rsrc_no_context,<=0,-0.11948378204403402,0.00298526027303595,0.5,0.3,1.0,1.0,-0.16118190533016005,10
verified,rsrc_no_context,"(0,0.03]",0.012149241288172505,0.1129842074171117,1.0,0.25,1.0,1.0,-0.22643398304798784,8
verified,rsrc_no_context,"(0.03,0.08]",0.06262028748212084,0.18854349079488442,1.0,0.3888888888888889,1.0,1.0,-0.2916686971003491,18
verified,rsrc_no_context,"(0.08,0.15]",0.12349917427940031,0.24683380401973917,1.0,0.6990740740740741,0.5277777777777778,1.0,-0.36085050268046565,216
verified,rsrc_no_context,>0.15,0.1888232739815999,0.2806105996224752,1.0,0.6532258064516129,0.4274193548387097,1.0,-0.39794408191215186,248
verified,rsrc_no_recovery,<=0,-0.13997544416292898,-0.03970022932005188,0.375,0.25,1.0,1.0,-0.12540127611512059,8
verified,rsrc_no_recovery,"(0,0.03]",0.01397567600635494,0.12129492747128418,1.0,0.3333333333333333,1.0,1.0,-0.23217483426782234,9
verified,rsrc_no_recovery,"(0.03,0.08]",0.06339799957162978,0.1728211892412681,1.0,0.4166666666666667,1.0,1.0,-0.28200995027483583,12
verified,rsrc_no_recovery,"(0.08,0.15]",0.1253867213225127,0.24071681569000172,1.0,0.6101694915254238,0.5988700564971752,1.0,-0.3519530005188604,177
verified,rsrc_no_recovery,>0.15,0.1957643665035321,0.27379426574235105,1.0,0.6666666666666666,0.41836734693877553,1.0,-0.39461544456865244,294
verified,se_mpc,<=0,-0.1108179554840861,0.008453204478648068,0.5454545454545454,0.2727272727272727,1.0,1.0,-0.1600461245139337,11
verified,se_mpc,"(0,0.03]",0.008851769788934474,0.11162139730495413,1.0,0.2857142857142857,1.0,1.0,-0.22493460172915083,7
verified,se_mpc,"(0.03,0.08]",0.06268455494431895,0.1886077582570825,1.0,0.3888888888888889,1.0,1.0,-0.29185435865781034,18
verified,se_mpc,"(0.08,0.15]",0.12302986554971135,0.24566049217864633,1.0,0.7013574660633484,0.5294117647058824,1.0,-0.35888819086136886,221
verified,se_mpc,>0.15,0.18812409063737134,0.2800864681589253,1.0,0.654320987654321,0.43209876543209874,1.0,-0.39681375205545605,243
verified,static_aggressive,<=0,-0.12049431831633899,-0.008518474784228503,0.6666666666666666,0.23333333333333334,1.0,1.0,-0.22935447603734616,30
verified,static_aggressive,"(0,0.03]",0.01504698265637868,0.1416927521898685,1.0,0.1935483870967742,1.0,1.0,-0.31265288945114694,31
verified,static_aggressive,"(0.03,0.08]",0.0583048962506931,0.1822004934501002,1.0,0.23008849557522124,1.0,1.0,-0.3467583297686233,113
verified,static_aggressive,"(0.08,0.15]",0.1138937687598686,0.23000265437646225,1.0,0.3880597014925373,0.8557213930348259,1.0,-0.3902997271527088,201
verified,static_aggressive,>0.15,0.18655785228509125,0.27729360578807666,1.0,0.688,0.392,1.0,-0.4280808379256929,125
verified,static_conservative,<=0,-0.11456838544339107,0.00450691592975534,0.5,0.4,1.0,1.0,-0.1622223949736124,10
verified,static_conservative,"(0,0.03]",0.00942467120257906,0.1145423332660656,1.0,0.375,1.0,1.0,-0.23046123254638054,8
verified,static_conservative,"(0.03,0.08]",0.06458255339025631,0.19379077326912483,1.0,0.5,1.0,1.0,-0.2962190740504531,16
verified,static_conservative,"(0.08,0.15]",0.12245999999191183,0.25039172590971087,1.0,0.6363636363636364,0.6298701298701299,1.0,-0.3407410811352767,154
verified,static_conservative,>0.15,0.2030661364423389,0.29495520686576077,1.0,0.8076923076923077,0.2467948717948718,1.0,-0.38691477448795236,312
