dataset,controller,headroom_bin,mean_drift,mean_delta_sq,negative_drift_rate,negative_delta_sq_rate,rows
rebench,adaptive_threshold,<=0,-0.13892500717477127,0.002545407991280162,0.9014084507042254,0.0,71
rebench,adaptive_threshold,"(0,0.03]",-0.24106210295563213,-1.6234817973039018e-05,1.0,0.02702702702702703,37
rebench,adaptive_threshold,"(0.03,0.08]",-0.26076897300652174,-1.836302434719108e-05,1.0,0.011363636363636364,88
rebench,adaptive_threshold,"(0.08,0.15]",-0.3285207960344708,-0.0003017991781983459,1.0,0.019801980198019802,202
rebench,adaptive_threshold,>0.15,-0.37533284613066964,-0.0011523911664438273,1.0,0.0196078431372549,102
rebench,always_verify,<=0,-0.04541826520807275,0.009979834938483947,0.7333333333333333,0.0,15
rebench,always_verify,"(0,0.03]",-0.220780237542022,0.0,1.0,0.0,7
rebench,always_verify,"(0.03,0.08]",-0.253494750893353,0.0,1.0,0.0,24
rebench,always_verify,"(0.08,0.15]",-0.33142119196559094,-0.0010723924924702646,1.0,0.018018018018018018,111
rebench,always_verify,>0.15,-0.35942034475622164,-8.939346184565546e-05,1.0,0.008746355685131196,343
rebench,always_verify_throttle,<=0,-0.04643547711898379,0.009975143057341426,0.7333333333333333,0.0,15
rebench,always_verify_throttle,"(0,0.03]",-0.22665448693216728,0.0,1.0,0.0,6
rebench,always_verify_throttle,"(0.03,0.08]",-0.25253458651821065,0.0,1.0,0.0,25
rebench,always_verify_throttle,"(0.08,0.15]",-0.3246207116387787,-0.001133194455153117,1.0,0.01904761904761905,105
rebench,always_verify_throttle,>0.15,-0.35761370634289047,-8.779864776230407e-05,1.0,0.008595988538681949,349
rebench,camc_rsrc_anchor,<=0,-0.06370813370484703,0.007493387807781101,0.7894736842105263,0.0,19
rebench,camc_rsrc_anchor,"(0,0.03]",-0.21950299167889958,0.0,1.0,0.0,10
rebench,camc_rsrc_anchor,"(0.03,0.08]",-0.26370107756506317,0.0,1.0,0.0,41
rebench,camc_rsrc_anchor,"(0.08,0.15]",-0.3409814166810124,-1.9871093195028893e-05,1.0,0.0055248618784530384,181
rebench,camc_rsrc_anchor,>0.15,-0.3833597934461069,-0.0005573401625684365,1.0,0.01606425702811245,249
rebench,camc_sempc_candidate,<=0,-0.0579104453556958,0.007754608536082283,0.7894736842105263,0.0,19
rebench,camc_sempc_candidate,"(0,0.03]",-0.24469958915828205,0.0,1.0,0.0,22
rebench,camc_sempc_candidate,"(0.03,0.08]",-0.2586792618254703,0.0,1.0,0.0,45
rebench,camc_sempc_candidate,"(0.08,0.15]",-0.3373984140549709,-8.433173486101136e-05,1.0,0.010309278350515464,194
rebench,camc_sempc_candidate,>0.15,-0.3848543515922854,-0.0005953509346478507,1.0,0.013636363636363636,220
rebench,camc_static_anchor,<=0,-0.05676096961892954,0.007680908602622807,0.7647058823529411,0.0,17
rebench,camc_static_anchor,"(0,0.03]",-0.21745849983511625,0.0,1.0,0.0,10
rebench,camc_static_anchor,"(0.03,0.08]",-0.27890482210871886,0.0,1.0,0.0,32
rebench,camc_static_anchor,"(0.08,0.15]",-0.3228792945452674,-1.4552611870180474e-05,1.0,0.0078125,128
rebench,camc_static_anchor,>0.15,-0.37293549148987504,-0.00041122272180576564,1.0,0.012779552715654952,313
rebench,greedy_myopic,<=0,-0.20763986663113418,0.001404969543621032,0.9444444444444444,0.007936507936507936,126
rebench,greedy_myopic,"(0,0.03]",-0.2932295379970782,-7.784100805180125e-06,1.0,0.015873015873015872,63
rebench,greedy_myopic,"(0.03,0.08]",-0.3301092140962493,0.0,1.0,0.0,108
rebench,greedy_myopic,"(0.08,0.15]",-0.3643402790320585,-0.0011996185104629915,1.0,0.034482758620689655,145
rebench,greedy_myopic,>0.15,-0.41238489428736264,-4.467379531706781e-05,1.0,0.017241379310344827,58
rebench,headroom_only,<=0,-0.0406780059152064,0.008775771846004645,0.75,0.0,16
rebench,headroom_only,"(0,0.03]",-0.21540132529296965,0.0,1.0,0.0,6
rebench,headroom_only,"(0.03,0.08]",-0.25782380856591397,0.0,1.0,0.0,33
rebench,headroom_only,"(0.08,0.15]",-0.33067744043420594,-2.484762673463629e-05,1.0,0.007142857142857143,140
rebench,headroom_only,>0.15,-0.38258127604620423,-0.00044896289112532865,1.0,0.013114754098360656,305
rebench,maxweight_backlog,<=0,-0.051757246317370005,0.008111146860374018,0.7647058823529411,0.0,17
rebench,maxweight_backlog,"(0,0.03]",-0.22042852044668274,0.0,1.0,0.0,11
rebench,maxweight_backlog,"(0.03,0.08]",-0.26762896816191967,0.0,1.0,0.0,35
rebench,maxweight_backlog,"(0.08,0.15]",-0.33370953958055616,-1.9143905726918422e-05,1.0,0.006329113924050633,158
rebench,maxweight_backlog,>0.15,-0.3820829579515597,-0.00048338623484410454,1.0,0.014336917562724014,279
rebench,minimal_verify,<=0,-0.05564265452764326,9.226472515806601e-05,0.8782961460446247,0.19675456389452334,493
rebench,minimal_verify,"(0,0.03]",-0.27050019598418895,0.0,1.0,0.0,2
rebench,minimal_verify,"(0.03,0.08]",-0.42709090812073636,0.0,1.0,0.0,3
rebench,minimal_verify,>0.15,-0.5693483790003357,0.0,1.0,0.0,2
rebench,oracle_src,<=0,-0.01636830283994526,0.011001472667424968,0.68,0.0,25
rebench,oracle_src,"(0,0.03]",-0.12972151320366454,0.0,1.0,0.0,14
rebench,oracle_src,"(0.03,0.08]",-0.17532567911835648,-4.8456603778587306e-05,1.0,0.02702702702702703,37
rebench,oracle_src,"(0.08,0.15]",-0.23614861760577607,-0.00021801709386414826,1.0,0.01910828025477707,157
rebench,oracle_src,>0.15,-0.31932401190645954,-0.0008951881595848132,1.0,0.018726591760299626,267
rebench,pareto_camc_rsrc_anchor,<=0,-0.04999104280013583,0.008281619938568414,0.7647058823529411,0.0,17
rebench,pareto_camc_rsrc_anchor,"(0,0.03]",-0.21067985629669037,0.0,1.0,0.0,12
rebench,pareto_camc_rsrc_anchor,"(0.03,0.08]",-0.27054252968928244,0.0,1.0,0.0,36
rebench,pareto_camc_rsrc_anchor,"(0.08,0.15]",-0.34310116695733545,-2.0092356160798797e-05,1.0,0.00558659217877095,179
rebench,pareto_camc_rsrc_anchor,>0.15,-0.38361413282053597,-0.0005359023718862502,1.0,0.015625,256
rebench,pareto_camc_sempc_candidate,<=0,-0.05983762750509348,0.007989214673560266,0.7647058823529411,0.0,17
rebench,pareto_camc_sempc_candidate,"(0,0.03]",-0.21587194049770794,0.0,1.0,0.0,9
rebench,pareto_camc_sempc_candidate,"(0.03,0.08]",-0.2746733055530508,0.0,1.0,0.0,31
rebench,pareto_camc_sempc_candidate,"(0.08,0.15]",-0.3232334149384428,-2.8231967715646634e-05,1.0,0.008333333333333333,120
rebench,pareto_camc_sempc_candidate,>0.15,-0.3724592019992673,-0.0004099963260824982,1.0,0.01238390092879257,323
rebench,pareto_camc_static_anchor,<=0,-0.0568103075491226,0.007680908046518638,0.7647058823529411,0.0,17
rebench,pareto_camc_static_anchor,"(0,0.03]",-0.21745862431720134,0.0,1.0,0.0,10
rebench,pareto_camc_static_anchor,"(0.03,0.08]",-0.2789113103740495,0.0,1.0,0.0,32
rebench,pareto_camc_static_anchor,"(0.08,0.15]",-0.32291018199725113,-1.4667199365221265e-05,1.0,0.007874015748031496,127
rebench,pareto_camc_static_anchor,>0.15,-0.3726137134446248,-0.00040991306519564893,1.0,0.012738853503184714,314
rebench,plain_mpc,<=0,-0.1791635602060041,0.0008361959284568717,0.9639344262295082,0.01639344262295082,305
rebench,plain_mpc,"(0,0.03]",-0.2523151500297664,-0.0017588948839954892,1.0,0.06206896551724138,145
rebench,plain_mpc,"(0.03,0.08]",-0.3595204270872149,0.0,1.0,0.0,34
rebench,plain_mpc,"(0.08,0.15]",-0.45801080394652,0.0,1.0,0.0,15
rebench,plain_mpc,>0.15,-0.42751426994870584,0.0,1.0,0.0,1
rebench,rsrc,<=0,-0.04999104280013583,0.008281619938568414,0.7647058823529411,0.0,17
rebench,rsrc,"(0,0.03]",-0.21067985629669037,0.0,1.0,0.0,12
rebench,rsrc,"(0.03,0.08]",-0.27054252968928244,0.0,1.0,0.0,36
rebench,rsrc,"(0.08,0.15]",-0.34310116695733545,-2.0092356160798797e-05,1.0,0.00558659217877095,179
rebench,rsrc,>0.15,-0.38361413282053597,-0.0005359023718862502,1.0,0.015625,256
rebench,rsrc_no_context,<=0,-0.049981826212795524,0.008259266166560232,0.7647058823529411,0.0,17
rebench,rsrc_no_context,"(0,0.03]",-0.2106797913283247,0.0,1.0,0.0,12
rebench,rsrc_no_context,"(0.03,0.08]",-0.2705389208562281,0.0,1.0,0.0,36
rebench,rsrc_no_context,"(0.08,0.15]",-0.34384753973927124,-1.9653438235500202e-05,1.0,0.005649717514124294,177
rebench,rsrc_no_context,>0.15,-0.38479437020964175,-0.0005307320397823272,1.0,0.015503875968992248,258
rebench,rsrc_no_recovery,<=0,-0.040661904633322046,0.008799522995029082,0.75,0.0,16
rebench,rsrc_no_recovery,"(0,0.03]",-0.21540976342086135,0.0,1.0,0.0,6
rebench,rsrc_no_recovery,"(0.03,0.08]",-0.2578208633657731,0.0,1.0,0.0,33
rebench,rsrc_no_recovery,"(0.08,0.15]",-0.3298620618912592,-2.480373160070448e-05,1.0,0.006896551724137931,145
rebench,rsrc_no_recovery,>0.15,-0.38219334672972416,-0.0004573194227945438,1.0,0.013333333333333334,300
rebench,se_mpc,<=0,-0.0499285851619134,0.008281620104259464,0.7647058823529411,0.0,17
rebench,se_mpc,"(0,0.03]",-0.2230902102845736,0.0,1.0,0.0,13
rebench,se_mpc,"(0.03,0.08]",-0.2665726825469993,0.0,1.0,0.0,35
rebench,se_mpc,"(0.08,0.15]",-0.34232299772226576,-1.9870341175708536e-05,1.0,0.0055248618784530384,181
rebench,se_mpc,>0.15,-0.38403503002764183,-0.0005401220866913686,1.0,0.015748031496062992,254
rebench,static_aggressive,<=0,-0.1892168967852364,0.0031694823115650662,0.8928571428571429,0.0,56
rebench,static_aggressive,"(0,0.03]",-0.29901975027292166,-1.4524888522481846e-05,1.0,0.03333333333333333,30
rebench,static_aggressive,"(0.03,0.08]",-0.33275571013269734,-0.001558078444853067,1.0,0.024096385542168676,83
rebench,static_aggressive,"(0.08,0.15]",-0.37418597993718666,-0.00023658679515471074,1.0,0.015706806282722512,191
rebench,static_aggressive,>0.15,-0.4136212954638394,-1.819052853296395e-05,1.0,0.007142857142857143,140
rebench,static_conservative,<=0,-0.0568103075491226,0.007680908046518638,0.7647058823529411,0.0,17
rebench,static_conservative,"(0,0.03]",-0.21745862431720134,0.0,1.0,0.0,10
rebench,static_conservative,"(0.03,0.08]",-0.2789113103740495,0.0,1.0,0.0,32
rebench,static_conservative,"(0.08,0.15]",-0.32291018199725113,-1.4667199365221265e-05,1.0,0.007874015748031496,127
rebench,static_conservative,>0.15,-0.3726137134446248,-0.00040991306519564893,1.0,0.012738853503184714,314
smith,adaptive_threshold,<=0,0.07203555850942184,0.052000928754676726,0.45517241379310347,0.14482758620689656,145
smith,adaptive_threshold,"(0,0.03]",-0.1955412115594837,-0.0610501178843029,1.0,0.4,25
smith,adaptive_threshold,"(0.03,0.08]",-0.230992176167377,-0.0286237651787944,1.0,0.3108108108108108,74
smith,adaptive_threshold,"(0.08,0.15]",-0.27185267490209875,-0.01892060973885987,1.0,0.25,156
smith,adaptive_threshold,>0.15,-0.3154169171930185,-0.0038523262542003857,1.0,0.18,100
smith,always_verify,<=0,0.076020238282847,0.05378150628725878,0.45454545454545453,0.13286713286713286,143
smith,always_verify,"(0,0.03]",-0.19619777604482533,-0.059027552624187046,1.0,0.48,25
smith,always_verify,"(0.03,0.08]",-0.22637645068334714,-0.04068413277113759,1.0,0.4084507042253521,71
smith,always_verify,"(0.08,0.15]",-0.25836229741687117,-0.016763599162222694,1.0,0.24806201550387597,129
smith,always_verify,>0.15,-0.29852058012925675,-0.004186977898832738,1.0,0.16666666666666666,132
smith,always_verify_throttle,<=0,0.0757692237043211,0.05373716457049002,0.45454545454545453,0.13286713286713286,143
smith,always_verify_throttle,"(0,0.03]",-0.1964014069216378,-0.05901151714925196,1.0,0.48,25
smith,always_verify_throttle,"(0.03,0.08]",-0.2237553909888314,-0.041208953808139284,1.0,0.4142857142857143,70
smith,always_verify_throttle,"(0.08,0.15]",-0.255963585642949,-0.017148296560784797,1.0,0.24603174603174602,126
smith,always_verify_throttle,>0.15,-0.2977722338928923,-0.004066084304429568,1.0,0.16911764705882354,136
smith,camc_rsrc_anchor,<=0,0.07354235219762432,0.05095174583304619,0.45517241379310347,0.13793103448275862,145
smith,camc_rsrc_anchor,"(0,0.03]",-0.19701147187940546,-0.0465099696183073,1.0,0.44,25
smith,camc_rsrc_anchor,"(0.03,0.08]",-0.2267055639866491,-0.043374785259941276,1.0,0.40540540540540543,74
smith,camc_rsrc_anchor,"(0.08,0.15]",-0.2624215938674417,-0.013486751570776712,1.0,0.22794117647058823,136
smith,camc_rsrc_anchor,>0.15,-0.30301688747601335,-0.004742749516831158,1.0,0.19166666666666668,120
smith,camc_sempc_candidate,<=0,0.07354235219762432,0.05095174583304619,0.45517241379310347,0.13793103448275862,145
smith,camc_sempc_candidate,"(0,0.03]",-0.19701147187940546,-0.0465099696183073,1.0,0.44,25
smith,camc_sempc_candidate,"(0.03,0.08]",-0.2267055639866491,-0.043374785259941276,1.0,0.40540540540540543,74
smith,camc_sempc_candidate,"(0.08,0.15]",-0.2624215938674417,-0.013486751570776712,1.0,0.22794117647058823,136
smith,camc_sempc_candidate,>0.15,-0.30301688747601335,-0.004742749516831158,1.0,0.19166666666666668,120
smith,camc_static_anchor,<=0,0.07672985085698776,0.05429570176458621,0.46153846153846156,0.13986013986013987,143
smith,camc_static_anchor,"(0,0.03]",-0.20031185643634977,-0.0643409166785498,1.0,0.52,25
smith,camc_static_anchor,"(0.03,0.08]",-0.2245123736923423,-0.041983390635908606,1.0,0.4,75
smith,camc_static_anchor,"(0.08,0.15]",-0.25101392400508693,-0.01551884059976981,1.0,0.2457627118644068,118
smith,camc_static_anchor,>0.15,-0.300502398572214,-0.00405634473015921,1.0,0.17266187050359713,139
smith,greedy_myopic,<=0,-0.014793528732849184,0.02002225757475842,0.6157407407407407,0.24074074074074073,216
smith,greedy_myopic,"(0,0.03]",-0.24154142333784687,-0.037114588764668346,1.0,0.3409090909090909,44
smith,greedy_myopic,"(0.03,0.08]",-0.2671659850913213,-0.013207446692432706,1.0,0.24675324675324675,77
smith,greedy_myopic,"(0.08,0.15]",-0.3058113416956216,-0.007662510368771875,1.0,0.17355371900826447,121
smith,greedy_myopic,>0.15,-0.34604082489905896,-0.0013707219834125928,1.0,0.16666666666666666,42
smith,headroom_only,<=0,0.08465782886901568,0.05613416060955488,0.4316546762589928,0.12949640287769784,139
smith,headroom_only,"(0,0.03]",-0.1929991211489139,-0.07335706026177151,1.0,0.5294117647058824,17
smith,headroom_only,"(0.03,0.08]",-0.21438997229185341,-0.03924968938880323,1.0,0.3787878787878788,66
smith,headroom_only,"(0.08,0.15]",-0.25462706660975953,-0.020203661246475737,1.0,0.26666666666666666,135
smith,headroom_only,>0.15,-0.2994780072874487,-0.004370608560372892,1.0,0.1958041958041958,143
smith,maxweight_backlog,<=0,0.07732230697748942,0.05443649727928065,0.44755244755244755,0.13286713286713286,143
smith,maxweight_backlog,"(0,0.03]",-0.1998880246384373,-0.064331086232732,1.0,0.52,25
smith,maxweight_backlog,"(0.03,0.08]",-0.22392196988637403,-0.04214235367286459,1.0,0.4,75
smith,maxweight_backlog,"(0.08,0.15]",-0.2587803976733369,-0.014327344881076386,1.0,0.234375,128
smith,maxweight_backlog,>0.15,-0.30219871817079785,-0.0044102966103182805,1.0,0.18604651162790697,129
smith,minimal_verify,<=0,0.24326934824032184,15.178857447260484,0.0482897384305835,0.028169014084507043,497
smith,minimal_verify,"(0.03,0.08]",-0.3741152847308364,0.0,1.0,0.0,1
smith,minimal_verify,"(0.08,0.15]",-0.4833204896783828,0.0,1.0,0.0,2
smith,oracle_src,<=0,0.14965248910851264,0.0831008265624057,0.2857142857142857,0.0625,112
smith,oracle_src,"(0,0.03]",-0.12781783103092303,-0.07934728629382552,1.0,0.6666666666666666,6
smith,oracle_src,"(0.03,0.08]",-0.1426926297494346,-0.01842503183629058,1.0,0.25,16
smith,oracle_src,"(0.08,0.15]",-0.20692559961350754,-0.033939510063230954,1.0,0.3048780487804878,82
smith,oracle_src,>0.15,-0.2872497528605435,-0.018365137848335576,1.0,0.25,284
smith,pareto_camc_rsrc_anchor,<=0,0.0766726899001037,0.05430615403383962,0.46153846153846156,0.13986013986013987,143
smith,pareto_camc_rsrc_anchor,"(0,0.03]",-0.2003065845599176,-0.06433980525978815,1.0,0.52,25
smith,pareto_camc_rsrc_anchor,"(0.03,0.08]",-0.224446570182924,-0.04198470174340226,1.0,0.4,75
smith,pareto_camc_rsrc_anchor,"(0.08,0.15]",-0.2506988422823656,-0.015388430283465081,1.0,0.24369747899159663,119
smith,pareto_camc_rsrc_anchor,>0.15,-0.30109078579741,-0.004087141623917697,1.0,0.17391304347826086,138
smith,pareto_camc_sempc_candidate,<=0,0.0766726899001037,0.05430615403383962,0.46153846153846156,0.13986013986013987,143
smith,pareto_camc_sempc_candidate,"(0,0.03]",-0.2003065845599176,-0.06433980525978815,1.0,0.52,25
smith,pareto_camc_sempc_candidate,"(0.03,0.08]",-0.224446570182924,-0.04198470174340226,1.0,0.4,75
smith,pareto_camc_sempc_candidate,"(0.08,0.15]",-0.2506988422823656,-0.015388430283465081,1.0,0.24369747899159663,119
smith,pareto_camc_sempc_candidate,>0.15,-0.30109078579741,-0.004087141623917697,1.0,0.17391304347826086,138
smith,pareto_camc_static_anchor,<=0,0.07672985085698776,0.05429570176458621,0.46153846153846156,0.13986013986013987,143
smith,pareto_camc_static_anchor,"(0,0.03]",-0.20031185643634977,-0.0643409166785498,1.0,0.52,25
smith,pareto_camc_static_anchor,"(0.03,0.08]",-0.2245123736923423,-0.041983390635908606,1.0,0.4,75
smith,pareto_camc_static_anchor,"(0.08,0.15]",-0.25101392400508693,-0.01551884059976981,1.0,0.2457627118644068,118
smith,pareto_camc_static_anchor,>0.15,-0.300502398572214,-0.00405634473015921,1.0,0.17266187050359713,139
smith,plain_mpc,<=0,-0.04003096502254632,0.015357831749652774,0.6826568265682657,0.25092250922509224,271
smith,plain_mpc,"(0,0.03]",-0.23279341890296795,-0.02537566741945364,1.0,0.2871287128712871,101
smith,plain_mpc,"(0.03,0.08]",-0.28956774247726436,-0.013342629109466661,1.0,0.265625,64
smith,plain_mpc,"(0.08,0.15]",-0.33119690559389187,-0.0014689257709880146,1.0,0.16071428571428573,56
smith,plain_mpc,>0.15,-0.38105733389314045,-0.0005202708119119422,1.0,0.125,8
smith,rsrc,<=0,0.07749623018786507,0.05445999191891359,0.44755244755244755,0.13286713286713286,143
smith,rsrc,"(0,0.03]",-0.19975042494282544,-0.06434221654901615,1.0,0.52,25
smith,rsrc,"(0.03,0.08]",-0.2262150006574917,-0.04107802225033065,1.0,0.38961038961038963,77
smith,rsrc,"(0.08,0.15]",-0.2596160872749372,-0.014338978254210346,1.0,0.2421875,128
smith,rsrc,>0.15,-0.3023571516528593,-0.00447416541102346,1.0,0.18110236220472442,127
smith,rsrc_no_context,<=0,0.07749623018786507,0.05445999191891359,0.44755244755244755,0.13286713286713286,143
smith,rsrc_no_context,"(0,0.03]",-0.19975042494282544,-0.06434221654901615,1.0,0.52,25
smith,rsrc_no_context,"(0.03,0.08]",-0.2262150006574917,-0.04107802225033065,1.0,0.38961038961038963,77
smith,rsrc_no_context,"(0.08,0.15]",-0.2596160872749372,-0.014338978254210346,1.0,0.2421875,128
smith,rsrc_no_context,>0.15,-0.3023571516528593,-0.00447416541102346,1.0,0.18110236220472442,127
smith,rsrc_no_recovery,<=0,0.08465782886901568,0.05613416060955488,0.4316546762589928,0.12949640287769784,139
smith,rsrc_no_recovery,"(0,0.03]",-0.1929991211489139,-0.07335706026177151,1.0,0.5294117647058824,17
smith,rsrc_no_recovery,"(0.03,0.08]",-0.21438997229185341,-0.03924968938880323,1.0,0.3787878787878788,66
smith,rsrc_no_recovery,"(0.08,0.15]",-0.25462706660975953,-0.020203661246475737,1.0,0.26666666666666666,135
smith,rsrc_no_recovery,>0.15,-0.2994780072874487,-0.004370608560372892,1.0,0.1958041958041958,143
smith,se_mpc,<=0,0.07749623018786507,0.05445999191891359,0.44755244755244755,0.13286713286713286,143
smith,se_mpc,"(0,0.03]",-0.19975042494282544,-0.06434221654901615,1.0,0.52,25
smith,se_mpc,"(0.03,0.08]",-0.2262150006574917,-0.04107802225033065,1.0,0.38961038961038963,77
smith,se_mpc,"(0.08,0.15]",-0.2596160872749372,-0.014338978254210346,1.0,0.2421875,128
smith,se_mpc,>0.15,-0.3023571516528593,-0.00447416541102346,1.0,0.18110236220472442,127
smith,static_aggressive,<=0,-0.02186388364633579,0.014971892230613477,0.6359649122807017,0.2675438596491228,228
smith,static_aggressive,"(0,0.03]",-0.24896989511251724,-0.01819370813691693,1.0,0.3076923076923077,39
smith,static_aggressive,"(0.03,0.08]",-0.2727073897043458,-0.014823386019485242,1.0,0.19718309859154928,71
smith,static_aggressive,"(0.08,0.15]",-0.30281175664756443,-0.006581785278512357,1.0,0.19090909090909092,110
smith,static_aggressive,>0.15,-0.34232464605617563,-0.0027880494322438136,1.0,0.15384615384615385,52
smith,static_conservative,<=0,0.07672985085698776,0.05429570176458621,0.46153846153846156,0.13986013986013987,143
smith,static_conservative,"(0,0.03]",-0.20031185643634977,-0.0643409166785498,1.0,0.52,25
smith,static_conservative,"(0.03,0.08]",-0.2245123736923423,-0.041983390635908606,1.0,0.4,75
smith,static_conservative,"(0.08,0.15]",-0.25101392400508693,-0.01551884059976981,1.0,0.2457627118644068,118
smith,static_conservative,>0.15,-0.300502398572214,-0.00405634473015921,1.0,0.17266187050359713,139
test,adaptive_threshold,<=0,-0.157403573795698,0.007511383722903989,0.9411764705882353,0.0,34
test,adaptive_threshold,"(0,0.03]",-0.26514661885112334,-0.006874205893856985,1.0,0.029411764705882353,34
test,adaptive_threshold,"(0.03,0.08]",-0.29458038301779915,0.0,1.0,0.0,91
test,adaptive_threshold,"(0.08,0.15]",-0.34963483077245733,-9.140947758480233e-05,1.0,0.008438818565400843,237
test,adaptive_threshold,>0.15,-0.41098757868036195,0.0,1.0,0.0,104
test,always_verify,<=0,-0.12849839124695134,0.013968006267980341,0.8888888888888888,0.0,18
test,always_verify,"(0,0.03]",-0.24339874356608035,-0.044707941119646676,1.0,0.2,5
test,always_verify,"(0.03,0.08]",-0.3020721749023338,0.0,1.0,0.0,25
test,always_verify,"(0.08,0.15]",-0.34612450814519613,-5.7306657945976345e-06,1.0,0.006756756756756757,148
test,always_verify,>0.15,-0.38314888133793434,-8.893509436780356e-05,1.0,0.003289473684210526,304
test,always_verify_throttle,<=0,-0.11953614961062074,0.014789309630722235,0.8823529411764706,0.0,17
test,always_verify_throttle,"(0,0.03]",-0.25285269897639284,-0.03725630659740678,1.0,0.16666666666666666,6
test,always_verify_throttle,"(0.03,0.08]",-0.3034980125466023,0.0,1.0,0.0,24
test,always_verify_throttle,"(0.08,0.15]",-0.33877441091977245,-6.004884605354921e-06,1.0,0.0070921985815602835,141
test,always_verify_throttle,>0.15,-0.38072994243141656,-8.664658784769948e-05,1.0,0.003205128205128205,312
test,camc_rsrc_anchor,<=0,-0.1323005444554527,0.013064501909131934,0.8947368421052632,0.0,19
test,camc_rsrc_anchor,"(0,0.03]",-0.24411299508792197,-0.037028326186173334,1.0,0.16666666666666666,6
test,camc_rsrc_anchor,"(0.03,0.08]",-0.3049963377804119,0.0,1.0,0.0,35
test,camc_rsrc_anchor,"(0.08,0.15]",-0.35738889943154256,-4.110970102082964e-06,1.0,0.004975124378109453,201
test,camc_rsrc_anchor,>0.15,-0.40423239943549744,-0.0001055618165939249,1.0,0.0041841004184100415,239
test,camc_sempc_candidate,<=0,-0.13598381122250816,0.011286795202077917,0.9090909090909091,0.0,22
test,camc_sempc_candidate,"(0,0.03]",-0.27346407626878333,-0.027775582043787297,1.0,0.125,8
test,camc_sempc_candidate,"(0.03,0.08]",-0.3029040224182464,0.0,1.0,0.0,46
test,camc_sempc_candidate,"(0.08,0.15]",-0.35499679697821623,-3.6955085894105896e-06,1.0,0.0044444444444444444,225
test,camc_sempc_candidate,>0.15,-0.40763701990458723,-0.00012700175207436393,1.0,0.005025125628140704,199
test,camc_static_anchor,<=0,-0.13579494833539593,0.013061692620223733,0.8947368421052632,0.0,19
test,camc_static_anchor,"(0,0.03]",-0.2472019436199471,-0.0370246039446633,1.0,0.16666666666666666,6
test,camc_static_anchor,"(0.03,0.08]",-0.31169895486896143,0.0,1.0,0.0,28
test,camc_static_anchor,"(0.08,0.15]",-0.3419206649582156,-5.454650061671168e-06,1.0,0.006622516556291391,151
test,camc_static_anchor,>0.15,-0.39275654752704225,-8.513812147621206e-05,1.0,0.0033783783783783786,296
test,greedy_myopic,<=0,-0.2504580702127223,0.0003050506839278486,0.967741935483871,0.010752688172043012,93
test,greedy_myopic,"(0,0.03]",-0.32062193810434575,0.0,1.0,0.0,65
test,greedy_myopic,"(0.03,0.08]",-0.34314646924953307,-7.508311580337275e-06,1.0,0.016666666666666666,120
test,greedy_myopic,"(0.08,0.15]",-0.38810946039063077,-0.00018435380010502976,1.0,0.006711409395973154,149
test,greedy_myopic,>0.15,-0.448658798985061,0.0,1.0,0.0,73
test,headroom_only,<=0,-0.12160545452478187,0.014608310211562317,0.8823529411764706,0.0,17
test,headroom_only,"(0,0.03]",-0.27564107806120347,-0.05555519522204308,1.0,0.25,4
test,headroom_only,"(0.03,0.08]",-0.2940664276949651,0.0,1.0,0.0,18
test,headroom_only,"(0.08,0.15]",-0.34943633807710006,-4.9789200147554745e-06,1.0,0.006024096385542169,166
test,headroom_only,>0.15,-0.4007459681167816,-8.574234571504293e-05,1.0,0.003389830508474576,295
test,maxweight_backlog,<=0,-0.13328701505818172,0.013064449391258027,0.8947368421052632,0.0,19
test,maxweight_backlog,"(0,0.03]",-0.24495141662319708,-0.037028278751080536,1.0,0.16666666666666666,6
test,maxweight_backlog,"(0.03,0.08]",-0.30916666946349086,0.0,1.0,0.0,29
test,maxweight_backlog,"(0.08,0.15]",-0.3494739658940054,-4.464614834088651e-06,1.0,0.005405405405405406,185
test,maxweight_backlog,>0.15,-0.4021658885198363,-9.66624987858732e-05,1.0,0.0038314176245210726,261
test,minimal_verify,<=0,-0.07496835669882958,0.0,0.937246963562753,0.12550607287449392,494
test,minimal_verify,"(0,0.03]",-0.40240541662422513,0.0,1.0,0.0,1
test,minimal_verify,"(0.03,0.08]",-0.43865240858732374,0.0,1.0,0.0,3
test,minimal_verify,>0.15,-0.5695103150558714,0.0,1.0,0.0,2
test,oracle_src,<=0,-0.019806557395584377,0.020811777212356195,0.8125,0.0,16
test,oracle_src,"(0,0.03]",-0.14559755792870377,0.0,1.0,0.0,4
test,oracle_src,"(0.03,0.08]",-0.2028608210148304,-0.008269099413678604,1.0,0.03225806451612903,31
test,oracle_src,"(0.08,0.15]",-0.26089335947564574,0.0,1.0,0.0,159
test,oracle_src,>0.15,-0.34362983922785534,-0.00026429777094366354,1.0,0.010344827586206896,290
test,pareto_camc_rsrc_anchor,<=0,-0.13235647231478062,0.013064501909131934,0.8947368421052632,0.0,19
test,pareto_camc_rsrc_anchor,"(0,0.03]",-0.24411299508801607,-0.037028326186173334,1.0,0.16666666666666666,6
test,pareto_camc_rsrc_anchor,"(0.03,0.08]",-0.3085807035354014,0.0,1.0,0.0,30
test,pareto_camc_rsrc_anchor,"(0.08,0.15]",-0.35704105925128127,-4.173257527872099e-06,1.0,0.005050505050505051,198
test,pareto_camc_rsrc_anchor,>0.15,-0.40296024736713437,-0.00010214281038845365,1.0,0.004048582995951417,247
test,pareto_camc_sempc_candidate,<=0,-0.13548088336905262,0.013061692620223733,0.8947368421052632,0.0,19
test,pareto_camc_sempc_candidate,"(0,0.03]",-0.24493491002656334,-0.04442952473359596,1.0,0.2,5
test,pareto_camc_sempc_candidate,"(0.03,0.08]",-0.30927100748001995,0.0,1.0,0.0,29
test,pareto_camc_sempc_candidate,"(0.08,0.15]",-0.342105738922844,-5.6414531459749754e-06,1.0,0.00684931506849315,146
test,pareto_camc_sempc_candidate,>0.15,-0.3926372073708982,-8.372386696664043e-05,1.0,0.0033222591362126247,301
test,pareto_camc_static_anchor,<=0,-0.13619662070230115,0.013061692620223733,0.8947368421052632,0.0,19
test,pareto_camc_static_anchor,"(0,0.03]",-0.2472736068257991,-0.0370246039446633,1.0,0.16666666666666666,6
test,pareto_camc_static_anchor,"(0.03,0.08]",-0.3117501657883208,0.0,1.0,0.0,28
test,pareto_camc_static_anchor,"(0.08,0.15]",-0.34144231311145573,-5.491014395415643e-06,1.0,0.006666666666666667,150
test,pareto_camc_static_anchor,>0.15,-0.3896548191277346,-8.485146113454131e-05,1.0,0.003367003367003367,297
test,plain_mpc,<=0,-0.21786455688707593,0.00031032871859456717,0.981203007518797,0.011278195488721804,266
test,plain_mpc,"(0,0.03]",-0.2851086298608442,-0.00045519990759990673,1.0,0.011428571428571429,175
test,plain_mpc,"(0.03,0.08]",-0.38828388729682894,-7.40373157992612e-05,1.0,0.02564102564102564,39
test,plain_mpc,"(0.08,0.15]",-0.42638981059140035,0.0,1.0,0.0,17
test,plain_mpc,>0.15,-0.44244486770179287,0.0,1.0,0.0,3
test,rsrc,<=0,-0.13235647231478062,0.013064501909131934,0.8947368421052632,0.0,19
test,rsrc,"(0,0.03]",-0.24411299508801607,-0.037028326186173334,1.0,0.16666666666666666,6
test,rsrc,"(0.03,0.08]",-0.3085807035354014,0.0,1.0,0.0,30
test,rsrc,"(0.08,0.15]",-0.35704105925128127,-4.173257527872099e-06,1.0,0.005050505050505051,198
test,rsrc,>0.15,-0.40296024736713437,-0.00010214281038845365,1.0,0.004048582995951417,247
test,rsrc_no_context,<=0,-0.13650515651257827,0.013064501909131934,0.8947368421052632,0.0,19
test,rsrc_no_context,"(0,0.03]",-0.27010320195678633,-0.055542489279260004,1.0,0.25,4
test,rsrc_no_context,"(0.03,0.08]",-0.3014069792027236,0.0,1.0,0.0,30
test,rsrc_no_context,"(0.08,0.15]",-0.35788222871731096,-4.259304074838535e-06,1.0,0.005154639175257732,194
test,rsrc_no_context,>0.15,-0.40473763460523937,-9.972045124880652e-05,1.0,0.003952569169960474,253
test,rsrc_no_recovery,<=0,-0.12316287481857227,0.013796737422031077,0.8888888888888888,0.0,18
test,rsrc_no_recovery,"(0,0.03]",-0.2730592826986631,-0.05555519522204308,1.0,0.25,4
test,rsrc_no_recovery,"(0.03,0.08]",-0.29609167804117575,0.0,1.0,0.0,18
test,rsrc_no_recovery,"(0.08,0.15]",-0.3480880419419134,-4.861768955584758e-06,1.0,0.0058823529411764705,170
test,rsrc_no_recovery,>0.15,-0.3992491527306247,-8.72206620204747e-05,1.0,0.0034482758620689655,290
test,se_mpc,<=0,-0.13235993881789362,0.013064432927538817,0.8947368421052632,0.0,19
test,se_mpc,"(0,0.03]",-0.2442619724733032,-0.03702823003447096,1.0,0.16666666666666666,6
test,se_mpc,"(0.03,0.08]",-0.3130682139081052,0.0,1.0,0.0,31
test,se_mpc,"(0.08,0.15]",-0.3551837260587057,-4.070467933589536e-06,1.0,0.0049261083743842365,203
test,se_mpc,>0.15,-0.40360359805024093,-0.00010468274035640286,1.0,0.004149377593360996,241
test,static_aggressive,<=0,-0.2096461375597854,0.0007257033813354041,0.9487179487179487,0.02564102564102564,39
test,static_aggressive,"(0,0.03]",-0.3242398671430802,0.0,1.0,0.0,45
test,static_aggressive,"(0.03,0.08]",-0.35447141682655736,-3.829590111592568e-06,1.0,0.010101010101010102,99
test,static_aggressive,"(0.08,0.15]",-0.389486376303834,-0.00015427238923222705,1.0,0.0055248618784530384,181
test,static_aggressive,>0.15,-0.43651817855203084,0.0,1.0,0.0,136
test,static_conservative,<=0,-0.13619662070230115,0.013061692620223733,0.8947368421052632,0.0,19
test,static_conservative,"(0,0.03]",-0.2472736068257991,-0.0370246039446633,1.0,0.16666666666666666,6
test,static_conservative,"(0.03,0.08]",-0.3117501657883208,0.0,1.0,0.0,28
test,static_conservative,"(0.08,0.15]",-0.34144231311145573,-5.491014395415643e-06,1.0,0.006666666666666667,150
test,static_conservative,>0.15,-0.3896548191277346,-8.485146113454131e-05,1.0,0.003367003367003367,297
verified,adaptive_threshold,<=0,-0.18259941808582378,4.421282537096209e-05,0.9574468085106383,0.02127659574468085,47
verified,adaptive_threshold,"(0,0.03]",-0.24681924145362213,0.0,1.0,0.0,36
verified,adaptive_threshold,"(0.03,0.08]",-0.276473146048789,0.0,1.0,0.0,103
verified,adaptive_threshold,"(0.08,0.15]",-0.34279977596791933,-8.731104169895876e-06,1.0,0.004201680672268907,238
verified,adaptive_threshold,>0.15,-0.4021004245014686,0.0,1.0,0.0,76
verified,always_verify,<=0,-0.15589894646297126,0.0,1.0,0.0,9
verified,always_verify,"(0,0.03]",-0.22584496687883063,0.0,1.0,0.0,6
verified,always_verify,"(0.03,0.08]",-0.28779331333841096,0.0,1.0,0.0,13
verified,always_verify,"(0.08,0.15]",-0.34846198272928897,0.0,1.0,0.0,127
verified,always_verify,>0.15,-0.37752390842259853,0.0,1.0,0.0,345
verified,always_verify_throttle,<=0,-0.15684573024492734,0.0,1.0,0.0,9
verified,always_verify_throttle,"(0,0.03]",-0.23033656303540068,0.0,1.0,0.0,5
verified,always_verify_throttle,"(0.03,0.08]",-0.28314663080105384,0.0,1.0,0.0,14
verified,always_verify_throttle,"(0.08,0.15]",-0.34538148042770994,0.0,1.0,0.0,124
verified,always_verify_throttle,>0.15,-0.3749943439404811,0.0,1.0,0.0,348
verified,camc_rsrc_anchor,<=0,-0.16004047099983437,0.0,1.0,0.0,11
verified,camc_rsrc_anchor,"(0,0.03]",-0.22562552159901614,0.0,1.0,0.0,8
verified,camc_rsrc_anchor,"(0.03,0.08]",-0.289060046553194,0.0,1.0,0.0,20
verified,camc_rsrc_anchor,"(0.08,0.15]",-0.3557384636885064,0.0,1.0,0.0,222
verified,camc_rsrc_anchor,>0.15,-0.399351054444754,0.0,1.0,0.0,239
verified,camc_sempc_candidate,<=0,-0.16240155771042053,0.0,1.0,0.0,13
verified,camc_sempc_candidate,"(0,0.03]",-0.24330951256610747,0.0,1.0,0.0,10
verified,camc_sempc_candidate,"(0.03,0.08]",-0.28594680386923443,0.0,1.0,0.0,35
verified,camc_sempc_candidate,"(0.08,0.15]",-0.35511457800389534,0.0,1.0,0.0,243
verified,camc_sempc_candidate,>0.15,-0.4017721119623261,0.0,1.0,0.0,199
verified,camc_static_anchor,<=0,-0.16209083954822487,0.0,1.0,0.0,10
verified,camc_static_anchor,"(0,0.03]",-0.2304412504610248,0.0,1.0,0.0,8
verified,camc_static_anchor,"(0.03,0.08]",-0.29616091213746404,0.0,1.0,0.0,16
verified,camc_static_anchor,"(0.08,0.15]",-0.3406153362863187,0.0,1.0,0.0,154
verified,camc_static_anchor,>0.15,-0.38862528519207395,0.0,1.0,0.0,312
verified,greedy_myopic,<=0,-0.2399621426439588,2.2357704003802255e-06,0.983739837398374,0.008130081300813009,123
verified,greedy_myopic,"(0,0.03]",-0.3077101669089856,0.0,1.0,0.0,67
verified,greedy_myopic,"(0.03,0.08]",-0.33904637053054987,0.0,1.0,0.0,145
verified,greedy_myopic,"(0.08,0.15]",-0.3925611818226627,-2.254096387268588e-06,1.0,0.00819672131147541,122
verified,greedy_myopic,>0.15,-0.44129738735415375,0.0,1.0,0.0,43
verified,headroom_only,<=0,-0.12904323724144118,0.0,1.0,0.0,8
verified,headroom_only,"(0,0.03]",-0.24092744074892078,0.0,1.0,0.0,8
verified,headroom_only,"(0.03,0.08]",-0.2773976293478108,0.0,1.0,0.0,13
verified,headroom_only,"(0.08,0.15]",-0.3525604027365171,0.0,1.0,0.0,175
verified,headroom_only,>0.15,-0.3957750452222065,0.0,1.0,0.0,296
verified,maxweight_backlog,<=0,-0.16678981499755177,0.0,1.0,0.0,11
verified,maxweight_backlog,"(0,0.03]",-0.22608588100244403,0.0,1.0,0.0,7
verified,maxweight_backlog,"(0.03,0.08]",-0.29188383077902014,0.0,1.0,0.0,16
verified,maxweight_backlog,"(0.08,0.15]",-0.35419322777629186,0.0,1.0,0.0,202
verified,maxweight_backlog,>0.15,-0.39645701122382254,0.0,1.0,0.0,264
verified,minimal_verify,<=0,-0.07765282638345092,-2.7821244771604662e-21,0.9410569105691057,0.09146341463414634,492
verified,minimal_verify,"(0,0.03]",-0.38620892968085335,0.0,1.0,0.0,3
verified,minimal_verify,"(0.03,0.08]",-0.458407182273285,0.0,1.0,0.0,3
verified,minimal_verify,"(0.08,0.15]",-0.4470935076377166,0.0,1.0,0.0,1
verified,minimal_verify,>0.15,-0.602215526722477,0.0,1.0,0.0,1
verified,oracle_src,<=0,-0.06021621291092742,0.0014145627657204786,0.75,0.0,16
verified,oracle_src,"(0,0.03]",-0.16099861825557335,0.0,1.0,0.0,19
verified,oracle_src,"(0.03,0.08]",-0.19823535158893055,-3.059112222486617e-05,1.0,0.023809523809523808,42
verified,oracle_src,"(0.08,0.15]",-0.24835000081697833,-1.8560573848008811e-07,1.0,0.005494505494505495,182
verified,oracle_src,>0.15,-0.3320436357763605,-8.844148080365106e-05,1.0,0.008298755186721992,241
verified,pareto_camc_rsrc_anchor,<=0,-0.1600461190723327,0.0,1.0,0.0,11
verified,pareto_camc_rsrc_anchor,"(0,0.03]",-0.224814191515273,0.0,1.0,0.0,7
verified,pareto_camc_rsrc_anchor,"(0.03,0.08]",-0.2916708911560528,0.0,1.0,0.0,18
verified,pareto_camc_rsrc_anchor,"(0.08,0.15]",-0.35945888928993786,0.0,1.0,0.0,219
verified,pareto_camc_rsrc_anchor,>0.15,-0.3973611109362961,0.0,1.0,0.0,245
verified,pareto_camc_sempc_candidate,<=0,-0.15969674486692848,0.0,1.0,0.0,10
verified,pareto_camc_sempc_candidate,"(0,0.03]",-0.2294566748009389,0.0,1.0,0.0,8
verified,pareto_camc_sempc_candidate,"(0.03,0.08]",-0.2979965859125343,0.0,1.0,0.0,15
verified,pareto_camc_sempc_candidate,"(0.08,0.15]",-0.34090684142453886,0.0,1.0,0.0,152
verified,pareto_camc_sempc_candidate,>0.15,-0.3878036850038283,0.0,1.0,0.0,315
verified,pareto_camc_static_anchor,<=0,-0.1622223949736124,0.0,1.0,0.0,10
verified,pareto_camc_static_anchor,"(0,0.03]",-0.23046123254638054,0.0,1.0,0.0,8
verified,pareto_camc_static_anchor,"(0.03,0.08]",-0.2962190740504531,0.0,1.0,0.0,16
verified,pareto_camc_static_anchor,"(0.08,0.15]",-0.3407410811352767,0.0,1.0,0.0,154
verified,pareto_camc_static_anchor,>0.15,-0.38691477448795236,0.0,1.0,0.0,312
verified,plain_mpc,<=0,-0.19871302164091298,8.598120813572617e-05,0.9834437086092715,0.009933774834437087,302
verified,plain_mpc,"(0,0.03]",-0.2726052056885968,-0.0001686124990713591,1.0,0.012987012987012988,154
verified,plain_mpc,"(0.03,0.08]",-0.39763298019726173,0.0,1.0,0.0,26
verified,plain_mpc,"(0.08,0.15]",-0.4772960613495422,0.0,1.0,0.0,15
verified,plain_mpc,>0.15,-0.4522490610044804,0.0,1.0,0.0,3
verified,rsrc,<=0,-0.1600461190723327,0.0,1.0,0.0,11
verified,rsrc,"(0,0.03]",-0.224814191515273,0.0,1.0,0.0,7
verified,rsrc,"(0.03,0.08]",-0.2916708911560528,0.0,1.0,0.0,18
verified,rsrc,"(0.08,0.15]",-0.35945888928993786,0.0,1.0,0.0,219
verified,rsrc,>0.15,-0.3973611109362961,0.0,1.0,0.0,245
verified,rsrc_no_context,<=0,-0.16118190533016005,0.0,1.0,0.0,10
verified,rsrc_no_context,"(0,0.03]",-0.22643398304798784,0.0,1.0,0.0,8
verified,rsrc_no_context,"(0.03,0.08]",-0.2916686971003491,0.0,1.0,0.0,18
verified,rsrc_no_context,"(0.08,0.15]",-0.36085050268046565,0.0,1.0,0.0,216
verified,rsrc_no_context,>0.15,-0.39794408191215186,0.0,1.0,0.0,248
verified,rsrc_no_recovery,<=0,-0.12540127611512059,0.0,1.0,0.0,8
verified,rsrc_no_recovery,"(0,0.03]",-0.23217483426782234,0.0,1.0,0.0,9
verified,rsrc_no_recovery,"(0.03,0.08]",-0.28200995027483583,0.0,1.0,0.0,12
verified,rsrc_no_recovery,"(0.08,0.15]",-0.3519530005188604,0.0,1.0,0.0,177
verified,rsrc_no_recovery,>0.15,-0.39461544456865244,0.0,1.0,0.0,294
verified,se_mpc,<=0,-0.1600461245139337,0.0,1.0,0.0,11
verified,se_mpc,"(0,0.03]",-0.22493460172915083,0.0,1.0,0.0,7
verified,se_mpc,"(0.03,0.08]",-0.29185435865781034,0.0,1.0,0.0,18
verified,se_mpc,"(0.08,0.15]",-0.35888819086136886,0.0,1.0,0.0,221
verified,se_mpc,>0.15,-0.39681375205545605,0.0,1.0,0.0,243
verified,static_aggressive,<=0,-0.22935447603734616,0.0,1.0,0.0,30
verified,static_aggressive,"(0,0.03]",-0.31265288945114694,0.0,1.0,0.0,31
verified,static_aggressive,"(0.03,0.08]",-0.3467583297686233,0.0,1.0,0.0,113
verified,static_aggressive,"(0.08,0.15]",-0.3902997271527088,0.0,1.0,0.0,201
verified,static_aggressive,>0.15,-0.4280808379256929,0.0,1.0,0.0,125
verified,static_conservative,<=0,-0.1622223949736124,0.0,1.0,0.0,10
verified,static_conservative,"(0,0.03]",-0.23046123254638054,0.0,1.0,0.0,8
verified,static_conservative,"(0.03,0.08]",-0.2962190740504531,0.0,1.0,0.0,16
verified,static_conservative,"(0.08,0.15]",-0.3407410811352767,0.0,1.0,0.0,154
verified,static_conservative,>0.15,-0.38691477448795236,0.0,1.0,0.0,312
