dataset,controller_a,controller_b,metric,a_minus_b,ci_low,ci_high
rebench,rsrc,static_conservative,discounted_cost,0.004438393428160381,0.003653477681599737,0.005223309174721025
rebench,rsrc,static_conservative,safety_augmented_cost_medium,0.011938393428160499,0.011223309174721141,0.012653477681599856
rebench,rsrc,static_conservative,success_rate,-0.010000000000000009,-0.01200000000000001,-0.008000000000000007
rebench,rsrc,static_conservative,overload_rate,0.0,0.0,0.0
rebench,rsrc,static_conservative,safe_occupancy_rate,-0.07999999999999999,-0.08399999999999996,-0.07600000000000001
rebench,rsrc,static_conservative,benchmark_safe_occupancy_rate,-0.09399999999999997,-0.10799999999999998,-0.07999999999999996
rebench,rsrc,static_conservative,verification_rate,-0.0040000000000000036,-0.005333333333333301,-0.002666666666666706
rebench,rsrc,static_conservative,certificate_service_violation_rate,0.0,0.0,0.0
rebench,rsrc,static_conservative,negative_drift_rate_outside_safe,0.0035276021567707816,0.000995181227739339,0.006060023085802224
rebench,rsrc,static_conservative,avg_return_time_to_safe,0.37617146019353576,0.2678018575851393,0.4845410628019322
rebench,se_mpc,static_conservative,discounted_cost,0.00474696316583878,0.0018611363517192503,0.00763278997995831
rebench,se_mpc,static_conservative,safety_augmented_cost_medium,0.013746963165838899,0.010861136351719258,0.01663278997995854
rebench,se_mpc,static_conservative,success_rate,-0.011999999999999997,-0.01200000000000001,-0.011999999999999983
rebench,se_mpc,static_conservative,overload_rate,0.0,0.0,0.0
rebench,se_mpc,static_conservative,safe_occupancy_rate,-0.08399999999999996,-0.08799999999999997,-0.07999999999999996
rebench,se_mpc,static_conservative,benchmark_safe_occupancy_rate,-0.09399999999999997,-0.10799999999999998,-0.07999999999999996
rebench,se_mpc,static_conservative,verification_rate,-0.005333333333333412,-0.00666666666666671,-0.004000000000000115
rebench,se_mpc,static_conservative,certificate_service_violation_rate,0.0,0.0,0.0
rebench,se_mpc,static_conservative,negative_drift_rate_outside_safe,0.0036667173835063793,0.0010405285885229931,0.0062929061784897655
rebench,se_mpc,static_conservative,avg_return_time_to_safe,0.40044046604148886,0.2941176470588234,0.5067632850241544
rebench,rsrc,headroom_only,discounted_cost,-0.000297940827312021,-0.000324732582497711,-0.000271149072126331
rebench,rsrc,headroom_only,safety_augmented_cost_medium,-0.00029794082731204874,-0.0003247325824977665,-0.000271149072126331
rebench,rsrc,headroom_only,success_rate,0.0,0.0,0.0
rebench,rsrc,headroom_only,overload_rate,0.0,0.0,0.0
rebench,rsrc,headroom_only,safe_occupancy_rate,-0.011999999999999955,-0.015999999999999903,-0.008000000000000007
rebench,rsrc,headroom_only,benchmark_safe_occupancy_rate,0.0020000000000000018,0.0,0.0040000000000000036
rebench,rsrc,headroom_only,verification_rate,0.0,0.0,0.0
rebench,rsrc,headroom_only,certificate_service_violation_rate,0.0,0.0,0.0
rebench,rsrc,headroom_only,negative_drift_rate_outside_safe,0.0005334107625905582,9.25583117363793e-05,0.0009742632134447371
rebench,rsrc,headroom_only,avg_return_time_to_safe,-0.0007773323562798584,-0.029292929292929593,0.027738264580369876
rebench,rsrc,rsrc_no_recovery,discounted_cost,-0.0003013424251227248,-0.0003315357856140122,-0.0002711490646314374
rebench,rsrc,rsrc_no_recovery,safety_augmented_cost_medium,-0.00030134242512269704,-0.0003315357856139567,-0.0002711490646314374
rebench,rsrc,rsrc_no_recovery,success_rate,0.0,0.0,0.0
rebench,rsrc,rsrc_no_recovery,overload_rate,0.0,0.0,0.0
rebench,rsrc,rsrc_no_recovery,safe_occupancy_rate,-0.011999999999999955,-0.015999999999999903,-0.008000000000000007
rebench,rsrc,rsrc_no_recovery,benchmark_safe_occupancy_rate,0.0020000000000000018,0.0,0.0040000000000000036
rebench,rsrc,rsrc_no_recovery,verification_rate,0.0,0.0,0.0
rebench,rsrc,rsrc_no_recovery,certificate_service_violation_rate,0.0,0.0,0.0
rebench,rsrc,rsrc_no_recovery,negative_drift_rate_outside_safe,0.0005334107625905582,9.25583117363793e-05,0.0009742632134447371
rebench,rsrc,rsrc_no_recovery,avg_return_time_to_safe,-0.0007773323562798584,-0.029292929292929593,0.027738264580369876
rebench,rsrc,rsrc_no_context,discounted_cost,3.0627701211316527e-06,-1.4989787189279014e-11,6.125555232050495e-06
rebench,rsrc,rsrc_no_context,safety_augmented_cost_medium,3.062770121187164e-06,-1.4989787189279014e-11,6.125555232161517e-06
rebench,rsrc,rsrc_no_context,success_rate,0.0,0.0,0.0
rebench,rsrc,rsrc_no_context,overload_rate,0.0,0.0,0.0
rebench,rsrc,rsrc_no_context,safe_occupancy_rate,0.0,0.0,0.0
rebench,rsrc,rsrc_no_context,benchmark_safe_occupancy_rate,0.0,0.0,0.0
rebench,rsrc,rsrc_no_context,verification_rate,0.0,0.0,0.0
rebench,rsrc,rsrc_no_context,certificate_service_violation_rate,0.0,0.0,0.0
rebench,rsrc,rsrc_no_context,negative_drift_rate_outside_safe,0.0,0.0,0.0
rebench,rsrc,rsrc_no_context,avg_return_time_to_safe,0.0,0.0,0.0
rebench,rsrc,adaptive_threshold,discounted_cost,0.0266967406267076,0.02516608382246427,0.02822739743095093
rebench,rsrc,adaptive_threshold,safety_augmented_cost_medium,-0.03330325937329226,-0.04683391617753552,-0.019772602569049003
rebench,rsrc,adaptive_threshold,success_rate,0.08,0.064,0.096
rebench,rsrc,adaptive_threshold,overload_rate,0.0,0.0,0.0
rebench,rsrc,adaptive_threshold,safe_occupancy_rate,0.22000000000000003,0.11599999999999999,0.32400000000000007
rebench,rsrc,adaptive_threshold,benchmark_safe_occupancy_rate,0.008000000000000007,-0.03200000000000003,0.04800000000000004
rebench,rsrc,adaptive_threshold,verification_rate,0.21933333333333244,0.21866666666666545,0.21999999999999942
rebench,rsrc,adaptive_threshold,certificate_service_violation_rate,0.0,0.0,0.0
rebench,rsrc,adaptive_threshold,negative_drift_rate_outside_safe,0.00213113996013764,-0.005930115865340757,0.010192395785616037
rebench,rsrc,adaptive_threshold,avg_return_time_to_safe,-3.5921982987772463,-5.109649122807018,-2.0747474747474746
rebench,rsrc,maxweight_backlog,discounted_cost,0.0008619639232941845,0.0008228204733086164,0.0009011073732797525
rebench,rsrc,maxweight_backlog,safety_augmented_cost_medium,0.0008619639232942955,0.0008228204733087274,0.0009011073732798636
rebench,rsrc,maxweight_backlog,success_rate,0.0,0.0,0.0
rebench,rsrc,maxweight_backlog,overload_rate,0.0,0.0,0.0
rebench,rsrc,maxweight_backlog,safe_occupancy_rate,-0.013999999999999957,-0.015999999999999903,-0.01200000000000001
rebench,rsrc,maxweight_backlog,benchmark_safe_occupancy_rate,-0.03199999999999997,-0.03599999999999992,-0.028000000000000025
rebench,rsrc,maxweight_backlog,verification_rate,0.0,0.0,0.0
rebench,rsrc,maxweight_backlog,certificate_service_violation_rate,0.0,0.0,0.0
rebench,rsrc,maxweight_backlog,negative_drift_rate_outside_safe,0.0005570290904129416,0.00013979496738114605,0.0009742632134447371
rebench,rsrc,maxweight_backlog,avg_return_time_to_safe,-0.06864885080919358,-0.08320413436692542,-0.05409356725146175
rebench,se_mpc,rsrc,discounted_cost,0.0003085697376783991,-0.0017923413298804869,0.002409480805237285
rebench,se_mpc,rsrc,safety_augmented_cost_medium,0.0018085697376784005,-0.001792341329880598,0.005409480805237399
rebench,se_mpc,rsrc,success_rate,-0.001999999999999988,-0.003999999999999976,0.0
rebench,se_mpc,rsrc,overload_rate,0.0,0.0,0.0
rebench,se_mpc,rsrc,safe_occupancy_rate,-0.003999999999999976,-0.0040000000000000036,-0.003999999999999948
rebench,se_mpc,rsrc,benchmark_safe_occupancy_rate,0.0,0.0,0.0
rebench,se_mpc,rsrc,verification_rate,-0.0013333333333334085,-0.0013333333333334085,-0.0013333333333334085
rebench,se_mpc,rsrc,certificate_service_violation_rate,0.0,0.0,0.0
rebench,se_mpc,rsrc,negative_drift_rate_outside_safe,0.00013911522673559773,4.534736078365409e-05,0.00023288309268754137
rebench,se_mpc,rsrc,avg_return_time_to_safe,0.024269005847953107,0.022222222222222143,0.02631578947368407
rebench,camc_static_anchor,static_conservative,discounted_cost,5.8965643296993164e-06,2.220446049250313e-16,1.1793128659176588e-05
rebench,camc_static_anchor,static_conservative,safety_augmented_cost_medium,5.8965643296993164e-06,2.220446049250313e-16,1.1793128659176588e-05
rebench,camc_static_anchor,static_conservative,success_rate,0.0,0.0,0.0
rebench,camc_static_anchor,static_conservative,overload_rate,0.0,0.0,0.0
rebench,camc_static_anchor,static_conservative,safe_occupancy_rate,0.0,0.0,0.0
rebench,camc_static_anchor,static_conservative,benchmark_safe_occupancy_rate,0.0,0.0,0.0
rebench,camc_static_anchor,static_conservative,verification_rate,0.0,0.0,0.0
rebench,camc_static_anchor,static_conservative,certificate_service_violation_rate,0.0,0.0,0.0
rebench,camc_static_anchor,static_conservative,negative_drift_rate_outside_safe,0.0,0.0,0.0
rebench,camc_static_anchor,static_conservative,avg_return_time_to_safe,0.0,0.0,0.0
rebench,camc_rsrc_anchor,rsrc,discounted_cost,-0.0005589401834884267,-0.000564315422052375,-0.0005535649449244784
rebench,camc_rsrc_anchor,rsrc,safety_augmented_cost_medium,0.0009410598165114914,-0.0005535649449246449,0.0024356845779476277
rebench,camc_rsrc_anchor,rsrc,success_rate,-0.001999999999999988,-0.003999999999999976,0.0
rebench,camc_rsrc_anchor,rsrc,overload_rate,0.0,0.0,0.0
rebench,camc_rsrc_anchor,rsrc,safe_occupancy_rate,-0.01999999999999999,-0.02799999999999997,-0.01200000000000001
rebench,camc_rsrc_anchor,rsrc,benchmark_safe_occupancy_rate,0.010000000000000009,0.008000000000000007,0.01200000000000001
rebench,camc_rsrc_anchor,rsrc,verification_rate,-0.010666666666666769,-0.010666666666666935,-0.010666666666666602
rebench,camc_rsrc_anchor,rsrc,certificate_service_violation_rate,0.0,0.0,0.0
rebench,camc_rsrc_anchor,rsrc,negative_drift_rate_outside_safe,0.0004958737271927305,0.00030514385353097584,0.0006866036008544851
rebench,camc_rsrc_anchor,rsrc,avg_return_time_to_safe,0.04067554616753699,0.0006747638326585204,0.08067632850241546
rebench,camc_sempc_candidate,static_conservative,discounted_cost,-0.004536733032119045,-0.006539203089015622,-0.0025342629752224677
rebench,camc_sempc_candidate,static_conservative,safety_augmented_cost_medium,0.017963266967880975,0.014460796910984453,0.021465737024777498
rebench,camc_sempc_candidate,static_conservative,success_rate,-0.030000000000000013,-0.032,-0.028000000000000025
rebench,camc_sempc_candidate,static_conservative,overload_rate,0.0,0.0,0.0
rebench,camc_sempc_candidate,static_conservative,safe_occupancy_rate,-0.19,-0.20800000000000002,-0.172
rebench,camc_sempc_candidate,static_conservative,benchmark_safe_occupancy_rate,-0.03999999999999998,-0.04399999999999993,-0.03600000000000003
rebench,camc_sempc_candidate,static_conservative,verification_rate,-0.06999999999999962,-0.07599999999999962,-0.06399999999999961
rebench,camc_sempc_candidate,static_conservative,certificate_service_violation_rate,0.0,0.0,0.0
rebench,camc_sempc_candidate,static_conservative,negative_drift_rate_outside_safe,0.0068566734074823055,0.0019379844961240345,0.011775362318840576
rebench,camc_sempc_candidate,static_conservative,avg_return_time_to_safe,0.5838378829792787,0.23289315726290516,0.9347826086956523
rebench,camc_sempc_candidate,se_mpc,discounted_cost,-0.009283696197957825,-0.010167052955180778,-0.008400339440734872
rebench,camc_sempc_candidate,se_mpc,safety_augmented_cost_medium,0.004216303802042076,0.0035996605592651942,0.004832947044818958
rebench,camc_sempc_candidate,se_mpc,success_rate,-0.018000000000000016,-0.020000000000000018,-0.016000000000000014
rebench,camc_sempc_candidate,se_mpc,overload_rate,0.0,0.0,0.0
rebench,camc_sempc_candidate,se_mpc,safe_occupancy_rate,-0.10600000000000004,-0.12000000000000005,-0.09200000000000003
rebench,camc_sempc_candidate,se_mpc,benchmark_safe_occupancy_rate,0.05399999999999999,0.04399999999999993,0.06400000000000006
rebench,camc_sempc_candidate,se_mpc,verification_rate,-0.0646666666666662,-0.06933333333333291,-0.0599999999999995
rebench,camc_sempc_candidate,se_mpc,certificate_service_violation_rate,0.0,0.0,0.0
rebench,camc_sempc_candidate,se_mpc,negative_drift_rate_outside_safe,0.003189956023975926,0.0008974559076010413,0.005482456140350811
rebench,camc_sempc_candidate,se_mpc,avg_return_time_to_safe,0.18339741693778988,-0.06122448979591821,0.428019323671498
rebench,pareto_camc_static_anchor,static_conservative,discounted_cost,0.0,0.0,0.0
rebench,pareto_camc_static_anchor,static_conservative,safety_augmented_cost_medium,0.0,0.0,0.0
rebench,pareto_camc_static_anchor,static_conservative,success_rate,0.0,0.0,0.0
rebench,pareto_camc_static_anchor,static_conservative,overload_rate,0.0,0.0,0.0
rebench,pareto_camc_static_anchor,static_conservative,safe_occupancy_rate,0.0,0.0,0.0
rebench,pareto_camc_static_anchor,static_conservative,benchmark_safe_occupancy_rate,0.0,0.0,0.0
rebench,pareto_camc_static_anchor,static_conservative,verification_rate,0.0,0.0,0.0
rebench,pareto_camc_static_anchor,static_conservative,certificate_service_violation_rate,0.0,0.0,0.0
rebench,pareto_camc_static_anchor,static_conservative,negative_drift_rate_outside_safe,0.0,0.0,0.0
rebench,pareto_camc_static_anchor,static_conservative,avg_return_time_to_safe,0.0,0.0,0.0
rebench,pareto_camc_rsrc_anchor,rsrc,discounted_cost,0.0,0.0,0.0
rebench,pareto_camc_rsrc_anchor,rsrc,safety_augmented_cost_medium,0.0,0.0,0.0
rebench,pareto_camc_rsrc_anchor,rsrc,success_rate,0.0,0.0,0.0
rebench,pareto_camc_rsrc_anchor,rsrc,overload_rate,0.0,0.0,0.0
rebench,pareto_camc_rsrc_anchor,rsrc,safe_occupancy_rate,0.0,0.0,0.0
rebench,pareto_camc_rsrc_anchor,rsrc,benchmark_safe_occupancy_rate,0.0,0.0,0.0
rebench,pareto_camc_rsrc_anchor,rsrc,verification_rate,0.0,0.0,0.0
rebench,pareto_camc_rsrc_anchor,rsrc,certificate_service_violation_rate,0.0,0.0,0.0
rebench,pareto_camc_rsrc_anchor,rsrc,negative_drift_rate_outside_safe,0.0,0.0,0.0
rebench,pareto_camc_rsrc_anchor,rsrc,avg_return_time_to_safe,0.0,0.0,0.0
rebench,pareto_camc_sempc_candidate,static_conservative,discounted_cost,0.0034941076451426023,0.002885725129151251,0.004102490161133954
rebench,pareto_camc_sempc_candidate,static_conservative,safety_augmented_cost_medium,0.0019941076451426287,-0.00011427487084869625,0.004102490161133954
rebench,pareto_camc_sempc_candidate,static_conservative,success_rate,0.0020000000000000018,0.0,0.0040000000000000036
rebench,pareto_camc_sempc_candidate,static_conservative,overload_rate,0.0,0.0,0.0
rebench,pareto_camc_sempc_candidate,static_conservative,safe_occupancy_rate,-0.036000000000000004,-0.04799999999999999,-0.02400000000000002
rebench,pareto_camc_sempc_candidate,static_conservative,benchmark_safe_occupancy_rate,-0.043999999999999984,-0.05999999999999994,-0.028000000000000025
rebench,pareto_camc_sempc_candidate,static_conservative,verification_rate,0.0239999999999998,0.021333333333333315,0.026666666666666283
rebench,pareto_camc_sempc_candidate,static_conservative,certificate_service_violation_rate,0.0,0.0,0.0
rebench,pareto_camc_sempc_candidate,static_conservative,negative_drift_rate_outside_safe,0.0013280950785752865,0.0006597394029358439,0.001996450754214729
rebench,pareto_camc_sempc_candidate,static_conservative,avg_return_time_to_safe,0.30874360613810725,0.26086956521739113,0.3566176470588234
rebench,pareto_camc_sempc_candidate,se_mpc,discounted_cost,-0.0012528555206961778,-0.003530299818824356,0.0010245887774320006
rebench,pareto_camc_sempc_candidate,se_mpc,safety_augmented_cost_medium,-0.01175285552069627,-0.012530299818824586,-0.010975411222567955
rebench,pareto_camc_sempc_candidate,se_mpc,success_rate,0.013999999999999999,0.011999999999999983,0.016000000000000014
rebench,pareto_camc_sempc_candidate,se_mpc,overload_rate,0.0,0.0,0.0
rebench,pareto_camc_sempc_candidate,se_mpc,safe_occupancy_rate,0.04799999999999996,0.03199999999999997,0.06399999999999995
rebench,pareto_camc_sempc_candidate,se_mpc,benchmark_safe_occupancy_rate,0.04999999999999999,0.04800000000000004,0.051999999999999935
rebench,pareto_camc_sempc_candidate,se_mpc,verification_rate,0.02933333333333321,0.02533333333333343,0.03333333333333299
rebench,pareto_camc_sempc_candidate,se_mpc,certificate_service_violation_rate,0.0,0.0,0.0
rebench,pareto_camc_sempc_candidate,se_mpc,negative_drift_rate_outside_safe,-0.002338622304931093,-0.004296455424275036,-0.00038078918558714925
rebench,pareto_camc_sempc_candidate,se_mpc,avg_return_time_to_safe,-0.09169685990338161,-0.24589371980676322,0.0625
rebench,headroom_only,minimal_verify,discounted_cost,0.015310137923540607,0.010762972961989636,0.019857302885091577
rebench,headroom_only,minimal_verify,safety_augmented_cost_medium,-0.1596898620764593,-0.16214269711490825,-0.15723702703801035
rebench,headroom_only,minimal_verify,success_rate,0.22799999999999998,0.22399999999999998,0.232
rebench,headroom_only,minimal_verify,overload_rate,-0.002,-0.004,0.0
rebench,headroom_only,minimal_verify,safe_occupancy_rate,0.486,0.412,0.5599999999999999
rebench,headroom_only,minimal_verify,benchmark_safe_occupancy_rate,0.62,0.584,0.656
rebench,headroom_only,minimal_verify,verification_rate,0.7579999999999992,0.7413333333333326,0.7746666666666658
rebench,headroom_only,minimal_verify,certificate_service_violation_rate,0.0,0.0,0.0
rebench,headroom_only,minimal_verify,negative_drift_rate_outside_safe,0.10329580228668855,0.0889429276739988,0.1176486768993783
rebench,headroom_only,minimal_verify,avg_return_time_to_safe,-245.86793611793613,-246.05405405405406,-245.6818181818182
rebench,always_verify_throttle,always_verify,discounted_cost,-0.0006925393446661765,-0.0007203306473595461,-0.0006647480419728069
rebench,always_verify_throttle,always_verify,safety_augmented_cost_medium,-0.0006925393446661765,-0.0007203306473595461,-0.0006647480419728069
rebench,always_verify_throttle,always_verify,success_rate,0.0,0.0,0.0
rebench,always_verify_throttle,always_verify,overload_rate,0.0,0.0,0.0
rebench,always_verify_throttle,always_verify,safe_occupancy_rate,0.021999999999999992,0.015999999999999986,0.027999999999999997
rebench,always_verify_throttle,always_verify,benchmark_safe_occupancy_rate,0.03,0.02799999999999997,0.03200000000000003
rebench,always_verify_throttle,always_verify,verification_rate,0.0,0.0,0.0
rebench,always_verify_throttle,always_verify,certificate_service_violation_rate,0.0,0.0,0.0
rebench,always_verify_throttle,always_verify,negative_drift_rate_outside_safe,-0.00032765788244643046,-0.0005610472882714435,-9.426847662141746e-05
rebench,always_verify_throttle,always_verify,avg_return_time_to_safe,0.11636070853462144,-0.14814814814814792,0.3808695652173908
smith,rsrc,static_conservative,discounted_cost,0.0006694117124494414,0.0006045576756644744,0.0007342657492344085
smith,rsrc,static_conservative,safety_augmented_cost_medium,0.000669411712449608,0.0006045576756645854,0.0007342657492346305
smith,rsrc,static_conservative,success_rate,0.0,0.0,0.0
smith,rsrc,static_conservative,overload_rate,0.0,0.0,0.0
smith,rsrc,static_conservative,safe_occupancy_rate,-0.01199999999999999,-0.011999999999999997,-0.011999999999999983
smith,rsrc,static_conservative,benchmark_safe_occupancy_rate,-0.02800000000000001,-0.03600000000000003,-0.01999999999999999
smith,rsrc,static_conservative,verification_rate,0.0,0.0,0.0
smith,rsrc,static_conservative,certificate_service_violation_rate,0.0,0.0,0.0
smith,rsrc,static_conservative,negative_drift_rate_outside_safe,-0.0023221567314498093,-0.0071074595722483425,0.002463146109348724
smith,rsrc,static_conservative,avg_return_time_to_safe,0.43571428571428683,0.2142857142857153,0.6571428571428584
smith,se_mpc,static_conservative,discounted_cost,0.0006694117124494414,0.0006045576756644744,0.0007342657492344085
smith,se_mpc,static_conservative,safety_augmented_cost_medium,0.000669411712449608,0.0006045576756645854,0.0007342657492346305
smith,se_mpc,static_conservative,success_rate,0.0,0.0,0.0
smith,se_mpc,static_conservative,overload_rate,0.0,0.0,0.0
smith,se_mpc,static_conservative,safe_occupancy_rate,-0.01199999999999999,-0.011999999999999997,-0.011999999999999983
smith,se_mpc,static_conservative,benchmark_safe_occupancy_rate,-0.02800000000000001,-0.03600000000000003,-0.01999999999999999
smith,se_mpc,static_conservative,verification_rate,0.0,0.0,0.0
smith,se_mpc,static_conservative,certificate_service_violation_rate,0.0,0.0,0.0
smith,se_mpc,static_conservative,negative_drift_rate_outside_safe,-0.0023221567314498093,-0.0071074595722483425,0.002463146109348724
smith,se_mpc,static_conservative,avg_return_time_to_safe,0.43571428571428683,0.2142857142857153,0.6571428571428584
smith,rsrc,headroom_only,discounted_cost,-0.0021407411631836903,-0.004245592397868592,-3.5889928498789025e-05
smith,rsrc,headroom_only,safety_augmented_cost_medium,-0.0036407411631836917,-0.007245592397868705,-3.5889928498678e-05
smith,rsrc,headroom_only,success_rate,0.0020000000000000018,0.0,0.0040000000000000036
smith,rsrc,headroom_only,overload_rate,0.0,0.0,0.0
smith,rsrc,headroom_only,safe_occupancy_rate,-0.003999999999999997,-0.0040000000000000036,-0.00399999999999999
smith,rsrc,headroom_only,benchmark_safe_occupancy_rate,0.0020000000000000018,0.0,0.0040000000000000036
smith,rsrc,headroom_only,verification_rate,0.0,0.0,0.0
smith,rsrc,headroom_only,certificate_service_violation_rate,0.0,0.0,0.0
smith,rsrc,headroom_only,negative_drift_rate_outside_safe,0.0007838156672181906,0.0007536606373814703,0.000813970697054911
smith,rsrc,headroom_only,avg_return_time_to_safe,0.6130952380952381,0.05000000000000071,1.1761904761904756
smith,rsrc,rsrc_no_recovery,discounted_cost,-0.0021407411631836903,-0.004245592397868592,-3.5889928498789025e-05
smith,rsrc,rsrc_no_recovery,safety_augmented_cost_medium,-0.0036407411631836917,-0.007245592397868705,-3.5889928498678e-05
smith,rsrc,rsrc_no_recovery,success_rate,0.0020000000000000018,0.0,0.0040000000000000036
smith,rsrc,rsrc_no_recovery,overload_rate,0.0,0.0,0.0
smith,rsrc,rsrc_no_recovery,safe_occupancy_rate,-0.003999999999999997,-0.0040000000000000036,-0.00399999999999999
smith,rsrc,rsrc_no_recovery,benchmark_safe_occupancy_rate,0.0020000000000000018,0.0,0.0040000000000000036
smith,rsrc,rsrc_no_recovery,verification_rate,0.0,0.0,0.0
smith,rsrc,rsrc_no_recovery,certificate_service_violation_rate,0.0,0.0,0.0
smith,rsrc,rsrc_no_recovery,negative_drift_rate_outside_safe,0.0007838156672181906,0.0007536606373814703,0.000813970697054911
smith,rsrc,rsrc_no_recovery,avg_return_time_to_safe,0.6130952380952381,0.05000000000000071,1.1761904761904756
smith,rsrc,rsrc_no_context,discounted_cost,0.0,0.0,0.0
smith,rsrc,rsrc_no_context,safety_augmented_cost_medium,0.0,0.0,0.0
smith,rsrc,rsrc_no_context,success_rate,0.0,0.0,0.0
smith,rsrc,rsrc_no_context,overload_rate,0.0,0.0,0.0
smith,rsrc,rsrc_no_context,safe_occupancy_rate,0.0,0.0,0.0
smith,rsrc,rsrc_no_context,benchmark_safe_occupancy_rate,0.0,0.0,0.0
smith,rsrc,rsrc_no_context,verification_rate,0.0,0.0,0.0
smith,rsrc,rsrc_no_context,certificate_service_violation_rate,0.0,0.0,0.0
smith,rsrc,rsrc_no_context,negative_drift_rate_outside_safe,0.0,0.0,0.0
smith,rsrc,rsrc_no_context,avg_return_time_to_safe,0.0,0.0,0.0
smith,rsrc,adaptive_threshold,discounted_cost,0.034846016053208084,0.031533894485556435,0.03815813762085973
smith,rsrc,adaptive_threshold,safety_augmented_cost_medium,-0.0011539839467918922,-0.021466105514443612,0.019158137620859828
smith,rsrc,adaptive_threshold,success_rate,0.048000000000000015,0.036000000000000004,0.060000000000000026
smith,rsrc,adaptive_threshold,overload_rate,-1.734723475976807e-18,-0.004,0.003999999999999997
smith,rsrc,adaptive_threshold,safe_occupancy_rate,-0.08799999999999998,-0.09999999999999998,-0.07599999999999998
smith,rsrc,adaptive_threshold,benchmark_safe_occupancy_rate,-0.164,-0.18,-0.14800000000000002
smith,rsrc,adaptive_threshold,verification_rate,0.1280000000000005,0.1279999999999999,0.1280000000000011
smith,rsrc,adaptive_threshold,certificate_service_violation_rate,0.0,0.0,0.0
smith,rsrc,adaptive_threshold,negative_drift_rate_outside_safe,0.01898765559008403,0.016766274918775803,0.021209036261392256
smith,rsrc,adaptive_threshold,avg_return_time_to_safe,6.454271708683474,5.182352941176472,7.726190476190476
smith,rsrc,maxweight_backlog,discounted_cost,0.0001752837790194306,0.00013123511437052038,0.00021933244366834082
smith,rsrc,maxweight_backlog,safety_augmented_cost_medium,0.00017528377901954162,0.00013123511437052038,0.00021933244366856286
smith,rsrc,maxweight_backlog,success_rate,0.0,0.0,0.0
smith,rsrc,maxweight_backlog,overload_rate,0.0,0.0,0.0
smith,rsrc,maxweight_backlog,safe_occupancy_rate,-0.0020000000000000018,-0.0040000000000000036,0.0
smith,rsrc,maxweight_backlog,benchmark_safe_occupancy_rate,-0.0020000000000000018,-0.0040000000000000036,0.0
smith,rsrc,maxweight_backlog,verification_rate,0.0,0.0,0.0
smith,rsrc,maxweight_backlog,certificate_service_violation_rate,0.0,0.0,0.0
smith,rsrc,maxweight_backlog,negative_drift_rate_outside_safe,0.00037683031869073513,0.0,0.0007536606373814703
smith,rsrc,maxweight_backlog,avg_return_time_to_safe,0.025000000000000355,0.0,0.05000000000000071
smith,se_mpc,rsrc,discounted_cost,0.0,0.0,0.0
smith,se_mpc,rsrc,safety_augmented_cost_medium,0.0,0.0,0.0
smith,se_mpc,rsrc,success_rate,0.0,0.0,0.0
smith,se_mpc,rsrc,overload_rate,0.0,0.0,0.0
smith,se_mpc,rsrc,safe_occupancy_rate,0.0,0.0,0.0
smith,se_mpc,rsrc,benchmark_safe_occupancy_rate,0.0,0.0,0.0
smith,se_mpc,rsrc,verification_rate,0.0,0.0,0.0
smith,se_mpc,rsrc,certificate_service_violation_rate,0.0,0.0,0.0
smith,se_mpc,rsrc,negative_drift_rate_outside_safe,0.0,0.0,0.0
smith,se_mpc,rsrc,avg_return_time_to_safe,0.0,0.0,0.0
smith,camc_static_anchor,static_conservative,discounted_cost,0.0,0.0,0.0
smith,camc_static_anchor,static_conservative,safety_augmented_cost_medium,0.0,0.0,0.0
smith,camc_static_anchor,static_conservative,success_rate,0.0,0.0,0.0
smith,camc_static_anchor,static_conservative,overload_rate,0.0,0.0,0.0
smith,camc_static_anchor,static_conservative,safe_occupancy_rate,0.0,0.0,0.0
smith,camc_static_anchor,static_conservative,benchmark_safe_occupancy_rate,0.0,0.0,0.0
smith,camc_static_anchor,static_conservative,verification_rate,0.0,0.0,0.0
smith,camc_static_anchor,static_conservative,certificate_service_violation_rate,0.0,0.0,0.0
smith,camc_static_anchor,static_conservative,negative_drift_rate_outside_safe,0.0,0.0,0.0
smith,camc_static_anchor,static_conservative,avg_return_time_to_safe,0.0,0.0,0.0
smith,camc_rsrc_anchor,rsrc,discounted_cost,-0.0045574692568203234,-0.005661805173783674,-0.003453133339856973
smith,camc_rsrc_anchor,rsrc,safety_augmented_cost_medium,0.0014425307431796819,-0.00045313333985697035,0.003338194826216334
smith,camc_rsrc_anchor,rsrc,success_rate,-0.008000000000000007,-0.01200000000000001,-0.0040000000000000036
smith,camc_rsrc_anchor,rsrc,overload_rate,0.0,0.0,0.0
smith,camc_rsrc_anchor,rsrc,safe_occupancy_rate,-0.006000000000000005,-0.01200000000000001,0.0
smith,camc_rsrc_anchor,rsrc,benchmark_safe_occupancy_rate,0.034,0.016000000000000014,0.05199999999999999
smith,camc_rsrc_anchor,rsrc,verification_rate,-0.019999999999999962,-0.025333333333333208,-0.014666666666666717
smith,camc_rsrc_anchor,rsrc,certificate_service_violation_rate,0.0,0.0,0.0
smith,camc_rsrc_anchor,rsrc,negative_drift_rate_outside_safe,0.001109842719431764,0.0,0.002219685438863528
smith,camc_rsrc_anchor,rsrc,avg_return_time_to_safe,0.07499999999999929,0.0,0.14999999999999858
smith,camc_sempc_candidate,static_conservative,discounted_cost,-0.003888057544370882,-0.004927539424549265,-0.0028485756641924986
smith,camc_sempc_candidate,static_conservative,safety_augmented_cost_medium,0.00211194245562929,0.00015142433580761505,0.004072460575450965
smith,camc_sempc_candidate,static_conservative,success_rate,-0.008000000000000007,-0.01200000000000001,-0.0040000000000000036
smith,camc_sempc_candidate,static_conservative,overload_rate,0.0,0.0,0.0
smith,camc_sempc_candidate,static_conservative,safe_occupancy_rate,-0.017999999999999995,-0.023999999999999994,-0.011999999999999997
smith,camc_sempc_candidate,static_conservative,benchmark_safe_occupancy_rate,0.0059999999999999915,-0.003999999999999976,0.01599999999999996
smith,camc_sempc_candidate,static_conservative,verification_rate,-0.019999999999999962,-0.025333333333333208,-0.014666666666666717
smith,camc_sempc_candidate,static_conservative,certificate_service_violation_rate,0.0,0.0,0.0
smith,camc_sempc_candidate,static_conservative,negative_drift_rate_outside_safe,-0.0012123140120180453,-0.004887774133384815,0.002463146109348724
smith,camc_sempc_candidate,static_conservative,avg_return_time_to_safe,0.5107142857142861,0.2142857142857153,0.8071428571428569
smith,camc_sempc_candidate,se_mpc,discounted_cost,-0.0045574692568203234,-0.005661805173783674,-0.003453133339856973
smith,camc_sempc_candidate,se_mpc,safety_augmented_cost_medium,0.0014425307431796819,-0.00045313333985697035,0.003338194826216334
smith,camc_sempc_candidate,se_mpc,success_rate,-0.008000000000000007,-0.01200000000000001,-0.0040000000000000036
smith,camc_sempc_candidate,se_mpc,overload_rate,0.0,0.0,0.0
smith,camc_sempc_candidate,se_mpc,safe_occupancy_rate,-0.006000000000000005,-0.01200000000000001,0.0
smith,camc_sempc_candidate,se_mpc,benchmark_safe_occupancy_rate,0.034,0.016000000000000014,0.05199999999999999
smith,camc_sempc_candidate,se_mpc,verification_rate,-0.019999999999999962,-0.025333333333333208,-0.014666666666666717
smith,camc_sempc_candidate,se_mpc,certificate_service_violation_rate,0.0,0.0,0.0
smith,camc_sempc_candidate,se_mpc,negative_drift_rate_outside_safe,0.001109842719431764,0.0,0.002219685438863528
smith,camc_sempc_candidate,se_mpc,avg_return_time_to_safe,0.07499999999999929,0.0,0.14999999999999858
smith,pareto_camc_static_anchor,static_conservative,discounted_cost,0.0,0.0,0.0
smith,pareto_camc_static_anchor,static_conservative,safety_augmented_cost_medium,0.0,0.0,0.0
smith,pareto_camc_static_anchor,static_conservative,success_rate,0.0,0.0,0.0
smith,pareto_camc_static_anchor,static_conservative,overload_rate,0.0,0.0,0.0
smith,pareto_camc_static_anchor,static_conservative,safe_occupancy_rate,0.0,0.0,0.0
smith,pareto_camc_static_anchor,static_conservative,benchmark_safe_occupancy_rate,0.0,0.0,0.0
smith,pareto_camc_static_anchor,static_conservative,verification_rate,0.0,0.0,0.0
smith,pareto_camc_static_anchor,static_conservative,certificate_service_violation_rate,0.0,0.0,0.0
smith,pareto_camc_static_anchor,static_conservative,negative_drift_rate_outside_safe,0.0,0.0,0.0
smith,pareto_camc_static_anchor,static_conservative,avg_return_time_to_safe,0.0,0.0,0.0
smith,pareto_camc_rsrc_anchor,rsrc,discounted_cost,-0.0005767139150528733,-0.0006045576756644744,-0.0005488701544412722
smith,pareto_camc_rsrc_anchor,rsrc,safety_augmented_cost_medium,-0.0005767139150529843,-0.0006045576756645854,-0.0005488701544413832
smith,pareto_camc_rsrc_anchor,rsrc,success_rate,0.0,0.0,0.0
smith,pareto_camc_rsrc_anchor,rsrc,overload_rate,0.0,0.0,0.0
smith,pareto_camc_rsrc_anchor,rsrc,safe_occupancy_rate,0.005999999999999998,0.0,0.011999999999999997
smith,pareto_camc_rsrc_anchor,rsrc,benchmark_safe_occupancy_rate,0.020000000000000004,0.01999999999999999,0.020000000000000018
smith,pareto_camc_rsrc_anchor,rsrc,verification_rate,0.001333333333333353,0.0,0.002666666666666706
smith,pareto_camc_rsrc_anchor,rsrc,certificate_service_violation_rate,0.0,0.0,0.0
smith,pareto_camc_rsrc_anchor,rsrc,negative_drift_rate_outside_safe,0.0033980565749552882,-0.002463146109348724,0.0092592592592593
smith,pareto_camc_rsrc_anchor,rsrc,avg_return_time_to_safe,-0.10714285714285765,-0.2142857142857153,0.0
smith,pareto_camc_sempc_candidate,static_conservative,discounted_cost,9.269779739656814e-05,0.0,0.00018539559479313628
smith,pareto_camc_sempc_candidate,static_conservative,safety_augmented_cost_medium,9.269779739662365e-05,0.0,0.0001853955947932473
smith,pareto_camc_sempc_candidate,static_conservative,success_rate,0.0,0.0,0.0
smith,pareto_camc_sempc_candidate,static_conservative,overload_rate,0.0,0.0,0.0
smith,pareto_camc_sempc_candidate,static_conservative,safe_occupancy_rate,-0.0059999999999999915,-0.011999999999999983,0.0
smith,pareto_camc_sempc_candidate,static_conservative,benchmark_safe_occupancy_rate,-0.008000000000000007,-0.016000000000000014,0.0
smith,pareto_camc_sempc_candidate,static_conservative,verification_rate,0.001333333333333353,0.0,0.002666666666666706
smith,pareto_camc_sempc_candidate,static_conservative,certificate_service_violation_rate,0.0,0.0,0.0
smith,pareto_camc_sempc_candidate,static_conservative,negative_drift_rate_outside_safe,0.001075899843505479,0.0,0.002151799687010958
smith,pareto_camc_sempc_candidate,static_conservative,avg_return_time_to_safe,0.3285714285714292,0.0,0.6571428571428584
smith,pareto_camc_sempc_candidate,se_mpc,discounted_cost,-0.0005767139150528733,-0.0006045576756644744,-0.0005488701544412722
smith,pareto_camc_sempc_candidate,se_mpc,safety_augmented_cost_medium,-0.0005767139150529843,-0.0006045576756645854,-0.0005488701544413832
smith,pareto_camc_sempc_candidate,se_mpc,success_rate,0.0,0.0,0.0
smith,pareto_camc_sempc_candidate,se_mpc,overload_rate,0.0,0.0,0.0
smith,pareto_camc_sempc_candidate,se_mpc,safe_occupancy_rate,0.005999999999999998,0.0,0.011999999999999997
smith,pareto_camc_sempc_candidate,se_mpc,benchmark_safe_occupancy_rate,0.020000000000000004,0.01999999999999999,0.020000000000000018
smith,pareto_camc_sempc_candidate,se_mpc,verification_rate,0.001333333333333353,0.0,0.002666666666666706
smith,pareto_camc_sempc_candidate,se_mpc,certificate_service_violation_rate,0.0,0.0,0.0
smith,pareto_camc_sempc_candidate,se_mpc,negative_drift_rate_outside_safe,0.0033980565749552882,-0.002463146109348724,0.0092592592592593
smith,pareto_camc_sempc_candidate,se_mpc,avg_return_time_to_safe,-0.10714285714285765,-0.2142857142857153,0.0
smith,headroom_only,minimal_verify,discounted_cost,-10.610859948475886,-11.402226424965512,-9.81949347198626
smith,headroom_only,minimal_verify,safety_augmented_cost_medium,-12.581359948475885,-13.372226424965513,-11.79049347198626
smith,headroom_only,minimal_verify,success_rate,0.222,0.184,0.26
smith,headroom_only,minimal_verify,overload_rate,-0.9019999999999999,-0.9159999999999999,-0.888
smith,headroom_only,minimal_verify,safe_occupancy_rate,0.10200000000000001,0.06799999999999999,0.136
smith,headroom_only,minimal_verify,benchmark_safe_occupancy_rate,0.22999999999999998,0.172,0.288
smith,headroom_only,minimal_verify,verification_rate,0.9593333333333331,0.9559999999999995,0.9626666666666667
smith,headroom_only,minimal_verify,certificate_service_violation_rate,0.0,0.0,0.0
smith,headroom_only,minimal_verify,negative_drift_rate_outside_safe,0.7735762617430427,0.7661681207588976,0.7809844027271878
smith,headroom_only,minimal_verify,avg_return_time_to_safe,-235.89166666666665,-238.25,-233.53333333333333
smith,always_verify_throttle,always_verify,discounted_cost,-0.0002717980791313579,-0.0003326540701336089,-0.00021094208812910686
smith,always_verify_throttle,always_verify,safety_augmented_cost_medium,-0.0002717980791314689,-0.00033265407013383097,-0.00021094208812910686
smith,always_verify_throttle,always_verify,success_rate,0.0,0.0,0.0
smith,always_verify_throttle,always_verify,overload_rate,0.0,0.0,0.0
smith,always_verify_throttle,always_verify,safe_occupancy_rate,0.008000000000000007,0.0040000000000000036,0.01200000000000001
smith,always_verify_throttle,always_verify,benchmark_safe_occupancy_rate,0.011999999999999983,0.0040000000000000036,0.019999999999999962
smith,always_verify_throttle,always_verify,verification_rate,0.0,0.0,0.0
smith,always_verify_throttle,always_verify,certificate_service_violation_rate,0.0,0.0,0.0
smith,always_verify_throttle,always_verify,negative_drift_rate_outside_safe,-0.0014105793929445332,-0.002060439560439553,-0.0007607192254495132
smith,always_verify_throttle,always_verify,avg_return_time_to_safe,-1.3624999999999998,-3.458333333333332,0.7333333333333325
test,rsrc,static_conservative,discounted_cost,0.001686212260858716,0.0015322682407369892,0.0018401562809804428
test,rsrc,static_conservative,safety_augmented_cost_medium,0.0016862122608586882,0.0015322682407369337,0.0018401562809804428
test,rsrc,static_conservative,success_rate,0.0,0.0,0.0
test,rsrc,static_conservative,overload_rate,0.0,0.0,0.0
test,rsrc,static_conservative,safe_occupancy_rate,-0.07999999999999999,-0.08799999999999997,-0.07200000000000001
test,rsrc,static_conservative,benchmark_safe_occupancy_rate,-0.07199999999999995,-0.07999999999999996,-0.06399999999999995
test,rsrc,static_conservative,verification_rate,-0.002666666666666706,-0.005333333333333412,0.0
test,rsrc,static_conservative,certificate_service_violation_rate,0.0,0.0,0.0
test,rsrc,static_conservative,negative_drift_rate_outside_safe,0.0012060919176675178,0.0008714596949891407,0.0015407241403458949
test,rsrc,static_conservative,avg_return_time_to_safe,0.20384199134199132,-0.03214285714285703,0.4398268398268397
test,se_mpc,static_conservative,discounted_cost,0.0007326420193587424,-6.235785775499103e-05,0.0015276418964724758
test,se_mpc,static_conservative,safety_augmented_cost_medium,-0.00076735798064137,-0.0030623578577551047,0.0015276418964723648
test,se_mpc,static_conservative,success_rate,0.0020000000000000018,0.0,0.0040000000000000036
test,se_mpc,static_conservative,overload_rate,0.0,0.0,0.0
test,se_mpc,static_conservative,safe_occupancy_rate,-0.07799999999999999,-0.09199999999999997,-0.064
test,se_mpc,static_conservative,benchmark_safe_occupancy_rate,-0.06799999999999995,-0.07199999999999995,-0.06399999999999995
test,se_mpc,static_conservative,verification_rate,-0.003333333333333355,-0.005333333333333412,-0.0013333333333332975
test,se_mpc,static_conservative,certificate_service_violation_rate,0.0,0.0,0.0
test,se_mpc,static_conservative,negative_drift_rate_outside_safe,0.001191722600981937,0.0007848908511159935,0.0015985543508478806
test,se_mpc,static_conservative,avg_return_time_to_safe,0.140746753246753,-0.0821428571428573,0.3636363636363633
test,rsrc,headroom_only,discounted_cost,-0.000343904809928991,-0.00044657865413177955,-0.0002412309657262024
test,rsrc,headroom_only,safety_augmented_cost_medium,-0.0003439048099289632,-0.00044657865413166853,-0.0002412309657262579
test,rsrc,headroom_only,success_rate,0.0,0.0,0.0
test,rsrc,headroom_only,overload_rate,0.0,0.0,0.0
test,rsrc,headroom_only,safe_occupancy_rate,-0.010000000000000009,-0.01200000000000001,-0.008000000000000007
test,rsrc,headroom_only,benchmark_safe_occupancy_rate,0.008000000000000007,0.008000000000000007,0.008000000000000007
test,rsrc,headroom_only,verification_rate,0.0,0.0,0.0
test,rsrc,headroom_only,certificate_service_violation_rate,0.0,0.0,0.0
test,rsrc,headroom_only,negative_drift_rate_outside_safe,0.00012453457624250763,0.0001183501982365831,0.00013071895424843216
test,rsrc,headroom_only,avg_return_time_to_safe,-0.14015727912786735,-0.2290540540540542,-0.05126050420168049
test,rsrc,rsrc_no_recovery,discounted_cost,-0.000343904809928991,-0.00044657865413177955,-0.0002412309657262024
test,rsrc,rsrc_no_recovery,safety_augmented_cost_medium,-0.0003439048099289632,-0.00044657865413166853,-0.0002412309657262579
test,rsrc,rsrc_no_recovery,success_rate,0.0,0.0,0.0
test,rsrc,rsrc_no_recovery,overload_rate,0.0,0.0,0.0
test,rsrc,rsrc_no_recovery,safe_occupancy_rate,-0.008000000000000007,-0.01200000000000001,-0.0040000000000000036
test,rsrc,rsrc_no_recovery,benchmark_safe_occupancy_rate,0.008000000000000007,0.008000000000000007,0.008000000000000007
test,rsrc,rsrc_no_recovery,verification_rate,0.0,0.0,0.0
test,rsrc,rsrc_no_recovery,certificate_service_violation_rate,0.0,0.0,0.0
test,rsrc,rsrc_no_recovery,negative_drift_rate_outside_safe,9.471943014827122e-05,5.871990604811028e-05,0.00013071895424843216
test,rsrc,rsrc_no_recovery,avg_return_time_to_safe,-0.1548631614808087,-0.2290540540540542,-0.08067226890756318
test,rsrc,rsrc_no_context,discounted_cost,-4.141515910049964e-06,-8.283031820099929e-06,0.0
test,rsrc,rsrc_no_context,safety_augmented_cost_medium,-4.1415159101054755e-06,-8.283031820210951e-06,0.0
test,rsrc,rsrc_no_context,success_rate,0.0,0.0,0.0
test,rsrc,rsrc_no_context,overload_rate,0.0,0.0,0.0
test,rsrc,rsrc_no_context,safe_occupancy_rate,-0.0020000000000000018,-0.0040000000000000036,0.0
test,rsrc,rsrc_no_context,benchmark_safe_occupancy_rate,0.0020000000000000018,0.0,0.0040000000000000036
test,rsrc,rsrc_no_context,verification_rate,0.0,0.0,0.0
test,rsrc,rsrc_no_context,certificate_service_violation_rate,0.0,0.0,0.0
test,rsrc,rsrc_no_context,negative_drift_rate_outside_safe,2.149982800137007e-05,0.0,4.299965600274014e-05
test,rsrc,rsrc_no_context,avg_return_time_to_safe,-0.03621794871794859,-0.07243589743589718,0.0
test,rsrc,adaptive_threshold,discounted_cost,0.037760603047639923,0.028852213973790897,0.04666899212148895
test,rsrc,adaptive_threshold,safety_augmented_cost_medium,-0.03873939695236017,-0.05514778602620929,-0.022331007878511056
test,rsrc,adaptive_threshold,success_rate,0.102,0.092,0.11199999999999999
test,rsrc,adaptive_threshold,overload_rate,0.0,0.0,0.0
test,rsrc,adaptive_threshold,safe_occupancy_rate,0.07799999999999999,0.05199999999999999,0.10399999999999998
test,rsrc,adaptive_threshold,benchmark_safe_occupancy_rate,-0.192,-0.236,-0.14800000000000002
test,rsrc,adaptive_threshold,verification_rate,0.2233333333333325,0.21866666666666557,0.22799999999999943
test,rsrc,adaptive_threshold,certificate_service_violation_rate,0.0,0.0,0.0
test,rsrc,adaptive_threshold,negative_drift_rate_outside_safe,-0.0008880061807716721,-0.0012641610346671994,-0.0005118513268761449
test,rsrc,adaptive_threshold,avg_return_time_to_safe,-0.31388352638352623,-0.5003861003861001,-0.12738095238095237
test,rsrc,maxweight_backlog,discounted_cost,0.00028499519743308,0.00012192623746565268,0.0004480641574005073
test,rsrc,maxweight_backlog,safety_augmented_cost_medium,0.00028499519743308,0.00012192623746565268,0.0004480641574005073
test,rsrc,maxweight_backlog,success_rate,0.0,0.0,0.0
test,rsrc,maxweight_backlog,overload_rate,0.0,0.0,0.0
test,rsrc,maxweight_backlog,safe_occupancy_rate,-0.01999999999999999,-0.02799999999999997,-0.01200000000000001
test,rsrc,maxweight_backlog,benchmark_safe_occupancy_rate,-0.023999999999999966,-0.03599999999999992,-0.01200000000000001
test,rsrc,maxweight_backlog,verification_rate,-0.0013333333333332975,-0.002666666666666595,0.0
test,rsrc,maxweight_backlog,certificate_service_violation_rate,0.0,0.0,0.0
test,rsrc,maxweight_backlog,negative_drift_rate_outside_safe,0.00024613978490767296,0.0001789122137404453,0.0003133673560749006
test,rsrc,maxweight_backlog,avg_return_time_to_safe,0.02978075845722916,-0.02184873949579824,0.08141025641025657
test,se_mpc,rsrc,discounted_cost,-0.0009535702414999736,-0.0019025141387354338,-4.62634426451336e-06
test,se_mpc,rsrc,safety_augmented_cost_medium,-0.002453570241500058,-0.0049025141387355475,-4.626344264568871e-06
test,se_mpc,rsrc,success_rate,0.0020000000000000018,0.0,0.0040000000000000036
test,se_mpc,rsrc,overload_rate,0.0,0.0,0.0
test,se_mpc,rsrc,safe_occupancy_rate,0.0020000000000000018,-0.0040000000000000036,0.008000000000000007
test,se_mpc,rsrc,benchmark_safe_occupancy_rate,0.0040000000000000036,0.0,0.008000000000000007
test,se_mpc,rsrc,verification_rate,-0.0006666666666666488,-0.0013333333333332975,0.0
test,se_mpc,rsrc,certificate_service_violation_rate,0.0,0.0,0.0
test,se_mpc,rsrc,negative_drift_rate_outside_safe,-1.4369316685580724e-05,-8.656884387314712e-05,5.783021050198567e-05
test,se_mpc,rsrc,avg_return_time_to_safe,-0.06309523809523832,-0.07619047619047636,-0.050000000000000266
test,camc_static_anchor,static_conservative,discounted_cost,3.0182887208629605e-05,-5.483408416995239e-05,0.0001151998585872116
test,camc_static_anchor,static_conservative,safety_augmented_cost_medium,3.0182887208574094e-05,-5.483408416995239e-05,0.00011519985858710058
test,camc_static_anchor,static_conservative,success_rate,0.0,0.0,0.0
test,camc_static_anchor,static_conservative,overload_rate,0.0,0.0,0.0
test,camc_static_anchor,static_conservative,safe_occupancy_rate,-0.011999999999999955,-0.02399999999999991,0.0
test,camc_static_anchor,static_conservative,benchmark_safe_occupancy_rate,-0.014000000000000012,-0.020000000000000018,-0.008000000000000007
test,camc_static_anchor,static_conservative,verification_rate,-0.0013333333333334085,-0.002666666666666817,0.0
test,camc_static_anchor,static_conservative,certificate_service_violation_rate,0.0,0.0,0.0
test,camc_static_anchor,static_conservative,negative_drift_rate_outside_safe,0.00023932987634622815,0.0,0.0004786597526924563
test,camc_static_anchor,static_conservative,avg_return_time_to_safe,0.09090909090909083,0.0,0.18181818181818166
test,camc_rsrc_anchor,rsrc,discounted_cost,-0.00028445254929942987,-0.0004797911597738125,-8.911393882504726e-05
test,camc_rsrc_anchor,rsrc,safety_augmented_cost_medium,-0.00028445254929942987,-0.0004797911597738125,-8.911393882504726e-05
test,camc_rsrc_anchor,rsrc,success_rate,0.0,0.0,0.0
test,camc_rsrc_anchor,rsrc,overload_rate,0.0,0.0,0.0
test,camc_rsrc_anchor,rsrc,safe_occupancy_rate,-0.01200000000000001,-0.020000000000000018,-0.0040000000000000036
test,camc_rsrc_anchor,rsrc,benchmark_safe_occupancy_rate,0.0,0.0,0.0
test,camc_rsrc_anchor,rsrc,verification_rate,-0.004666666666666763,-0.008000000000000118,-0.0013333333333334085
test,camc_rsrc_anchor,rsrc,certificate_service_violation_rate,0.0,0.0,0.0
test,camc_rsrc_anchor,rsrc,negative_drift_rate_outside_safe,0.00013233199943479823,5.783021050198567e-05,0.0002068337883676108
test,camc_rsrc_anchor,rsrc,avg_return_time_to_safe,0.07678571428571423,0.02857142857142847,0.125
test,camc_sempc_candidate,static_conservative,discounted_cost,-0.005098300179668197,-0.00625990125028536,-0.003936699109051034
test,camc_sempc_candidate,static_conservative,safety_augmented_cost_medium,0.020401699820331742,0.017740098749714606,0.02306330089094888
test,camc_sempc_candidate,static_conservative,success_rate,-0.03399999999999999,-0.036000000000000004,-0.03199999999999997
test,camc_sempc_candidate,static_conservative,overload_rate,0.0,0.0,0.0
test,camc_sempc_candidate,static_conservative,safe_occupancy_rate,-0.19599999999999998,-0.19999999999999996,-0.192
test,camc_sempc_candidate,static_conservative,benchmark_safe_occupancy_rate,-0.04199999999999998,-0.04400000000000004,-0.039999999999999925
test,camc_sempc_candidate,static_conservative,verification_rate,-0.07399999999999973,-0.0773333333333327,-0.07066666666666677
test,camc_sempc_candidate,static_conservative,certificate_service_violation_rate,0.0,0.0,0.0
test,camc_sempc_candidate,static_conservative,negative_drift_rate_outside_safe,0.002413965141797647,0.0019429265330904721,0.002885003750504822
test,camc_sempc_candidate,static_conservative,avg_return_time_to_safe,0.7668325469994275,0.5750184774575016,0.9586466165413534
test,camc_sempc_candidate,se_mpc,discounted_cost,-0.0058309421990269394,-0.007787543146757836,-0.003874341251296043
test,camc_sempc_candidate,se_mpc,safety_augmented_cost_medium,0.021169057800973112,0.01621245685324224,0.026125658748703984
test,camc_sempc_candidate,se_mpc,success_rate,-0.03599999999999999,-0.04000000000000001,-0.03199999999999997
test,camc_sempc_candidate,se_mpc,overload_rate,0.0,0.0,0.0
test,camc_sempc_candidate,se_mpc,safe_occupancy_rate,-0.118,-0.128,-0.10799999999999998
test,camc_sempc_candidate,se_mpc,benchmark_safe_occupancy_rate,0.025999999999999968,0.02400000000000002,0.027999999999999914
test,camc_sempc_candidate,se_mpc,verification_rate,-0.07066666666666638,-0.07199999999999929,-0.06933333333333347
test,camc_sempc_candidate,se_mpc,certificate_service_violation_rate,0.0,0.0,0.0
test,camc_sempc_candidate,se_mpc,negative_drift_rate_outside_safe,0.00122224254081571,0.0011580356819744786,0.0012864493996569415
test,camc_sempc_candidate,se_mpc,avg_return_time_to_safe,0.6260857937526745,0.21138211382113825,1.0407894736842107
test,pareto_camc_static_anchor,static_conservative,discounted_cost,0.0,0.0,0.0
test,pareto_camc_static_anchor,static_conservative,safety_augmented_cost_medium,0.0,0.0,0.0
test,pareto_camc_static_anchor,static_conservative,success_rate,0.0,0.0,0.0
test,pareto_camc_static_anchor,static_conservative,overload_rate,0.0,0.0,0.0
test,pareto_camc_static_anchor,static_conservative,safe_occupancy_rate,0.0,0.0,0.0
test,pareto_camc_static_anchor,static_conservative,benchmark_safe_occupancy_rate,0.0,0.0,0.0
test,pareto_camc_static_anchor,static_conservative,verification_rate,0.0,0.0,0.0
test,pareto_camc_static_anchor,static_conservative,certificate_service_violation_rate,0.0,0.0,0.0
test,pareto_camc_static_anchor,static_conservative,negative_drift_rate_outside_safe,0.0,0.0,0.0
test,pareto_camc_static_anchor,static_conservative,avg_return_time_to_safe,0.0,0.0,0.0
test,pareto_camc_rsrc_anchor,rsrc,discounted_cost,0.0,0.0,0.0
test,pareto_camc_rsrc_anchor,rsrc,safety_augmented_cost_medium,0.0,0.0,0.0
test,pareto_camc_rsrc_anchor,rsrc,success_rate,0.0,0.0,0.0
test,pareto_camc_rsrc_anchor,rsrc,overload_rate,0.0,0.0,0.0
test,pareto_camc_rsrc_anchor,rsrc,safe_occupancy_rate,0.0,0.0,0.0
test,pareto_camc_rsrc_anchor,rsrc,benchmark_safe_occupancy_rate,0.0,0.0,0.0
test,pareto_camc_rsrc_anchor,rsrc,verification_rate,0.0,0.0,0.0
test,pareto_camc_rsrc_anchor,rsrc,certificate_service_violation_rate,0.0,0.0,0.0
test,pareto_camc_rsrc_anchor,rsrc,negative_drift_rate_outside_safe,0.0,0.0,0.0
test,pareto_camc_rsrc_anchor,rsrc,avg_return_time_to_safe,0.0,0.0,0.0
test,pareto_camc_sempc_candidate,static_conservative,discounted_cost,0.0034673583416286458,0.0022939100847386706,0.004640806598518621
test,pareto_camc_sempc_candidate,static_conservative,safety_augmented_cost_medium,-0.00853264165837131,-0.013359193401481395,-0.0037060899152612237
test,pareto_camc_sempc_candidate,static_conservative,success_rate,0.016000000000000014,0.008000000000000007,0.02400000000000002
test,pareto_camc_sempc_candidate,static_conservative,overload_rate,0.0,0.0,0.0
test,pareto_camc_sempc_candidate,static_conservative,safe_occupancy_rate,-0.05199999999999999,-0.06399999999999995,-0.040000000000000036
test,pareto_camc_sempc_candidate,static_conservative,benchmark_safe_occupancy_rate,-0.05999999999999994,-0.06799999999999995,-0.051999999999999935
test,pareto_camc_sempc_candidate,static_conservative,verification_rate,0.03533333333333305,0.02933333333333299,0.04133333333333311
test,pareto_camc_sempc_candidate,static_conservative,certificate_service_violation_rate,0.0,0.0,0.0
test,pareto_camc_sempc_candidate,static_conservative,negative_drift_rate_outside_safe,0.0008425838049374579,0.0005108556832694733,0.0011743119266054425
test,pareto_camc_sempc_candidate,static_conservative,avg_return_time_to_safe,0.38528138528138545,0.28571428571428603,0.48484848484848486
test,pareto_camc_sempc_candidate,se_mpc,discounted_cost,0.0027347163222699034,0.0023562679424936617,0.003113164702046145
test,pareto_camc_sempc_candidate,se_mpc,safety_augmented_cost_medium,-0.0077652836777299394,-0.01488683529795376,-0.000643732057506119
test,pareto_camc_sempc_candidate,se_mpc,success_rate,0.014000000000000012,0.0040000000000000036,0.02400000000000002
test,pareto_camc_sempc_candidate,se_mpc,overload_rate,0.0,0.0,0.0
test,pareto_camc_sempc_candidate,se_mpc,safe_occupancy_rate,0.025999999999999995,0.023999999999999966,0.028000000000000025
test,pareto_camc_sempc_candidate,se_mpc,benchmark_safe_occupancy_rate,0.008000000000000007,0.0040000000000000036,0.01200000000000001
test,pareto_camc_sempc_candidate,se_mpc,verification_rate,0.038666666666666405,0.030666666666666287,0.04666666666666652
test,pareto_camc_sempc_candidate,se_mpc,certificate_service_violation_rate,0.0,0.0,0.0
test,pareto_camc_sempc_candidate,se_mpc,negative_drift_rate_outside_safe,-0.00034913879604447917,-0.0004242424242424381,-0.00027403516784652027
test,pareto_camc_sempc_candidate,se_mpc,avg_return_time_to_safe,0.24453463203463244,0.12121212121212155,0.3678571428571433
test,headroom_only,minimal_verify,discounted_cost,0.019936719777229855,0.014981012065714117,0.024892427488745594
test,headroom_only,minimal_verify,safety_augmented_cost_medium,-0.18006328022277018,-0.18210757251125442,-0.17801898793428594
test,headroom_only,minimal_verify,success_rate,0.256,0.236,0.276
test,headroom_only,minimal_verify,overload_rate,-0.004,-0.008,0.0
test,headroom_only,minimal_verify,safe_occupancy_rate,0.438,0.396,0.48
test,headroom_only,minimal_verify,benchmark_safe_occupancy_rate,0.5780000000000001,0.512,0.644
test,headroom_only,minimal_verify,verification_rate,0.8146666666666659,0.8133333333333325,0.8159999999999993
test,headroom_only,minimal_verify,certificate_service_violation_rate,0.0,0.0,0.0
test,headroom_only,minimal_verify,negative_drift_rate_outside_safe,0.055039693658354316,0.040440833099841256,0.06963855421686738
test,headroom_only,minimal_verify,avg_return_time_to_safe,-245.07591414944358,-245.2058823529412,-244.94594594594594
test,always_verify_throttle,always_verify,discounted_cost,-0.000504724339890128,-0.000553241968340723,-0.00045620671143953295
test,always_verify_throttle,always_verify,safety_augmented_cost_medium,-0.000504724339890239,-0.000553241968340723,-0.000456206711439755
test,always_verify_throttle,always_verify,success_rate,0.0,0.0,0.0
test,always_verify_throttle,always_verify,overload_rate,0.0,0.0,0.0
test,always_verify_throttle,always_verify,safe_occupancy_rate,0.030000000000000027,0.028000000000000025,0.03200000000000003
test,always_verify_throttle,always_verify,benchmark_safe_occupancy_rate,0.043999999999999984,0.02799999999999997,0.06
test,always_verify_throttle,always_verify,verification_rate,0.0,0.0,0.0
test,always_verify_throttle,always_verify,certificate_service_violation_rate,0.0,0.0,0.0
test,always_verify_throttle,always_verify,negative_drift_rate_outside_safe,-0.00020146935652576303,-0.00023385658744767834,-0.00016908212560384772
test,always_verify_throttle,always_verify,avg_return_time_to_safe,-0.23507957559681714,-0.5086206896551726,0.038461538461538325
verified,rsrc,static_conservative,discounted_cost,0.0017267040838376269,0.0008879827061358259,0.002565425461539428
verified,rsrc,static_conservative,safety_augmented_cost_medium,0.007726704083837577,0.003887982706135995,0.011565425461539158
verified,rsrc,static_conservative,success_rate,-0.007999999999999993,-0.011999999999999983,-0.0040000000000000036
verified,rsrc,static_conservative,overload_rate,0.0,0.0,0.0
verified,rsrc,static_conservative,safe_occupancy_rate,-0.098,-0.12400000000000005,-0.07199999999999995
verified,rsrc,static_conservative,benchmark_safe_occupancy_rate,-0.07800000000000001,-0.09999999999999998,-0.05600000000000005
verified,rsrc,static_conservative,verification_rate,-0.006000000000000061,-0.008000000000000007,-0.004000000000000115
verified,rsrc,static_conservative,certificate_service_violation_rate,0.0,0.0,0.0
verified,rsrc,static_conservative,negative_drift_rate_outside_safe,0.0,0.0,0.0
verified,rsrc,static_conservative,avg_return_time_to_safe,0.23761042878689942,-0.05042016806722671,0.5256410256410255
verified,se_mpc,static_conservative,discounted_cost,0.0008196820324161969,-0.0009260613967070341,0.002565425461539428
verified,se_mpc,static_conservative,safety_augmented_cost_medium,0.006819682032416119,0.0020739386032930796,0.011565425461539158
verified,se_mpc,static_conservative,success_rate,-0.007999999999999993,-0.011999999999999983,-0.0040000000000000036
verified,se_mpc,static_conservative,overload_rate,0.0,0.0,0.0
verified,se_mpc,static_conservative,safe_occupancy_rate,-0.1,-0.12400000000000005,-0.07599999999999996
verified,se_mpc,static_conservative,benchmark_safe_occupancy_rate,-0.07800000000000001,-0.09999999999999998,-0.05600000000000005
verified,se_mpc,static_conservative,verification_rate,-0.006666666666666821,-0.009333333333333527,-0.004000000000000115
verified,se_mpc,static_conservative,certificate_service_violation_rate,0.0,0.0,0.0
verified,se_mpc,static_conservative,negative_drift_rate_outside_safe,0.0,0.0,0.0
verified,se_mpc,static_conservative,avg_return_time_to_safe,0.2056776556776556,-0.11428571428571432,0.5256410256410255
verified,rsrc,headroom_only,discounted_cost,-0.0010160983671885782,-0.0018175864400011288,-0.00021461029437602752
verified,rsrc,headroom_only,safety_augmented_cost_medium,-0.0025160983671885795,-0.004817586440001076,-0.00021461029437608303
verified,rsrc,headroom_only,success_rate,0.0020000000000000018,0.0,0.0040000000000000036
verified,rsrc,headroom_only,overload_rate,0.0,0.0,0.0
verified,rsrc,headroom_only,safe_occupancy_rate,-0.0020000000000000018,-0.008000000000000007,0.0040000000000000036
verified,rsrc,headroom_only,benchmark_safe_occupancy_rate,0.02400000000000002,0.020000000000000018,0.028000000000000025
verified,rsrc,headroom_only,verification_rate,0.001333333333333353,0.0013333333333332975,0.0013333333333334085
verified,rsrc,headroom_only,certificate_service_violation_rate,0.0,0.0,0.0
verified,rsrc,headroom_only,negative_drift_rate_outside_safe,0.0,0.0,0.0
verified,rsrc,headroom_only,avg_return_time_to_safe,-0.07720588235294112,-0.125,-0.02941176470588225
verified,rsrc,rsrc_no_recovery,discounted_cost,-0.0010070841085149662,-0.0018175864400011288,-0.00019658177702880364
verified,rsrc,rsrc_no_recovery,safety_augmented_cost_medium,-0.0025070841085149675,-0.004817586440001076,-0.00019658177702885915
verified,rsrc,rsrc_no_recovery,success_rate,0.0020000000000000018,0.0,0.0040000000000000036
verified,rsrc,rsrc_no_recovery,overload_rate,0.0,0.0,0.0
verified,rsrc,rsrc_no_recovery,safe_occupancy_rate,0.0020000000000000018,0.0,0.0040000000000000036
verified,rsrc,rsrc_no_recovery,benchmark_safe_occupancy_rate,0.02400000000000002,0.020000000000000018,0.028000000000000025
verified,rsrc,rsrc_no_recovery,verification_rate,0.001333333333333353,0.0013333333333332975,0.0013333333333334085
verified,rsrc,rsrc_no_recovery,certificate_service_violation_rate,0.0,0.0,0.0
verified,rsrc,rsrc_no_recovery,negative_drift_rate_outside_safe,0.0,0.0,0.0
verified,rsrc,rsrc_no_recovery,avg_return_time_to_safe,-0.057388809182209455,-0.08536585365853666,-0.02941176470588225
verified,rsrc,rsrc_no_context,discounted_cost,-2.911408988476305e-06,-5.82281797695261e-06,0.0
verified,rsrc,rsrc_no_context,safety_augmented_cost_medium,-2.9114089884485495e-06,-5.822817976897099e-06,0.0
verified,rsrc,rsrc_no_context,success_rate,0.0,0.0,0.0
verified,rsrc,rsrc_no_context,overload_rate,0.0,0.0,0.0
verified,rsrc,rsrc_no_context,safe_occupancy_rate,-0.0020000000000000018,-0.0040000000000000036,0.0
verified,rsrc,rsrc_no_context,benchmark_safe_occupancy_rate,0.0020000000000000018,0.0,0.0040000000000000036
verified,rsrc,rsrc_no_context,verification_rate,0.0,0.0,0.0
verified,rsrc,rsrc_no_context,certificate_service_violation_rate,0.0,0.0,0.0
verified,rsrc,rsrc_no_context,negative_drift_rate_outside_safe,0.0,0.0,0.0
verified,rsrc,rsrc_no_context,avg_return_time_to_safe,-0.030487804878048808,-0.060975609756097615,0.0
verified,rsrc,adaptive_threshold,discounted_cost,0.036060634898979455,0.03545051900669999,0.03667075079125892
verified,rsrc,adaptive_threshold,safety_augmented_cost_medium,-0.034439365101020636,-0.03654948099330002,-0.03232924920874125
verified,rsrc,adaptive_threshold,success_rate,0.09399999999999999,0.092,0.09599999999999997
verified,rsrc,adaptive_threshold,overload_rate,0.0,0.0,0.0
verified,rsrc,adaptive_threshold,safe_occupancy_rate,0.21400000000000002,0.16799999999999998,0.26000000000000006
verified,rsrc,adaptive_threshold,benchmark_safe_occupancy_rate,-0.05800000000000005,-0.07200000000000006,-0.04400000000000004
verified,rsrc,adaptive_threshold,verification_rate,0.23266666666666547,0.22533333333333205,0.23999999999999888
verified,rsrc,adaptive_threshold,certificate_service_violation_rate,0.0,0.0,0.0
verified,rsrc,adaptive_threshold,negative_drift_rate_outside_safe,0.005502645502645509,0.005291005291005346,0.005714285714285672
verified,rsrc,adaptive_threshold,avg_return_time_to_safe,-2.7417279411764706,-3.25,-2.233455882352941
verified,rsrc,maxweight_backlog,discounted_cost,0.000990213626119979,0.0003146077354141963,0.0016658195168257617
verified,rsrc,maxweight_backlog,safety_augmented_cost_medium,0.0054902136261199,0.0003146077354141408,0.010665819516825659
verified,rsrc,maxweight_backlog,success_rate,-0.0059999999999999915,-0.011999999999999983,0.0
verified,rsrc,maxweight_backlog,overload_rate,0.0,0.0,0.0
verified,rsrc,maxweight_backlog,safe_occupancy_rate,-0.041999999999999954,-0.06,-0.02399999999999991
verified,rsrc,maxweight_backlog,benchmark_safe_occupancy_rate,-0.03600000000000003,-0.05600000000000005,-0.016000000000000014
verified,rsrc,maxweight_backlog,verification_rate,-0.0020000000000000018,-0.002666666666666595,-0.0013333333333334085
verified,rsrc,maxweight_backlog,certificate_service_violation_rate,0.0,0.0,0.0
verified,rsrc,maxweight_backlog,negative_drift_rate_outside_safe,0.0,0.0,0.0
verified,rsrc,maxweight_backlog,avg_return_time_to_safe,0.3105042016806723,0.26386554621848735,0.3571428571428572
verified,se_mpc,rsrc,discounted_cost,-0.00090702205142143,-0.00181404410284286,0.0
verified,se_mpc,rsrc,safety_augmented_cost_medium,-0.0009070220514214578,-0.0018140441028429155,0.0
verified,se_mpc,rsrc,success_rate,0.0,0.0,0.0
verified,se_mpc,rsrc,overload_rate,0.0,0.0,0.0
verified,se_mpc,rsrc,safe_occupancy_rate,-0.0020000000000000018,-0.0040000000000000036,0.0
verified,se_mpc,rsrc,benchmark_safe_occupancy_rate,0.0,0.0,0.0
verified,se_mpc,rsrc,verification_rate,-0.0006666666666667598,-0.0013333333333335196,0.0
verified,se_mpc,rsrc,certificate_service_violation_rate,0.0,0.0,0.0
verified,se_mpc,rsrc,negative_drift_rate_outside_safe,0.0,0.0,0.0
verified,se_mpc,rsrc,avg_return_time_to_safe,-0.031932773109243806,-0.06386554621848761,0.0
verified,camc_static_anchor,static_conservative,discounted_cost,3.7689846137889393e-05,1.5212938074105065e-05,6.016675420167372e-05
verified,camc_static_anchor,static_conservative,safety_augmented_cost_medium,3.768984613783388e-05,1.5212938073938531e-05,6.016675420172923e-05
verified,camc_static_anchor,static_conservative,success_rate,0.0,0.0,0.0
verified,camc_static_anchor,static_conservative,overload_rate,0.0,0.0,0.0
verified,camc_static_anchor,static_conservative,safe_occupancy_rate,-0.008000000000000007,-0.01200000000000001,-0.0040000000000000036
verified,camc_static_anchor,static_conservative,benchmark_safe_occupancy_rate,-0.0040000000000000036,-0.008000000000000007,0.0
verified,camc_static_anchor,static_conservative,verification_rate,0.0,0.0,0.0
verified,camc_static_anchor,static_conservative,certificate_service_violation_rate,0.0,0.0,0.0
verified,camc_static_anchor,static_conservative,negative_drift_rate_outside_safe,0.0,0.0,0.0
verified,camc_static_anchor,static_conservative,avg_return_time_to_safe,-0.029605595553871433,-0.04935897435897463,-0.009852216748768239
verified,camc_rsrc_anchor,rsrc,discounted_cost,-3.177396806317012e-05,-0.00043476608915848924,0.000371218153032149
verified,camc_rsrc_anchor,rsrc,safety_augmented_cost_medium,0.001468226031936859,-0.0004347660891583782,0.003371218153032096
verified,camc_rsrc_anchor,rsrc,success_rate,-0.0020000000000000018,-0.0040000000000000036,0.0
verified,camc_rsrc_anchor,rsrc,overload_rate,0.0,0.0,0.0
verified,camc_rsrc_anchor,rsrc,safe_occupancy_rate,-0.011999999999999983,-0.01599999999999996,-0.008000000000000007
verified,camc_rsrc_anchor,rsrc,benchmark_safe_occupancy_rate,-0.0040000000000000036,-0.016000000000000014,0.008000000000000007
verified,camc_rsrc_anchor,rsrc,verification_rate,-0.006666666666666765,-0.006666666666666932,-0.006666666666666599
verified,camc_rsrc_anchor,rsrc,certificate_service_violation_rate,0.0,0.0,0.0
verified,camc_rsrc_anchor,rsrc,negative_drift_rate_outside_safe,0.0,0.0,0.0
verified,camc_rsrc_anchor,rsrc,avg_return_time_to_safe,0.03522571819425435,0.011627906976744207,0.0588235294117645
verified,camc_sempc_candidate,static_conservative,discounted_cost,-0.012647911068360357,-0.014273622328218438,-0.011022199808502275
verified,camc_sempc_candidate,static_conservative,safety_augmented_cost_medium,0.008352088931639634,0.0007263776717814086,0.01597780019149786
verified,camc_sempc_candidate,static_conservative,success_rate,-0.027999999999999983,-0.035999999999999976,-0.01999999999999999
verified,camc_sempc_candidate,static_conservative,overload_rate,0.0,0.0,0.0
verified,camc_sempc_candidate,static_conservative,safe_occupancy_rate,-0.228,-0.26,-0.196
verified,camc_sempc_candidate,static_conservative,benchmark_safe_occupancy_rate,-0.05399999999999999,-0.06000000000000005,-0.04799999999999993
verified,camc_sempc_candidate,static_conservative,verification_rate,-0.07533333333333303,-0.07999999999999974,-0.07066666666666632
verified,camc_sempc_candidate,static_conservative,certificate_service_violation_rate,0.0,0.0,0.0
verified,camc_sempc_candidate,static_conservative,negative_drift_rate_outside_safe,0.0,0.0,0.0
verified,camc_sempc_candidate,static_conservative,avg_return_time_to_safe,0.504461850206531,0.05471124620060808,0.9542124542124539
verified,camc_sempc_candidate,se_mpc,discounted_cost,-0.013467593100776554,-0.016839047789757866,-0.010096138411795241
verified,camc_sempc_candidate,se_mpc,safety_augmented_cost_medium,0.0015324068992235151,-0.01083904778975775,0.01390386158820478
verified,camc_sempc_candidate,se_mpc,success_rate,-0.01999999999999999,-0.03199999999999997,-0.008000000000000007
verified,camc_sempc_candidate,se_mpc,overload_rate,0.0,0.0,0.0
verified,camc_sempc_candidate,se_mpc,safe_occupancy_rate,-0.128,-0.18400000000000005,-0.07199999999999995
verified,camc_sempc_candidate,se_mpc,benchmark_safe_occupancy_rate,0.02400000000000002,-0.0040000000000000036,0.052000000000000046
verified,camc_sempc_candidate,se_mpc,verification_rate,-0.06866666666666621,-0.07066666666666621,-0.06666666666666621
verified,camc_sempc_candidate,se_mpc,certificate_service_violation_rate,0.0,0.0,0.0
verified,camc_sempc_candidate,se_mpc,negative_drift_rate_outside_safe,0.0,0.0,0.0
verified,camc_sempc_candidate,se_mpc,avg_return_time_to_safe,0.2987841945288754,0.1689969604863224,0.4285714285714284
verified,pareto_camc_static_anchor,static_conservative,discounted_cost,0.0,0.0,0.0
verified,pareto_camc_static_anchor,static_conservative,safety_augmented_cost_medium,0.0,0.0,0.0
verified,pareto_camc_static_anchor,static_conservative,success_rate,0.0,0.0,0.0
verified,pareto_camc_static_anchor,static_conservative,overload_rate,0.0,0.0,0.0
verified,pareto_camc_static_anchor,static_conservative,safe_occupancy_rate,0.0,0.0,0.0
verified,pareto_camc_static_anchor,static_conservative,benchmark_safe_occupancy_rate,0.0,0.0,0.0
verified,pareto_camc_static_anchor,static_conservative,verification_rate,0.0,0.0,0.0
verified,pareto_camc_static_anchor,static_conservative,certificate_service_violation_rate,0.0,0.0,0.0
verified,pareto_camc_static_anchor,static_conservative,negative_drift_rate_outside_safe,0.0,0.0,0.0
verified,pareto_camc_static_anchor,static_conservative,avg_return_time_to_safe,0.0,0.0,0.0
verified,pareto_camc_rsrc_anchor,rsrc,discounted_cost,0.0,0.0,0.0
verified,pareto_camc_rsrc_anchor,rsrc,safety_augmented_cost_medium,0.0,0.0,0.0
verified,pareto_camc_rsrc_anchor,rsrc,success_rate,0.0,0.0,0.0
verified,pareto_camc_rsrc_anchor,rsrc,overload_rate,0.0,0.0,0.0
verified,pareto_camc_rsrc_anchor,rsrc,safe_occupancy_rate,0.0,0.0,0.0
verified,pareto_camc_rsrc_anchor,rsrc,benchmark_safe_occupancy_rate,0.0,0.0,0.0
verified,pareto_camc_rsrc_anchor,rsrc,verification_rate,0.0,0.0,0.0
verified,pareto_camc_rsrc_anchor,rsrc,certificate_service_violation_rate,0.0,0.0,0.0
verified,pareto_camc_rsrc_anchor,rsrc,negative_drift_rate_outside_safe,0.0,0.0,0.0
verified,pareto_camc_rsrc_anchor,rsrc,avg_return_time_to_safe,0.0,0.0,0.0
verified,pareto_camc_sempc_candidate,static_conservative,discounted_cost,0.0036316987558556446,0.0035843757276545762,0.003679021784056713
verified,pareto_camc_sempc_candidate,static_conservative,safety_augmented_cost_medium,-0.002368301244144444,-0.0053209782159431285,0.0005843757276542405
verified,pareto_camc_sempc_candidate,static_conservative,success_rate,0.008000000000000007,0.0040000000000000036,0.01200000000000001
verified,pareto_camc_sempc_candidate,static_conservative,overload_rate,0.0,0.0,0.0
verified,pareto_camc_sempc_candidate,static_conservative,safe_occupancy_rate,-0.038000000000000034,-0.04800000000000004,-0.028000000000000025
verified,pareto_camc_sempc_candidate,static_conservative,benchmark_safe_occupancy_rate,-0.04999999999999999,-0.05600000000000005,-0.04399999999999993
verified,pareto_camc_sempc_candidate,static_conservative,verification_rate,0.03599999999999981,0.026666666666666394,0.045333333333333226
verified,pareto_camc_sempc_candidate,static_conservative,certificate_service_violation_rate,0.0,0.0,0.0
verified,pareto_camc_sempc_candidate,static_conservative,negative_drift_rate_outside_safe,0.0,0.0,0.0
verified,pareto_camc_sempc_candidate,static_conservative,avg_return_time_to_safe,0.1243058017251566,0.0691244239631339,0.1794871794871793
verified,pareto_camc_sempc_candidate,se_mpc,discounted_cost,0.0028120167234394478,0.0010189502661151484,0.004605083180763747
verified,pareto_camc_sempc_candidate,se_mpc,safety_augmented_cost_medium,-0.009187983276560563,-0.010981049733884918,-0.007394916819236208
verified,pareto_camc_sempc_candidate,se_mpc,success_rate,0.016,0.015999999999999986,0.016000000000000014
verified,pareto_camc_sempc_candidate,se_mpc,overload_rate,0.0,0.0,0.0
verified,pareto_camc_sempc_candidate,se_mpc,safe_occupancy_rate,0.06199999999999997,0.027999999999999914,0.09600000000000003
verified,pareto_camc_sempc_candidate,se_mpc,benchmark_safe_occupancy_rate,0.028000000000000025,0.0,0.05600000000000005
verified,pareto_camc_sempc_candidate,se_mpc,verification_rate,0.04266666666666663,0.03066666666666651,0.05466666666666675
verified,pareto_camc_sempc_candidate,se_mpc,certificate_service_violation_rate,0.0,0.0,0.0
verified,pareto_camc_sempc_candidate,se_mpc,negative_drift_rate_outside_safe,0.0,0.0,0.0
verified,pareto_camc_sempc_candidate,se_mpc,avg_return_time_to_safe,-0.08137185395249902,-0.34615384615384626,0.18341013824884822
verified,headroom_only,minimal_verify,discounted_cost,0.025953576621510932,0.018753851764695406,0.03315330147832646
verified,headroom_only,minimal_verify,safety_augmented_cost_medium,-0.1465464233784891,-0.1732461482353047,-0.11984669852167351
verified,headroom_only,minimal_verify,success_rate,0.22999999999999998,0.20400000000000001,0.25599999999999995
verified,headroom_only,minimal_verify,overload_rate,0.0,0.0,0.0
verified,headroom_only,minimal_verify,safe_occupancy_rate,0.486,0.42,0.552
verified,headroom_only,minimal_verify,benchmark_safe_occupancy_rate,0.6199999999999999,0.5599999999999999,0.6799999999999999
verified,headroom_only,minimal_verify,verification_rate,0.7639999999999989,0.7546666666666655,0.7733333333333323
verified,headroom_only,minimal_verify,certificate_service_violation_rate,0.0,0.0,0.0
verified,headroom_only,minimal_verify,negative_drift_rate_outside_safe,0.05808032128514057,0.04016064257028118,0.07599999999999996
verified,headroom_only,minimal_verify,avg_return_time_to_safe,-246.05514705882354,-246.375,-245.73529411764707
verified,always_verify_throttle,always_verify,discounted_cost,-0.0008683958295567784,-0.0012545995465352844,-0.00048219211257827244
verified,always_verify_throttle,always_verify,safety_augmented_cost_medium,-0.0023683958295568353,-0.004254599546535287,-0.00048219211257838346
verified,always_verify_throttle,always_verify,success_rate,0.0020000000000000018,0.0,0.0040000000000000036
verified,always_verify_throttle,always_verify,overload_rate,0.0,0.0,0.0
verified,always_verify_throttle,always_verify,safe_occupancy_rate,0.034,0.032,0.036000000000000004
verified,always_verify_throttle,always_verify,benchmark_safe_occupancy_rate,0.035999999999999976,0.02799999999999997,0.043999999999999984
verified,always_verify_throttle,always_verify,verification_rate,0.0,0.0,0.0
verified,always_verify_throttle,always_verify,certificate_service_violation_rate,0.0,0.0,0.0
verified,always_verify_throttle,always_verify,negative_drift_rate_outside_safe,0.0,0.0,0.0
verified,always_verify_throttle,always_verify,avg_return_time_to_safe,0.5215148378191858,0.1976190476190478,0.8454106280193239
