dataset,controller,slack_quantile,rows,activation_rate,mean_certified_margin,mean_certified_slack,post_switch_violation_rate,mean_success,mean_drift
rebench,camc_rsrc_anchor,Q1,40,0.0,,-0.1750612318137048,,0.2,-0.19219322303897476
rebench,camc_rsrc_anchor,Q2,113,0.0,,-0.06185630130064457,,0.19469026548672566,-0.2955320281927775
rebench,camc_rsrc_anchor,Q3,125,0.016,-0.09797876017161801,-0.010660237687047264,0.0,0.264,-0.3398117369381098
rebench,camc_rsrc_anchor,Q4,127,0.06299212598425197,-0.0878431025554666,0.024376403000322917,0.0,0.2755905511811024,-0.37721391321235004
rebench,camc_rsrc_anchor,Q5,95,0.05263157894736842,-0.09654971031045446,0.08854045327376443,0.0,0.2736842105263158,-0.42027338339071074
rebench,camc_sempc_candidate,Q1,40,0.0,,-0.17842459534125474,,0.175,-0.18392105580789597
rebench,camc_sempc_candidate,Q2,100,0.0,,-0.06315562869680512,,0.23,-0.2949488130947617
rebench,camc_sempc_candidate,Q3,107,0.028037383177570093,-0.028959897070347723,-0.013831014757729925,0.0,0.2336448598130841,-0.3143847124767484
rebench,camc_sempc_candidate,Q4,145,0.6,0.13602210235508932,0.026169756945211824,0.0,0.22758620689655173,-0.36673711641710854
rebench,camc_sempc_candidate,Q5,108,0.8333333333333334,0.19958889676842206,0.08298856388213853,0.0,0.25,-0.4127753354173048
rebench,camc_static_anchor,Q1,31,0.0,,-0.18699830826388444,,0.12903225806451613,-0.17126571634831783
rebench,camc_static_anchor,Q2,81,0.0,,-0.06204062600727734,,0.18518518518518517,-0.2987370494389566
rebench,camc_static_anchor,Q3,109,0.0,-0.21725599067375015,-0.011544897222333447,,0.29357798165137616,-0.33302319370068434
rebench,camc_static_anchor,Q4,128,0.0,-0.1328532208063105,0.02759885981422913,,0.2890625,-0.3523226507947871
rebench,camc_static_anchor,Q5,151,0.013245033112582781,-0.05896653725631125,0.0949795671852986,0.0,0.2781456953642384,-0.3921726404040821
rebench,pareto_camc_rsrc_anchor,Q1,39,0.0,,-0.1758292500760483,,0.1794871794871795,-0.19025969240091023
rebench,pareto_camc_rsrc_anchor,Q2,116,0.0,,-0.06141540104992303,,0.20689655172413793,-0.29981841315153734
rebench,pareto_camc_rsrc_anchor,Q3,121,0.0,-0.12612705567901397,-0.010790197297145051,,0.256198347107438,-0.34282634494499986
rebench,pareto_camc_rsrc_anchor,Q4,122,0.0,-0.13785679760580488,0.025714284876028327,,0.2786885245901639,-0.37716391469322125
rebench,pareto_camc_rsrc_anchor,Q5,102,0.0,-0.12966380819753848,0.09250370070610699,,0.28431372549019607,-0.4219883794045609
rebench,pareto_camc_sempc_candidate,Q1,32,0.0,,-0.18425131511532916,,0.15625,-0.17760984977918845
rebench,pareto_camc_sempc_candidate,Q2,89,0.0,,-0.06470177414938788,,0.20224719101123595,-0.2992489011739098
rebench,pareto_camc_sempc_candidate,Q3,102,0.0196078431372549,-0.0811971674902555,-0.017291146156935885,0.0,0.2647058823529412,-0.3296158581124682
rebench,pareto_camc_sempc_candidate,Q4,109,0.10091743119266056,-0.10673357237587419,0.026962689766439042,0.0,0.26605504587155965,-0.35502640351083475
rebench,pareto_camc_sempc_candidate,Q5,168,0.1488095238095238,-0.1051347826888688,0.09488836032285321,0.0,0.30952380952380953,-0.3924519567560849
rebench,pareto_camc_static_anchor,Q1,31,0.0,,-0.18698500536589252,,0.12903225806451613,-0.17128895669884545
rebench,pareto_camc_static_anchor,Q2,80,0.0,,-0.06224995658648517,,0.1875,-0.2989331784884789
rebench,pareto_camc_static_anchor,Q3,90,0.0,-0.128473528412655,-0.01507460162820293,,0.3,-0.3279510910498934
rebench,pareto_camc_static_anchor,Q4,96,0.0,-0.1301741466687459,0.02716855990866314,,0.2708333333333333,-0.3420634371604508
rebench,pareto_camc_static_anchor,Q5,203,0.0,-0.13185826420146474,0.1082067587066983,,0.2857142857142857,-0.38668730266060863
smith,camc_rsrc_anchor,Q1,297,0.0,,-0.26079587853121505,,0.21212121212121213,-0.08715757862672806
smith,camc_rsrc_anchor,Q2,97,0.0,,-0.06880518158958032,,0.26804123711340205,-0.2530468027586732
smith,camc_rsrc_anchor,Q3,45,0.022222222222222223,-0.07246087901543682,-0.019655007043587906,0.0,0.13333333333333333,-0.26785035416259373
smith,camc_rsrc_anchor,Q4,48,0.5208333333333334,0.09198689704126306,0.02196395940404323,0.0,0.3541666666666667,-0.3251260979615154
smith,camc_rsrc_anchor,Q5,13,1.0,0.21404290386120126,0.08154646246844502,0.0,0.07692307692307693,-0.3845047205566408
smith,camc_sempc_candidate,Q1,297,0.0,,-0.26079587853121505,,0.21212121212121213,-0.08715757862672806
smith,camc_sempc_candidate,Q2,97,0.0,,-0.06880518158958032,,0.26804123711340205,-0.2530468027586732
smith,camc_sempc_candidate,Q3,45,0.022222222222222223,-0.07246087901543682,-0.019655007043587906,0.0,0.13333333333333333,-0.26785035416259373
smith,camc_sempc_candidate,Q4,48,0.5208333333333334,0.09198689704126306,0.02196395940404323,0.0,0.3541666666666667,-0.3251260979615154
smith,camc_sempc_candidate,Q5,13,1.0,0.21404290386120126,0.08154646246844502,0.0,0.07692307692307693,-0.3845047205566408
smith,camc_static_anchor,Q1,296,0.0,,-0.2610521788735971,,0.21283783783783783,-0.08757106266524195
smith,camc_static_anchor,Q2,102,0.0,,-0.06795338377123837,,0.24509803921568626,-0.25165812239732904
smith,camc_static_anchor,Q3,56,0.0,-0.23372007726654875,-0.012106155366975638,,0.21428571428571427,-0.28495846545022513
smith,camc_static_anchor,Q4,36,0.0,-0.16631842656168108,0.023171783705568178,,0.4166666666666667,-0.30892768611095645
smith,camc_static_anchor,Q5,10,0.0,-0.050546675629801086,0.07280396880367618,,0.2,-0.35940984007769516
smith,pareto_camc_rsrc_anchor,Q1,296,0.0,,-0.26109087356989025,,0.21283783783783783,-0.08784896922038062
smith,pareto_camc_rsrc_anchor,Q2,104,0.0,,-0.06842981866746865,,0.2403846153846154,-0.24993132211035626
smith,pareto_camc_rsrc_anchor,Q3,45,0.0,-0.13187384068640876,-0.015351154986631043,,0.17777777777777778,-0.280937848355997
smith,pareto_camc_rsrc_anchor,Q4,34,0.058823529411764705,-0.132884191306876,0.022046540962055886,0.0,0.35294117647058826,-0.3120525593757166
smith,pareto_camc_rsrc_anchor,Q5,21,0.0,-0.14674726223110943,0.07579895543052999,,0.42857142857142855,-0.3339290861972649
smith,pareto_camc_sempc_candidate,Q1,296,0.0,,-0.26109087356989025,,0.21283783783783783,-0.08784896922038062
smith,pareto_camc_sempc_candidate,Q2,104,0.0,,-0.06842981866746865,,0.2403846153846154,-0.24993132211035626
smith,pareto_camc_sempc_candidate,Q3,45,0.0,-0.13187384068640876,-0.015351154986631043,,0.17777777777777778,-0.280937848355997
smith,pareto_camc_sempc_candidate,Q4,34,0.058823529411764705,-0.132884191306876,0.022046540962055886,0.0,0.35294117647058826,-0.3120525593757166
smith,pareto_camc_sempc_candidate,Q5,21,0.0,-0.14674726223110943,0.07579895543052999,,0.42857142857142855,-0.3339290861972649
smith,pareto_camc_static_anchor,Q1,296,0.0,,-0.2610521788735971,,0.21283783783783783,-0.08757106266524195
smith,pareto_camc_static_anchor,Q2,102,0.0,,-0.06795338377123837,,0.24509803921568626,-0.25165812239732904
smith,pareto_camc_static_anchor,Q3,44,0.0,-0.13187384068628227,-0.016231568930624746,,0.18181818181818182,-0.2756095748772607
smith,pareto_camc_static_anchor,Q4,35,0.0,-0.14272341988300905,0.02149060681871298,,0.34285714285714286,-0.3083364737113697
smith,pareto_camc_static_anchor,Q5,23,0.0,-0.14514404407020418,0.0785824754457173,,0.391304347826087,-0.3371552735428947
test,camc_rsrc_anchor,Q1,48,0.0,,-0.1653643445334819,,0.3125,-0.2481422447071283
test,camc_rsrc_anchor,Q2,128,0.0,,-0.06306594915736685,,0.25,-0.3295375415593178
test,camc_rsrc_anchor,Q3,127,0.007874015748031496,-0.0939395762767249,-0.011439974860449918,0.0,0.23622047244094488,-0.36003855387124584
test,camc_rsrc_anchor,Q4,115,0.06086956521739131,-0.08368657680883916,0.025170780866635923,0.0,0.3217391304347826,-0.40054591533897543
test,camc_rsrc_anchor,Q5,82,0.04878048780487805,-0.10174678758317614,0.08826219140340182,0.0,0.3048780487804878,-0.45391052094090545
test,camc_sempc_candidate,Q1,45,0.0,,-0.17050975510071487,,0.24444444444444444,-0.24051152102106677
test,camc_sempc_candidate,Q2,119,0.0,,-0.06493872358814451,,0.25210084033613445,-0.32586781557395594
test,camc_sempc_candidate,Q3,113,0.05309734513274336,-0.00680004000457783,-0.013691390472769148,0.0,0.23008849557522124,-0.34345258060329054
test,camc_sempc_candidate,Q4,114,0.5877192982456141,0.13892062190734392,0.027317407482901773,0.0,0.23684210526315788,-0.3794620956535542
test,camc_sempc_candidate,Q5,109,0.9724770642201835,0.2083437855767079,0.08472539510310655,0.0,0.25688073394495414,-0.4443750344722065
test,camc_static_anchor,Q1,43,0.0,,-0.16904118717259814,,0.27906976744186046,-0.2434797779059041
test,camc_static_anchor,Q2,106,0.0,,-0.06290403935682604,,0.27358490566037735,-0.3308912273333264
test,camc_static_anchor,Q3,123,0.008130081300813009,-0.1892949282533221,-0.009935081909822934,0.0,0.21951219512195122,-0.35398637031134583
test,camc_static_anchor,Q4,111,0.08108108108108109,-0.11549297361239741,0.028291476072345074,0.0,0.34234234234234234,-0.3814156045194005
test,camc_static_anchor,Q5,117,0.2222222222222222,-0.025208132619766992,0.0911643688639929,0.0,0.28205128205128205,-0.4209853734690831
test,pareto_camc_rsrc_anchor,Q1,48,0.0,,-0.1654171899787185,,0.3125,-0.248147977567551
test,pareto_camc_rsrc_anchor,Q2,129,0.0,,-0.062965914034559,,0.23255813953488372,-0.32900730621082647
test,pareto_camc_rsrc_anchor,Q3,129,0.0,-0.1127582734872544,-0.010868016878890434,,0.24806201550387597,-0.36207585068375536
test,pareto_camc_rsrc_anchor,Q4,105,0.0,-0.1244549855880936,0.026379086090207567,,0.3333333333333333,-0.4021442319701819
test,pareto_camc_rsrc_anchor,Q5,89,0.0,-0.11702419760168263,0.08904067095850839,,0.30337078651685395,-0.4514180714886992
test,pareto_camc_sempc_candidate,Q1,42,0.0,,-0.17103405151502227,,0.2857142857142857,-0.24543150909303604
test,pareto_camc_sempc_candidate,Q2,117,0.0,,-0.06408077692249711,,0.2564102564102564,-0.32962952102626764
test,pareto_camc_sempc_candidate,Q3,116,0.034482758620689655,-0.05170446604228974,-0.015872018140160944,0.0,0.2413793103448276,-0.35489071278069845
test,pareto_camc_sempc_candidate,Q4,105,0.19047619047619047,-0.08105230625109569,0.02715111116176221,0.0,0.3142857142857143,-0.3860881594216162
test,pareto_camc_sempc_candidate,Q5,120,0.25,-0.08049686737353035,0.08490921638314079,0.0,0.36666666666666664,-0.4193129257385787
test,pareto_camc_static_anchor,Q1,41,0.0,,-0.172215643327976,,0.2682926829268293,-0.2434033322119945
test,pareto_camc_static_anchor,Q2,101,0.0,,-0.06365846439884552,,0.2871287128712871,-0.32955030611316505
test,pareto_camc_static_anchor,Q3,97,0.0,-0.11867080400317931,-0.013634221749754979,,0.1958762886597938,-0.3480358076350759
test,pareto_camc_static_anchor,Q4,84,0.0,-0.12149990563763419,0.027747266298185438,,0.3333333333333333,-0.36772729394371906
test,pareto_camc_static_anchor,Q5,177,0.0,-0.11818574454419323,0.10337960561524541,,0.2937853107344633,-0.4058278347685357
verified,camc_rsrc_anchor,Q1,28,0.0,,-0.15080302715912638,,0.32142857142857145,-0.2500191813439988
verified,camc_rsrc_anchor,Q2,91,0.0,,-0.0635702946321618,,0.24175824175824176,-0.3215935900596296
verified,camc_rsrc_anchor,Q3,149,0.006711409395973154,-0.09374757351506936,-0.011271831743789328,0.0,0.21476510067114093,-0.3506045855476185
verified,camc_rsrc_anchor,Q4,148,0.0472972972972973,-0.07774331506025754,0.02535874580797718,0.0,0.2635135135135135,-0.39153405512458744
verified,camc_rsrc_anchor,Q5,84,0.03571428571428571,-0.10060591584609947,0.09273162611853507,0.0,0.30952380952380953,-0.4442001673560292
verified,camc_sempc_candidate,Q1,27,0.0,,-0.15378142989597898,,0.37037037037037035,-0.25747820353455503
verified,camc_sempc_candidate,Q2,91,0.0,,-0.06451826047317737,,0.2087912087912088,-0.310375219982214
verified,camc_sempc_candidate,Q3,127,0.031496062992125984,-0.04628862227784746,-0.011742910214891723,0.0,0.18110236220472442,-0.3405597435146969
verified,camc_sempc_candidate,Q4,141,0.5673758865248227,0.12179913020771342,0.027612160775349125,0.0,0.2553191489361702,-0.37434101454909086
verified,camc_sempc_candidate,Q5,114,0.9122807017543859,0.20465295790783627,0.08298559213461397,0.0,0.2719298245614035,-0.4348133267997055
verified,camc_static_anchor,Q1,19,0.0,,-0.15942478716391523,,0.3684210526315789,-0.24817110205783735
verified,camc_static_anchor,Q2,76,0.0,,-0.06580602397471763,,0.23684210526315788,-0.31700120546072647
verified,camc_static_anchor,Q3,119,0.0,-0.21613036862985005,-0.01024994452211773,,0.20168067226890757,-0.35037614525066074
verified,camc_static_anchor,Q4,137,0.021897810218978103,-0.14735052162981155,0.02840032511549862,0.0,0.29927007299270075,-0.36909522052087024
verified,camc_static_anchor,Q5,149,0.10738255033557047,-0.040222816192479596,0.0922241620863274,0.0,0.28859060402684567,-0.40832694436971845
verified,pareto_camc_rsrc_anchor,Q1,26,0.0,,-0.15251281982250933,,0.3076923076923077,-0.2470281059224477
verified,pareto_camc_rsrc_anchor,Q2,93,0.0,,-0.0634031390188363,,0.24731182795698925,-0.3196211090869317
verified,pareto_camc_rsrc_anchor,Q3,147,0.0,-0.11703944036772243,-0.011366661954612339,,0.21768707482993196,-0.35400326684094574
verified,pareto_camc_rsrc_anchor,Q4,141,0.0,-0.13298684863313665,0.02767464203402995,,0.2695035460992908,-0.3930303656077395
verified,pareto_camc_rsrc_anchor,Q5,93,0.0,-0.11958084353378784,0.09322942032132514,,0.3010752688172043,-0.4414623220400202
verified,pareto_camc_sempc_candidate,Q1,23,0.0,,-0.15144306167989585,,0.30434782608695654,-0.2427967659069127
verified,pareto_camc_sempc_candidate,Q2,88,0.0,,-0.06260685881488769,,0.2727272727272727,-0.3231930895287764
verified,pareto_camc_sempc_candidate,Q3,120,0.025,-0.0976885808673949,-0.011611192769362459,0.0,0.18333333333333332,-0.34770486438505405
verified,pareto_camc_sempc_candidate,Q4,138,0.14492753623188406,-0.09663105349725935,0.027858087574411057,0.0,0.2898550724637681,-0.3774604741435961
verified,pareto_camc_sempc_candidate,Q5,131,0.25190839694656486,-0.08877906035837435,0.08289968739266514,0.0,0.33587786259541985,-0.4125123943212714
verified,pareto_camc_static_anchor,Q1,19,0.0,,-0.1593851544855029,,0.3684210526315789,-0.24824034175540977
verified,pareto_camc_static_anchor,Q2,76,0.0,,-0.06571858442782653,,0.23684210526315788,-0.3170165374557303
verified,pareto_camc_static_anchor,Q3,99,0.0,-0.12914122923391283,-0.0125326575325852,,0.18181818181818182,-0.3463077346167676
verified,pareto_camc_static_anchor,Q4,99,0.0,-0.12965137907352506,0.0284948926529618,,0.29292929292929293,-0.36060108937510565
verified,pareto_camc_static_anchor,Q5,207,0.0,-0.12259146447526266,0.1062538342429025,,0.2946859903381642,-0.39904907350147056
