dataset,comparison,controller_a,controller_b,metric,a_minus_b,ci_low,ci_high
rebench,CAMC-static minus static anchor,camc_static_anchor,static_conservative,discounted_cost,5.8965643296993164e-06,2.220446049250313e-16,1.1793128659176588e-05
rebench,CAMC-static minus static anchor,camc_static_anchor,static_conservative,safety_augmented_cost_medium,5.8965643296993164e-06,2.220446049250313e-16,1.1793128659176588e-05
rebench,CAMC-static minus static anchor,camc_static_anchor,static_conservative,success_rate,0.0,0.0,0.0
rebench,CAMC-static minus static anchor,camc_static_anchor,static_conservative,overload_rate,0.0,0.0,0.0
rebench,CAMC-static minus static anchor,camc_static_anchor,static_conservative,verification_rate,0.0,0.0,0.0
rebench,CAMC-static minus static anchor,camc_static_anchor,static_conservative,fallback_rate,0.442,0.368,0.516
rebench,CAMC-static minus static anchor,camc_static_anchor,static_conservative,safe_set_nonempty_rate,0.0,0.0,0.0
rebench,CAMC-static minus static anchor,camc_static_anchor,static_conservative,avg_return_time_to_safe,0.0,0.0,0.0
rebench,CAMC-static minus static anchor,camc_static_anchor,static_conservative,camc_activation_rate,0.004,0.004,0.004
rebench,CAMC-static minus static anchor,camc_static_anchor,static_conservative,camc_post_switch_violation_rate,0.0,0.0,0.0
rebench,CAMC-RSRC minus RSRC anchor,camc_rsrc_anchor,rsrc,discounted_cost,-0.0005589401834884267,-0.000564315422052375,-0.0005535649449244784
rebench,CAMC-RSRC minus RSRC anchor,camc_rsrc_anchor,rsrc,safety_augmented_cost_medium,0.0009410598165114914,-0.0005535649449246449,0.0024356845779476277
rebench,CAMC-RSRC minus RSRC anchor,camc_rsrc_anchor,rsrc,success_rate,-0.001999999999999988,-0.003999999999999976,0.0
rebench,CAMC-RSRC minus RSRC anchor,camc_rsrc_anchor,rsrc,overload_rate,0.0,0.0,0.0
rebench,CAMC-RSRC minus RSRC anchor,camc_rsrc_anchor,rsrc,verification_rate,-0.010666666666666769,-0.010666666666666935,-0.010666666666666602
rebench,CAMC-RSRC minus RSRC anchor,camc_rsrc_anchor,rsrc,fallback_rate,0.020000000000000018,0.01200000000000001,0.028000000000000025
rebench,CAMC-RSRC minus RSRC anchor,camc_rsrc_anchor,rsrc,safe_set_nonempty_rate,-0.01999999999999999,-0.02799999999999997,-0.01200000000000001
rebench,CAMC-RSRC minus RSRC anchor,camc_rsrc_anchor,rsrc,avg_return_time_to_safe,0.04067554616753699,0.0006747638326585204,0.08067632850241546
rebench,CAMC-RSRC minus RSRC anchor,camc_rsrc_anchor,rsrc,camc_activation_rate,0.03,0.028,0.032
rebench,CAMC-RSRC minus RSRC anchor,camc_rsrc_anchor,rsrc,camc_post_switch_violation_rate,0.0,0.0,0.0
rebench,CAMC-SE-MPC minus static anchor,camc_sempc_candidate,static_conservative,discounted_cost,-0.004536733032119045,-0.006539203089015622,-0.0025342629752224677
rebench,CAMC-SE-MPC minus static anchor,camc_sempc_candidate,static_conservative,safety_augmented_cost_medium,0.017963266967880975,0.014460796910984453,0.021465737024777498
rebench,CAMC-SE-MPC minus static anchor,camc_sempc_candidate,static_conservative,success_rate,-0.030000000000000013,-0.032,-0.028000000000000025
rebench,CAMC-SE-MPC minus static anchor,camc_sempc_candidate,static_conservative,overload_rate,0.0,0.0,0.0
rebench,CAMC-SE-MPC minus static anchor,camc_sempc_candidate,static_conservative,verification_rate,-0.06999999999999962,-0.07599999999999962,-0.06399999999999961
rebench,CAMC-SE-MPC minus static anchor,camc_sempc_candidate,static_conservative,fallback_rate,0.5760000000000001,0.496,0.656
rebench,CAMC-SE-MPC minus static anchor,camc_sempc_candidate,static_conservative,safe_set_nonempty_rate,-0.134,-0.14,-0.128
rebench,CAMC-SE-MPC minus static anchor,camc_sempc_candidate,static_conservative,avg_return_time_to_safe,0.5838378829792787,0.23289315726290516,0.9347826086956523
rebench,CAMC-SE-MPC minus static anchor,camc_sempc_candidate,static_conservative,camc_activation_rate,0.36,0.292,0.428
rebench,CAMC-SE-MPC minus static anchor,camc_sempc_candidate,static_conservative,camc_post_switch_violation_rate,0.0,0.0,0.0
rebench,CAMC-SE-MPC minus SE-MPC candidate,camc_sempc_candidate,se_mpc,discounted_cost,-0.009283696197957825,-0.010167052955180778,-0.008400339440734872
rebench,CAMC-SE-MPC minus SE-MPC candidate,camc_sempc_candidate,se_mpc,safety_augmented_cost_medium,0.004216303802042076,0.0035996605592651942,0.004832947044818958
rebench,CAMC-SE-MPC minus SE-MPC candidate,camc_sempc_candidate,se_mpc,success_rate,-0.018000000000000016,-0.020000000000000018,-0.016000000000000014
rebench,CAMC-SE-MPC minus SE-MPC candidate,camc_sempc_candidate,se_mpc,overload_rate,0.0,0.0,0.0
rebench,CAMC-SE-MPC minus SE-MPC candidate,camc_sempc_candidate,se_mpc,verification_rate,-0.0646666666666662,-0.06933333333333291,-0.0599999999999995
rebench,CAMC-SE-MPC minus SE-MPC candidate,camc_sempc_candidate,se_mpc,fallback_rate,0.05200000000000002,0.043999999999999984,0.06000000000000005
rebench,CAMC-SE-MPC minus SE-MPC candidate,camc_sempc_candidate,se_mpc,safe_set_nonempty_rate,-0.052000000000000046,-0.06000000000000005,-0.04400000000000004
rebench,CAMC-SE-MPC minus SE-MPC candidate,camc_sempc_candidate,se_mpc,avg_return_time_to_safe,0.18339741693778988,-0.06122448979591821,0.428019323671498
rebench,CAMC-SE-MPC minus SE-MPC candidate,camc_sempc_candidate,se_mpc,camc_activation_rate,0.36,0.292,0.428
rebench,CAMC-SE-MPC minus SE-MPC candidate,camc_sempc_candidate,se_mpc,camc_post_switch_violation_rate,0.0,0.0,0.0
rebench,Pareto-CAMC-static minus static anchor,pareto_camc_static_anchor,static_conservative,discounted_cost,0.0,0.0,0.0
rebench,Pareto-CAMC-static minus static anchor,pareto_camc_static_anchor,static_conservative,safety_augmented_cost_medium,0.0,0.0,0.0
rebench,Pareto-CAMC-static minus static anchor,pareto_camc_static_anchor,static_conservative,success_rate,0.0,0.0,0.0
rebench,Pareto-CAMC-static minus static anchor,pareto_camc_static_anchor,static_conservative,overload_rate,0.0,0.0,0.0
rebench,Pareto-CAMC-static minus static anchor,pareto_camc_static_anchor,static_conservative,verification_rate,0.0,0.0,0.0
rebench,Pareto-CAMC-static minus static anchor,pareto_camc_static_anchor,static_conservative,fallback_rate,0.442,0.368,0.516
rebench,Pareto-CAMC-static minus static anchor,pareto_camc_static_anchor,static_conservative,safe_set_nonempty_rate,0.0,0.0,0.0
rebench,Pareto-CAMC-static minus static anchor,pareto_camc_static_anchor,static_conservative,avg_return_time_to_safe,0.0,0.0,0.0
rebench,Pareto-CAMC-static minus static anchor,pareto_camc_static_anchor,static_conservative,camc_activation_rate,0.0,0.0,0.0
rebench,Pareto-CAMC-static minus static anchor,pareto_camc_static_anchor,static_conservative,camc_post_switch_violation_rate,0.0,0.0,0.0
rebench,Pareto-CAMC-RSRC minus RSRC anchor,pareto_camc_rsrc_anchor,rsrc,discounted_cost,0.0,0.0,0.0
rebench,Pareto-CAMC-RSRC minus RSRC anchor,pareto_camc_rsrc_anchor,rsrc,safety_augmented_cost_medium,0.0,0.0,0.0
rebench,Pareto-CAMC-RSRC minus RSRC anchor,pareto_camc_rsrc_anchor,rsrc,success_rate,0.0,0.0,0.0
rebench,Pareto-CAMC-RSRC minus RSRC anchor,pareto_camc_rsrc_anchor,rsrc,overload_rate,0.0,0.0,0.0
rebench,Pareto-CAMC-RSRC minus RSRC anchor,pareto_camc_rsrc_anchor,rsrc,verification_rate,0.0,0.0,0.0
rebench,Pareto-CAMC-RSRC minus RSRC anchor,pareto_camc_rsrc_anchor,rsrc,fallback_rate,0.0,0.0,0.0
rebench,Pareto-CAMC-RSRC minus RSRC anchor,pareto_camc_rsrc_anchor,rsrc,safe_set_nonempty_rate,0.0,0.0,0.0
rebench,Pareto-CAMC-RSRC minus RSRC anchor,pareto_camc_rsrc_anchor,rsrc,avg_return_time_to_safe,0.0,0.0,0.0
rebench,Pareto-CAMC-RSRC minus RSRC anchor,pareto_camc_rsrc_anchor,rsrc,camc_activation_rate,0.0,0.0,0.0
rebench,Pareto-CAMC-RSRC minus RSRC anchor,pareto_camc_rsrc_anchor,rsrc,camc_post_switch_violation_rate,0.0,0.0,0.0
rebench,Pareto-CAMC-SE-MPC minus static anchor,pareto_camc_sempc_candidate,static_conservative,discounted_cost,0.0034941076451426023,0.002885725129151251,0.004102490161133954
rebench,Pareto-CAMC-SE-MPC minus static anchor,pareto_camc_sempc_candidate,static_conservative,safety_augmented_cost_medium,0.0019941076451426287,-0.00011427487084869625,0.004102490161133954
rebench,Pareto-CAMC-SE-MPC minus static anchor,pareto_camc_sempc_candidate,static_conservative,success_rate,0.0020000000000000018,0.0,0.0040000000000000036
rebench,Pareto-CAMC-SE-MPC minus static anchor,pareto_camc_sempc_candidate,static_conservative,overload_rate,0.0,0.0,0.0
rebench,Pareto-CAMC-SE-MPC minus static anchor,pareto_camc_sempc_candidate,static_conservative,verification_rate,0.0239999999999998,0.021333333333333315,0.026666666666666283
rebench,Pareto-CAMC-SE-MPC minus static anchor,pareto_camc_sempc_candidate,static_conservative,fallback_rate,0.48,0.392,0.568
rebench,Pareto-CAMC-SE-MPC minus static anchor,pareto_camc_sempc_candidate,static_conservative,safe_set_nonempty_rate,-0.038000000000000006,-0.05199999999999999,-0.02400000000000002
rebench,Pareto-CAMC-SE-MPC minus static anchor,pareto_camc_sempc_candidate,static_conservative,avg_return_time_to_safe,0.30874360613810725,0.26086956521739113,0.3566176470588234
rebench,Pareto-CAMC-SE-MPC minus static anchor,pareto_camc_sempc_candidate,static_conservative,camc_activation_rate,0.07600000000000001,0.068,0.084
rebench,Pareto-CAMC-SE-MPC minus static anchor,pareto_camc_sempc_candidate,static_conservative,camc_post_switch_violation_rate,0.0,0.0,0.0
rebench,Pareto-CAMC-SE-MPC minus SE-MPC candidate,pareto_camc_sempc_candidate,se_mpc,discounted_cost,-0.0012528555206961778,-0.003530299818824356,0.0010245887774320006
rebench,Pareto-CAMC-SE-MPC minus SE-MPC candidate,pareto_camc_sempc_candidate,se_mpc,safety_augmented_cost_medium,-0.01175285552069627,-0.012530299818824586,-0.010975411222567955
rebench,Pareto-CAMC-SE-MPC minus SE-MPC candidate,pareto_camc_sempc_candidate,se_mpc,success_rate,0.013999999999999999,0.011999999999999983,0.016000000000000014
rebench,Pareto-CAMC-SE-MPC minus SE-MPC candidate,pareto_camc_sempc_candidate,se_mpc,overload_rate,0.0,0.0,0.0
rebench,Pareto-CAMC-SE-MPC minus SE-MPC candidate,pareto_camc_sempc_candidate,se_mpc,verification_rate,0.02933333333333321,0.02533333333333343,0.03333333333333299
rebench,Pareto-CAMC-SE-MPC minus SE-MPC candidate,pareto_camc_sempc_candidate,se_mpc,fallback_rate,-0.04400000000000001,-0.06,-0.028000000000000025
rebench,Pareto-CAMC-SE-MPC minus SE-MPC candidate,pareto_camc_sempc_candidate,se_mpc,safe_set_nonempty_rate,0.043999999999999956,0.02799999999999997,0.05999999999999994
rebench,Pareto-CAMC-SE-MPC minus SE-MPC candidate,pareto_camc_sempc_candidate,se_mpc,avg_return_time_to_safe,-0.09169685990338161,-0.24589371980676322,0.0625
rebench,Pareto-CAMC-SE-MPC minus SE-MPC candidate,pareto_camc_sempc_candidate,se_mpc,camc_activation_rate,0.07600000000000001,0.068,0.084
rebench,Pareto-CAMC-SE-MPC minus SE-MPC candidate,pareto_camc_sempc_candidate,se_mpc,camc_post_switch_violation_rate,0.0,0.0,0.0
smith,CAMC-static minus static anchor,camc_static_anchor,static_conservative,discounted_cost,0.0,0.0,0.0
smith,CAMC-static minus static anchor,camc_static_anchor,static_conservative,safety_augmented_cost_medium,0.0,0.0,0.0
smith,CAMC-static minus static anchor,camc_static_anchor,static_conservative,success_rate,0.0,0.0,0.0
smith,CAMC-static minus static anchor,camc_static_anchor,static_conservative,overload_rate,0.0,0.0,0.0
smith,CAMC-static minus static anchor,camc_static_anchor,static_conservative,verification_rate,0.0,0.0,0.0
smith,CAMC-static minus static anchor,camc_static_anchor,static_conservative,fallback_rate,0.886,0.852,0.92
smith,CAMC-static minus static anchor,camc_static_anchor,static_conservative,safe_set_nonempty_rate,0.0,0.0,0.0
smith,CAMC-static minus static anchor,camc_static_anchor,static_conservative,avg_return_time_to_safe,0.0,0.0,0.0
smith,CAMC-static minus static anchor,camc_static_anchor,static_conservative,camc_activation_rate,0.0,0.0,0.0
smith,CAMC-static minus static anchor,camc_static_anchor,static_conservative,camc_post_switch_violation_rate,0.0,0.0,0.0
smith,CAMC-RSRC minus RSRC anchor,camc_rsrc_anchor,rsrc,discounted_cost,-0.0045574692568203234,-0.005661805173783674,-0.003453133339856973
smith,CAMC-RSRC minus RSRC anchor,camc_rsrc_anchor,rsrc,safety_augmented_cost_medium,0.0014425307431796819,-0.00045313333985697035,0.003338194826216334
smith,CAMC-RSRC minus RSRC anchor,camc_rsrc_anchor,rsrc,success_rate,-0.008000000000000007,-0.01200000000000001,-0.0040000000000000036
smith,CAMC-RSRC minus RSRC anchor,camc_rsrc_anchor,rsrc,overload_rate,0.0,0.0,0.0
smith,CAMC-RSRC minus RSRC anchor,camc_rsrc_anchor,rsrc,verification_rate,-0.019999999999999962,-0.025333333333333208,-0.014666666666666717
smith,CAMC-RSRC minus RSRC anchor,camc_rsrc_anchor,rsrc,fallback_rate,-0.006000000000000005,-0.008000000000000007,-0.0040000000000000036
smith,CAMC-RSRC minus RSRC anchor,camc_rsrc_anchor,rsrc,safe_set_nonempty_rate,0.005999999999999998,0.0040000000000000036,0.007999999999999993
smith,CAMC-RSRC minus RSRC anchor,camc_rsrc_anchor,rsrc,avg_return_time_to_safe,0.07499999999999929,0.0,0.14999999999999858
smith,CAMC-RSRC minus RSRC anchor,camc_rsrc_anchor,rsrc,camc_activation_rate,0.078,0.056,0.1
smith,CAMC-RSRC minus RSRC anchor,camc_rsrc_anchor,rsrc,camc_post_switch_violation_rate,0.0,0.0,0.0
smith,CAMC-SE-MPC minus static anchor,camc_sempc_candidate,static_conservative,discounted_cost,-0.003888057544370882,-0.004927539424549265,-0.0028485756641924986
smith,CAMC-SE-MPC minus static anchor,camc_sempc_candidate,static_conservative,safety_augmented_cost_medium,0.00211194245562929,0.00015142433580761505,0.004072460575450965
smith,CAMC-SE-MPC minus static anchor,camc_sempc_candidate,static_conservative,success_rate,-0.008000000000000007,-0.01200000000000001,-0.0040000000000000036
smith,CAMC-SE-MPC minus static anchor,camc_sempc_candidate,static_conservative,overload_rate,0.0,0.0,0.0
smith,CAMC-SE-MPC minus static anchor,camc_sempc_candidate,static_conservative,verification_rate,-0.019999999999999962,-0.025333333333333208,-0.014666666666666717
smith,CAMC-SE-MPC minus static anchor,camc_sempc_candidate,static_conservative,fallback_rate,0.892,0.86,0.924
smith,CAMC-SE-MPC minus static anchor,camc_sempc_candidate,static_conservative,safe_set_nonempty_rate,-0.0059999999999999915,-0.00799999999999998,-0.0040000000000000036
smith,CAMC-SE-MPC minus static anchor,camc_sempc_candidate,static_conservative,avg_return_time_to_safe,0.5107142857142861,0.2142857142857153,0.8071428571428569
smith,CAMC-SE-MPC minus static anchor,camc_sempc_candidate,static_conservative,camc_activation_rate,0.078,0.056,0.1
smith,CAMC-SE-MPC minus static anchor,camc_sempc_candidate,static_conservative,camc_post_switch_violation_rate,0.0,0.0,0.0
smith,CAMC-SE-MPC minus SE-MPC candidate,camc_sempc_candidate,se_mpc,discounted_cost,-0.0045574692568203234,-0.005661805173783674,-0.003453133339856973
smith,CAMC-SE-MPC minus SE-MPC candidate,camc_sempc_candidate,se_mpc,safety_augmented_cost_medium,0.0014425307431796819,-0.00045313333985697035,0.003338194826216334
smith,CAMC-SE-MPC minus SE-MPC candidate,camc_sempc_candidate,se_mpc,success_rate,-0.008000000000000007,-0.01200000000000001,-0.0040000000000000036
smith,CAMC-SE-MPC minus SE-MPC candidate,camc_sempc_candidate,se_mpc,overload_rate,0.0,0.0,0.0
smith,CAMC-SE-MPC minus SE-MPC candidate,camc_sempc_candidate,se_mpc,verification_rate,-0.019999999999999962,-0.025333333333333208,-0.014666666666666717
smith,CAMC-SE-MPC minus SE-MPC candidate,camc_sempc_candidate,se_mpc,fallback_rate,-0.006000000000000005,-0.008000000000000007,-0.0040000000000000036
smith,CAMC-SE-MPC minus SE-MPC candidate,camc_sempc_candidate,se_mpc,safe_set_nonempty_rate,0.005999999999999998,0.0040000000000000036,0.007999999999999993
smith,CAMC-SE-MPC minus SE-MPC candidate,camc_sempc_candidate,se_mpc,avg_return_time_to_safe,0.07499999999999929,0.0,0.14999999999999858
smith,CAMC-SE-MPC minus SE-MPC candidate,camc_sempc_candidate,se_mpc,camc_activation_rate,0.078,0.056,0.1
smith,CAMC-SE-MPC minus SE-MPC candidate,camc_sempc_candidate,se_mpc,camc_post_switch_violation_rate,0.0,0.0,0.0
smith,Pareto-CAMC-static minus static anchor,pareto_camc_static_anchor,static_conservative,discounted_cost,0.0,0.0,0.0
smith,Pareto-CAMC-static minus static anchor,pareto_camc_static_anchor,static_conservative,safety_augmented_cost_medium,0.0,0.0,0.0
smith,Pareto-CAMC-static minus static anchor,pareto_camc_static_anchor,static_conservative,success_rate,0.0,0.0,0.0
smith,Pareto-CAMC-static minus static anchor,pareto_camc_static_anchor,static_conservative,overload_rate,0.0,0.0,0.0
smith,Pareto-CAMC-static minus static anchor,pareto_camc_static_anchor,static_conservative,verification_rate,0.0,0.0,0.0
smith,Pareto-CAMC-static minus static anchor,pareto_camc_static_anchor,static_conservative,fallback_rate,0.886,0.852,0.92
smith,Pareto-CAMC-static minus static anchor,pareto_camc_static_anchor,static_conservative,safe_set_nonempty_rate,0.0,0.0,0.0
smith,Pareto-CAMC-static minus static anchor,pareto_camc_static_anchor,static_conservative,avg_return_time_to_safe,0.0,0.0,0.0
smith,Pareto-CAMC-static minus static anchor,pareto_camc_static_anchor,static_conservative,camc_activation_rate,0.0,0.0,0.0
smith,Pareto-CAMC-static minus static anchor,pareto_camc_static_anchor,static_conservative,camc_post_switch_violation_rate,0.0,0.0,0.0
smith,Pareto-CAMC-RSRC minus RSRC anchor,pareto_camc_rsrc_anchor,rsrc,discounted_cost,-0.0005767139150528733,-0.0006045576756644744,-0.0005488701544412722
smith,Pareto-CAMC-RSRC minus RSRC anchor,pareto_camc_rsrc_anchor,rsrc,safety_augmented_cost_medium,-0.0005767139150529843,-0.0006045576756645854,-0.0005488701544413832
smith,Pareto-CAMC-RSRC minus RSRC anchor,pareto_camc_rsrc_anchor,rsrc,success_rate,0.0,0.0,0.0
smith,Pareto-CAMC-RSRC minus RSRC anchor,pareto_camc_rsrc_anchor,rsrc,overload_rate,0.0,0.0,0.0
smith,Pareto-CAMC-RSRC minus RSRC anchor,pareto_camc_rsrc_anchor,rsrc,verification_rate,0.001333333333333353,0.0,0.002666666666666706
smith,Pareto-CAMC-RSRC minus RSRC anchor,pareto_camc_rsrc_anchor,rsrc,fallback_rate,-0.006000000000000005,-0.01200000000000001,0.0
smith,Pareto-CAMC-RSRC minus RSRC anchor,pareto_camc_rsrc_anchor,rsrc,safe_set_nonempty_rate,0.005999999999999998,0.0,0.011999999999999997
smith,Pareto-CAMC-RSRC minus RSRC anchor,pareto_camc_rsrc_anchor,rsrc,avg_return_time_to_safe,-0.10714285714285765,-0.2142857142857153,0.0
smith,Pareto-CAMC-RSRC minus RSRC anchor,pareto_camc_rsrc_anchor,rsrc,camc_activation_rate,0.004,0.0,0.008
smith,Pareto-CAMC-RSRC minus RSRC anchor,pareto_camc_rsrc_anchor,rsrc,camc_post_switch_violation_rate,0.0,0.0,0.0
smith,Pareto-CAMC-SE-MPC minus static anchor,pareto_camc_sempc_candidate,static_conservative,discounted_cost,9.269779739656814e-05,0.0,0.00018539559479313628
smith,Pareto-CAMC-SE-MPC minus static anchor,pareto_camc_sempc_candidate,static_conservative,safety_augmented_cost_medium,9.269779739662365e-05,0.0,0.0001853955947932473
smith,Pareto-CAMC-SE-MPC minus static anchor,pareto_camc_sempc_candidate,static_conservative,success_rate,0.0,0.0,0.0
smith,Pareto-CAMC-SE-MPC minus static anchor,pareto_camc_sempc_candidate,static_conservative,overload_rate,0.0,0.0,0.0
smith,Pareto-CAMC-SE-MPC minus static anchor,pareto_camc_sempc_candidate,static_conservative,verification_rate,0.001333333333333353,0.0,0.002666666666666706
smith,Pareto-CAMC-SE-MPC minus static anchor,pareto_camc_sempc_candidate,static_conservative,fallback_rate,0.892,0.864,0.92
smith,Pareto-CAMC-SE-MPC minus static anchor,pareto_camc_sempc_candidate,static_conservative,safe_set_nonempty_rate,-0.0059999999999999915,-0.011999999999999983,0.0
smith,Pareto-CAMC-SE-MPC minus static anchor,pareto_camc_sempc_candidate,static_conservative,avg_return_time_to_safe,0.3285714285714292,0.0,0.6571428571428584
smith,Pareto-CAMC-SE-MPC minus static anchor,pareto_camc_sempc_candidate,static_conservative,camc_activation_rate,0.004,0.0,0.008
smith,Pareto-CAMC-SE-MPC minus static anchor,pareto_camc_sempc_candidate,static_conservative,camc_post_switch_violation_rate,0.0,0.0,0.0
smith,Pareto-CAMC-SE-MPC minus SE-MPC candidate,pareto_camc_sempc_candidate,se_mpc,discounted_cost,-0.0005767139150528733,-0.0006045576756644744,-0.0005488701544412722
smith,Pareto-CAMC-SE-MPC minus SE-MPC candidate,pareto_camc_sempc_candidate,se_mpc,safety_augmented_cost_medium,-0.0005767139150529843,-0.0006045576756645854,-0.0005488701544413832
smith,Pareto-CAMC-SE-MPC minus SE-MPC candidate,pareto_camc_sempc_candidate,se_mpc,success_rate,0.0,0.0,0.0
smith,Pareto-CAMC-SE-MPC minus SE-MPC candidate,pareto_camc_sempc_candidate,se_mpc,overload_rate,0.0,0.0,0.0
smith,Pareto-CAMC-SE-MPC minus SE-MPC candidate,pareto_camc_sempc_candidate,se_mpc,verification_rate,0.001333333333333353,0.0,0.002666666666666706
smith,Pareto-CAMC-SE-MPC minus SE-MPC candidate,pareto_camc_sempc_candidate,se_mpc,fallback_rate,-0.006000000000000005,-0.01200000000000001,0.0
smith,Pareto-CAMC-SE-MPC minus SE-MPC candidate,pareto_camc_sempc_candidate,se_mpc,safe_set_nonempty_rate,0.005999999999999998,0.0,0.011999999999999997
smith,Pareto-CAMC-SE-MPC minus SE-MPC candidate,pareto_camc_sempc_candidate,se_mpc,avg_return_time_to_safe,-0.10714285714285765,-0.2142857142857153,0.0
smith,Pareto-CAMC-SE-MPC minus SE-MPC candidate,pareto_camc_sempc_candidate,se_mpc,camc_activation_rate,0.004,0.0,0.008
smith,Pareto-CAMC-SE-MPC minus SE-MPC candidate,pareto_camc_sempc_candidate,se_mpc,camc_post_switch_violation_rate,0.0,0.0,0.0
test,CAMC-static minus static anchor,camc_static_anchor,static_conservative,discounted_cost,3.0182887208629605e-05,-5.483408416995239e-05,0.0001151998585872116
test,CAMC-static minus static anchor,camc_static_anchor,static_conservative,safety_augmented_cost_medium,3.0182887208574094e-05,-5.483408416995239e-05,0.00011519985858710058
test,CAMC-static minus static anchor,camc_static_anchor,static_conservative,success_rate,0.0,0.0,0.0
test,CAMC-static minus static anchor,camc_static_anchor,static_conservative,overload_rate,0.0,0.0,0.0
test,CAMC-static minus static anchor,camc_static_anchor,static_conservative,verification_rate,-0.0013333333333334085,-0.002666666666666817,0.0
test,CAMC-static minus static anchor,camc_static_anchor,static_conservative,fallback_rate,0.5,0.46,0.54
test,CAMC-static minus static anchor,camc_static_anchor,static_conservative,safe_set_nonempty_rate,-0.011999999999999955,-0.02399999999999991,0.0
test,CAMC-static minus static anchor,camc_static_anchor,static_conservative,avg_return_time_to_safe,0.09090909090909083,0.0,0.18181818181818166
test,CAMC-static minus static anchor,camc_static_anchor,static_conservative,camc_activation_rate,0.072,0.056,0.088
test,CAMC-static minus static anchor,camc_static_anchor,static_conservative,camc_post_switch_violation_rate,0.0,0.0,0.0
test,CAMC-RSRC minus RSRC anchor,camc_rsrc_anchor,rsrc,discounted_cost,-0.00028445254929942987,-0.0004797911597738125,-8.911393882504726e-05
test,CAMC-RSRC minus RSRC anchor,camc_rsrc_anchor,rsrc,safety_augmented_cost_medium,-0.00028445254929942987,-0.0004797911597738125,-8.911393882504726e-05
test,CAMC-RSRC minus RSRC anchor,camc_rsrc_anchor,rsrc,success_rate,0.0,0.0,0.0
test,CAMC-RSRC minus RSRC anchor,camc_rsrc_anchor,rsrc,overload_rate,0.0,0.0,0.0
test,CAMC-RSRC minus RSRC anchor,camc_rsrc_anchor,rsrc,verification_rate,-0.004666666666666763,-0.008000000000000118,-0.0013333333333334085
test,CAMC-RSRC minus RSRC anchor,camc_rsrc_anchor,rsrc,fallback_rate,0.0020000000000000018,0.0,0.0040000000000000036
test,CAMC-RSRC minus RSRC anchor,camc_rsrc_anchor,rsrc,safe_set_nonempty_rate,-0.0020000000000000018,-0.0040000000000000036,0.0
test,CAMC-RSRC minus RSRC anchor,camc_rsrc_anchor,rsrc,avg_return_time_to_safe,0.07678571428571423,0.02857142857142847,0.125
test,CAMC-RSRC minus RSRC anchor,camc_rsrc_anchor,rsrc,camc_activation_rate,0.024,0.008,0.04
test,CAMC-RSRC minus RSRC anchor,camc_rsrc_anchor,rsrc,camc_post_switch_violation_rate,0.0,0.0,0.0
test,CAMC-SE-MPC minus static anchor,camc_sempc_candidate,static_conservative,discounted_cost,-0.005098300179668197,-0.00625990125028536,-0.003936699109051034
test,CAMC-SE-MPC minus static anchor,camc_sempc_candidate,static_conservative,safety_augmented_cost_medium,0.020401699820331742,0.017740098749714606,0.02306330089094888
test,CAMC-SE-MPC minus static anchor,camc_sempc_candidate,static_conservative,success_rate,-0.03399999999999999,-0.036000000000000004,-0.03199999999999997
test,CAMC-SE-MPC minus static anchor,camc_sempc_candidate,static_conservative,overload_rate,0.0,0.0,0.0
test,CAMC-SE-MPC minus static anchor,camc_sempc_candidate,static_conservative,verification_rate,-0.07399999999999973,-0.0773333333333327,-0.07066666666666677
test,CAMC-SE-MPC minus static anchor,camc_sempc_candidate,static_conservative,fallback_rate,0.6040000000000001,0.548,0.66
test,CAMC-SE-MPC minus static anchor,camc_sempc_candidate,static_conservative,safe_set_nonempty_rate,-0.11599999999999996,-0.12,-0.11199999999999993
test,CAMC-SE-MPC minus static anchor,camc_sempc_candidate,static_conservative,avg_return_time_to_safe,0.7668325469994275,0.5750184774575016,0.9586466165413534
test,CAMC-SE-MPC minus static anchor,camc_sempc_candidate,static_conservative,camc_activation_rate,0.358,0.312,0.404
test,CAMC-SE-MPC minus static anchor,camc_sempc_candidate,static_conservative,camc_post_switch_violation_rate,0.0,0.0,0.0
test,CAMC-SE-MPC minus SE-MPC candidate,camc_sempc_candidate,se_mpc,discounted_cost,-0.0058309421990269394,-0.007787543146757836,-0.003874341251296043
test,CAMC-SE-MPC minus SE-MPC candidate,camc_sempc_candidate,se_mpc,safety_augmented_cost_medium,0.021169057800973112,0.01621245685324224,0.026125658748703984
test,CAMC-SE-MPC minus SE-MPC candidate,camc_sempc_candidate,se_mpc,success_rate,-0.03599999999999999,-0.04000000000000001,-0.03199999999999997
test,CAMC-SE-MPC minus SE-MPC candidate,camc_sempc_candidate,se_mpc,overload_rate,0.0,0.0,0.0
test,CAMC-SE-MPC minus SE-MPC candidate,camc_sempc_candidate,se_mpc,verification_rate,-0.07066666666666638,-0.07199999999999929,-0.06933333333333347
test,CAMC-SE-MPC minus SE-MPC candidate,camc_sempc_candidate,se_mpc,fallback_rate,0.038000000000000034,0.020000000000000018,0.05600000000000005
test,CAMC-SE-MPC minus SE-MPC candidate,camc_sempc_candidate,se_mpc,safe_set_nonempty_rate,-0.03799999999999998,-0.055999999999999994,-0.019999999999999962
test,CAMC-SE-MPC minus SE-MPC candidate,camc_sempc_candidate,se_mpc,avg_return_time_to_safe,0.6260857937526745,0.21138211382113825,1.0407894736842107
test,CAMC-SE-MPC minus SE-MPC candidate,camc_sempc_candidate,se_mpc,camc_activation_rate,0.358,0.312,0.404
test,CAMC-SE-MPC minus SE-MPC candidate,camc_sempc_candidate,se_mpc,camc_post_switch_violation_rate,0.0,0.0,0.0
test,Pareto-CAMC-static minus static anchor,pareto_camc_static_anchor,static_conservative,discounted_cost,0.0,0.0,0.0
test,Pareto-CAMC-static minus static anchor,pareto_camc_static_anchor,static_conservative,safety_augmented_cost_medium,0.0,0.0,0.0
test,Pareto-CAMC-static minus static anchor,pareto_camc_static_anchor,static_conservative,success_rate,0.0,0.0,0.0
test,Pareto-CAMC-static minus static anchor,pareto_camc_static_anchor,static_conservative,overload_rate,0.0,0.0,0.0
test,Pareto-CAMC-static minus static anchor,pareto_camc_static_anchor,static_conservative,verification_rate,0.0,0.0,0.0
test,Pareto-CAMC-static minus static anchor,pareto_camc_static_anchor,static_conservative,fallback_rate,0.488,0.436,0.54
test,Pareto-CAMC-static minus static anchor,pareto_camc_static_anchor,static_conservative,safe_set_nonempty_rate,0.0,0.0,0.0
test,Pareto-CAMC-static minus static anchor,pareto_camc_static_anchor,static_conservative,avg_return_time_to_safe,0.0,0.0,0.0
test,Pareto-CAMC-static minus static anchor,pareto_camc_static_anchor,static_conservative,camc_activation_rate,0.0,0.0,0.0
test,Pareto-CAMC-static minus static anchor,pareto_camc_static_anchor,static_conservative,camc_post_switch_violation_rate,0.0,0.0,0.0
test,Pareto-CAMC-RSRC minus RSRC anchor,pareto_camc_rsrc_anchor,rsrc,discounted_cost,0.0,0.0,0.0
test,Pareto-CAMC-RSRC minus RSRC anchor,pareto_camc_rsrc_anchor,rsrc,safety_augmented_cost_medium,0.0,0.0,0.0
test,Pareto-CAMC-RSRC minus RSRC anchor,pareto_camc_rsrc_anchor,rsrc,success_rate,0.0,0.0,0.0
test,Pareto-CAMC-RSRC minus RSRC anchor,pareto_camc_rsrc_anchor,rsrc,overload_rate,0.0,0.0,0.0
test,Pareto-CAMC-RSRC minus RSRC anchor,pareto_camc_rsrc_anchor,rsrc,verification_rate,0.0,0.0,0.0
test,Pareto-CAMC-RSRC minus RSRC anchor,pareto_camc_rsrc_anchor,rsrc,fallback_rate,0.0,0.0,0.0
test,Pareto-CAMC-RSRC minus RSRC anchor,pareto_camc_rsrc_anchor,rsrc,safe_set_nonempty_rate,0.0,0.0,0.0
test,Pareto-CAMC-RSRC minus RSRC anchor,pareto_camc_rsrc_anchor,rsrc,avg_return_time_to_safe,0.0,0.0,0.0
test,Pareto-CAMC-RSRC minus RSRC anchor,pareto_camc_rsrc_anchor,rsrc,camc_activation_rate,0.0,0.0,0.0
test,Pareto-CAMC-RSRC minus RSRC anchor,pareto_camc_rsrc_anchor,rsrc,camc_post_switch_violation_rate,0.0,0.0,0.0
test,Pareto-CAMC-SE-MPC minus static anchor,pareto_camc_sempc_candidate,static_conservative,discounted_cost,0.0034673583416286458,0.0022939100847386706,0.004640806598518621
test,Pareto-CAMC-SE-MPC minus static anchor,pareto_camc_sempc_candidate,static_conservative,safety_augmented_cost_medium,-0.00853264165837131,-0.013359193401481395,-0.0037060899152612237
test,Pareto-CAMC-SE-MPC minus static anchor,pareto_camc_sempc_candidate,static_conservative,success_rate,0.016000000000000014,0.008000000000000007,0.02400000000000002
test,Pareto-CAMC-SE-MPC minus static anchor,pareto_camc_sempc_candidate,static_conservative,overload_rate,0.0,0.0,0.0
test,Pareto-CAMC-SE-MPC minus static anchor,pareto_camc_sempc_candidate,static_conservative,verification_rate,0.03533333333333305,0.02933333333333299,0.04133333333333311
test,Pareto-CAMC-SE-MPC minus static anchor,pareto_camc_sempc_candidate,static_conservative,fallback_rate,0.54,0.5,0.58
test,Pareto-CAMC-SE-MPC minus static anchor,pareto_camc_sempc_candidate,static_conservative,safe_set_nonempty_rate,-0.05199999999999999,-0.06399999999999995,-0.040000000000000036
test,Pareto-CAMC-SE-MPC minus static anchor,pareto_camc_sempc_candidate,static_conservative,avg_return_time_to_safe,0.38528138528138545,0.28571428571428603,0.48484848484848486
test,Pareto-CAMC-SE-MPC minus static anchor,pareto_camc_sempc_candidate,static_conservative,camc_activation_rate,0.108,0.088,0.128
test,Pareto-CAMC-SE-MPC minus static anchor,pareto_camc_sempc_candidate,static_conservative,camc_post_switch_violation_rate,0.0,0.0,0.0
test,Pareto-CAMC-SE-MPC minus SE-MPC candidate,pareto_camc_sempc_candidate,se_mpc,discounted_cost,0.0027347163222699034,0.0023562679424936617,0.003113164702046145
test,Pareto-CAMC-SE-MPC minus SE-MPC candidate,pareto_camc_sempc_candidate,se_mpc,safety_augmented_cost_medium,-0.0077652836777299394,-0.01488683529795376,-0.000643732057506119
test,Pareto-CAMC-SE-MPC minus SE-MPC candidate,pareto_camc_sempc_candidate,se_mpc,success_rate,0.014000000000000012,0.0040000000000000036,0.02400000000000002
test,Pareto-CAMC-SE-MPC minus SE-MPC candidate,pareto_camc_sempc_candidate,se_mpc,overload_rate,0.0,0.0,0.0
test,Pareto-CAMC-SE-MPC minus SE-MPC candidate,pareto_camc_sempc_candidate,se_mpc,verification_rate,0.038666666666666405,0.030666666666666287,0.04666666666666652
test,Pareto-CAMC-SE-MPC minus SE-MPC candidate,pareto_camc_sempc_candidate,se_mpc,fallback_rate,-0.026000000000000023,-0.028000000000000025,-0.02400000000000002
test,Pareto-CAMC-SE-MPC minus SE-MPC candidate,pareto_camc_sempc_candidate,se_mpc,safe_set_nonempty_rate,0.025999999999999995,0.023999999999999966,0.028000000000000025
test,Pareto-CAMC-SE-MPC minus SE-MPC candidate,pareto_camc_sempc_candidate,se_mpc,avg_return_time_to_safe,0.24453463203463244,0.12121212121212155,0.3678571428571433
test,Pareto-CAMC-SE-MPC minus SE-MPC candidate,pareto_camc_sempc_candidate,se_mpc,camc_activation_rate,0.108,0.088,0.128
test,Pareto-CAMC-SE-MPC minus SE-MPC candidate,pareto_camc_sempc_candidate,se_mpc,camc_post_switch_violation_rate,0.0,0.0,0.0
verified,CAMC-static minus static anchor,camc_static_anchor,static_conservative,discounted_cost,3.7689846137889393e-05,1.5212938074105065e-05,6.016675420167372e-05
verified,CAMC-static minus static anchor,camc_static_anchor,static_conservative,safety_augmented_cost_medium,3.768984613783388e-05,1.5212938073938531e-05,6.016675420172923e-05
verified,CAMC-static minus static anchor,camc_static_anchor,static_conservative,success_rate,0.0,0.0,0.0
verified,CAMC-static minus static anchor,camc_static_anchor,static_conservative,overload_rate,0.0,0.0,0.0
verified,CAMC-static minus static anchor,camc_static_anchor,static_conservative,verification_rate,0.0,0.0,0.0
verified,CAMC-static minus static anchor,camc_static_anchor,static_conservative,fallback_rate,0.42400000000000004,0.38,0.468
verified,CAMC-static minus static anchor,camc_static_anchor,static_conservative,safe_set_nonempty_rate,-0.008000000000000007,-0.01200000000000001,-0.0040000000000000036
verified,CAMC-static minus static anchor,camc_static_anchor,static_conservative,avg_return_time_to_safe,-0.029605595553871433,-0.04935897435897463,-0.009852216748768239
verified,CAMC-static minus static anchor,camc_static_anchor,static_conservative,camc_activation_rate,0.038,0.024,0.052
verified,CAMC-static minus static anchor,camc_static_anchor,static_conservative,camc_post_switch_violation_rate,0.0,0.0,0.0
verified,CAMC-RSRC minus RSRC anchor,camc_rsrc_anchor,rsrc,discounted_cost,-3.177396806317012e-05,-0.00043476608915848924,0.000371218153032149
verified,CAMC-RSRC minus RSRC anchor,camc_rsrc_anchor,rsrc,safety_augmented_cost_medium,0.001468226031936859,-0.0004347660891583782,0.003371218153032096
verified,CAMC-RSRC minus RSRC anchor,camc_rsrc_anchor,rsrc,success_rate,-0.0020000000000000018,-0.0040000000000000036,0.0
verified,CAMC-RSRC minus RSRC anchor,camc_rsrc_anchor,rsrc,overload_rate,0.0,0.0,0.0
verified,CAMC-RSRC minus RSRC anchor,camc_rsrc_anchor,rsrc,verification_rate,-0.006666666666666765,-0.006666666666666932,-0.006666666666666599
verified,CAMC-RSRC minus RSRC anchor,camc_rsrc_anchor,rsrc,fallback_rate,0.008000000000000007,0.0040000000000000036,0.01200000000000001
verified,CAMC-RSRC minus RSRC anchor,camc_rsrc_anchor,rsrc,safe_set_nonempty_rate,-0.00799999999999998,-0.011999999999999955,-0.0040000000000000036
verified,CAMC-RSRC minus RSRC anchor,camc_rsrc_anchor,rsrc,avg_return_time_to_safe,0.03522571819425435,0.011627906976744207,0.0588235294117645
verified,CAMC-RSRC minus RSRC anchor,camc_rsrc_anchor,rsrc,camc_activation_rate,0.022,0.02,0.024
verified,CAMC-RSRC minus RSRC anchor,camc_rsrc_anchor,rsrc,camc_post_switch_violation_rate,0.0,0.0,0.0
verified,CAMC-SE-MPC minus static anchor,camc_sempc_candidate,static_conservative,discounted_cost,-0.012647911068360357,-0.014273622328218438,-0.011022199808502275
verified,CAMC-SE-MPC minus static anchor,camc_sempc_candidate,static_conservative,safety_augmented_cost_medium,0.008352088931639634,0.0007263776717814086,0.01597780019149786
verified,CAMC-SE-MPC minus static anchor,camc_sempc_candidate,static_conservative,success_rate,-0.027999999999999983,-0.035999999999999976,-0.01999999999999999
verified,CAMC-SE-MPC minus static anchor,camc_sempc_candidate,static_conservative,overload_rate,0.0,0.0,0.0
verified,CAMC-SE-MPC minus static anchor,camc_sempc_candidate,static_conservative,verification_rate,-0.07533333333333303,-0.07999999999999974,-0.07066666666666632
verified,CAMC-SE-MPC minus static anchor,camc_sempc_candidate,static_conservative,fallback_rate,0.562,0.52,0.604
verified,CAMC-SE-MPC minus static anchor,camc_sempc_candidate,static_conservative,safe_set_nonempty_rate,-0.14600000000000002,-0.15200000000000002,-0.14
verified,CAMC-SE-MPC minus static anchor,camc_sempc_candidate,static_conservative,avg_return_time_to_safe,0.504461850206531,0.05471124620060808,0.9542124542124539
verified,CAMC-SE-MPC minus static anchor,camc_sempc_candidate,static_conservative,camc_activation_rate,0.376,0.32,0.432
verified,CAMC-SE-MPC minus static anchor,camc_sempc_candidate,static_conservative,camc_post_switch_violation_rate,0.0,0.0,0.0
verified,CAMC-SE-MPC minus SE-MPC candidate,camc_sempc_candidate,se_mpc,discounted_cost,-0.013467593100776554,-0.016839047789757866,-0.010096138411795241
verified,CAMC-SE-MPC minus SE-MPC candidate,camc_sempc_candidate,se_mpc,safety_augmented_cost_medium,0.0015324068992235151,-0.01083904778975775,0.01390386158820478
verified,CAMC-SE-MPC minus SE-MPC candidate,camc_sempc_candidate,se_mpc,success_rate,-0.01999999999999999,-0.03199999999999997,-0.008000000000000007
verified,CAMC-SE-MPC minus SE-MPC candidate,camc_sempc_candidate,se_mpc,overload_rate,0.0,0.0,0.0
verified,CAMC-SE-MPC minus SE-MPC candidate,camc_sempc_candidate,se_mpc,verification_rate,-0.06866666666666621,-0.07066666666666621,-0.06666666666666621
verified,CAMC-SE-MPC minus SE-MPC candidate,camc_sempc_candidate,se_mpc,fallback_rate,0.04600000000000001,0.016000000000000014,0.07600000000000001
verified,CAMC-SE-MPC minus SE-MPC candidate,camc_sempc_candidate,se_mpc,safe_set_nonempty_rate,-0.04600000000000001,-0.07600000000000007,-0.01599999999999996
verified,CAMC-SE-MPC minus SE-MPC candidate,camc_sempc_candidate,se_mpc,avg_return_time_to_safe,0.2987841945288754,0.1689969604863224,0.4285714285714284
verified,CAMC-SE-MPC minus SE-MPC candidate,camc_sempc_candidate,se_mpc,camc_activation_rate,0.376,0.32,0.432
verified,CAMC-SE-MPC minus SE-MPC candidate,camc_sempc_candidate,se_mpc,camc_post_switch_violation_rate,0.0,0.0,0.0
verified,Pareto-CAMC-static minus static anchor,pareto_camc_static_anchor,static_conservative,discounted_cost,0.0,0.0,0.0
verified,Pareto-CAMC-static minus static anchor,pareto_camc_static_anchor,static_conservative,safety_augmented_cost_medium,0.0,0.0,0.0
verified,Pareto-CAMC-static minus static anchor,pareto_camc_static_anchor,static_conservative,success_rate,0.0,0.0,0.0
verified,Pareto-CAMC-static minus static anchor,pareto_camc_static_anchor,static_conservative,overload_rate,0.0,0.0,0.0
verified,Pareto-CAMC-static minus static anchor,pareto_camc_static_anchor,static_conservative,verification_rate,0.0,0.0,0.0
verified,Pareto-CAMC-static minus static anchor,pareto_camc_static_anchor,static_conservative,fallback_rate,0.41600000000000004,0.368,0.464
verified,Pareto-CAMC-static minus static anchor,pareto_camc_static_anchor,static_conservative,safe_set_nonempty_rate,0.0,0.0,0.0
verified,Pareto-CAMC-static minus static anchor,pareto_camc_static_anchor,static_conservative,avg_return_time_to_safe,0.0,0.0,0.0
verified,Pareto-CAMC-static minus static anchor,pareto_camc_static_anchor,static_conservative,camc_activation_rate,0.0,0.0,0.0
verified,Pareto-CAMC-static minus static anchor,pareto_camc_static_anchor,static_conservative,camc_post_switch_violation_rate,0.0,0.0,0.0
verified,Pareto-CAMC-RSRC minus RSRC anchor,pareto_camc_rsrc_anchor,rsrc,discounted_cost,0.0,0.0,0.0
verified,Pareto-CAMC-RSRC minus RSRC anchor,pareto_camc_rsrc_anchor,rsrc,safety_augmented_cost_medium,0.0,0.0,0.0
verified,Pareto-CAMC-RSRC minus RSRC anchor,pareto_camc_rsrc_anchor,rsrc,success_rate,0.0,0.0,0.0
verified,Pareto-CAMC-RSRC minus RSRC anchor,pareto_camc_rsrc_anchor,rsrc,overload_rate,0.0,0.0,0.0
verified,Pareto-CAMC-RSRC minus RSRC anchor,pareto_camc_rsrc_anchor,rsrc,verification_rate,0.0,0.0,0.0
verified,Pareto-CAMC-RSRC minus RSRC anchor,pareto_camc_rsrc_anchor,rsrc,fallback_rate,0.0,0.0,0.0
verified,Pareto-CAMC-RSRC minus RSRC anchor,pareto_camc_rsrc_anchor,rsrc,safe_set_nonempty_rate,0.0,0.0,0.0
verified,Pareto-CAMC-RSRC minus RSRC anchor,pareto_camc_rsrc_anchor,rsrc,avg_return_time_to_safe,0.0,0.0,0.0
verified,Pareto-CAMC-RSRC minus RSRC anchor,pareto_camc_rsrc_anchor,rsrc,camc_activation_rate,0.0,0.0,0.0
verified,Pareto-CAMC-RSRC minus RSRC anchor,pareto_camc_rsrc_anchor,rsrc,camc_post_switch_violation_rate,0.0,0.0,0.0
verified,Pareto-CAMC-SE-MPC minus static anchor,pareto_camc_sempc_candidate,static_conservative,discounted_cost,0.0036316987558556446,0.0035843757276545762,0.003679021784056713
verified,Pareto-CAMC-SE-MPC minus static anchor,pareto_camc_sempc_candidate,static_conservative,safety_augmented_cost_medium,-0.002368301244144444,-0.0053209782159431285,0.0005843757276542405
verified,Pareto-CAMC-SE-MPC minus static anchor,pareto_camc_sempc_candidate,static_conservative,success_rate,0.008000000000000007,0.0040000000000000036,0.01200000000000001
verified,Pareto-CAMC-SE-MPC minus static anchor,pareto_camc_sempc_candidate,static_conservative,overload_rate,0.0,0.0,0.0
verified,Pareto-CAMC-SE-MPC minus static anchor,pareto_camc_sempc_candidate,static_conservative,verification_rate,0.03599999999999981,0.026666666666666394,0.045333333333333226
verified,Pareto-CAMC-SE-MPC minus static anchor,pareto_camc_sempc_candidate,static_conservative,fallback_rate,0.45599999999999996,0.42,0.492
verified,Pareto-CAMC-SE-MPC minus static anchor,pareto_camc_sempc_candidate,static_conservative,safe_set_nonempty_rate,-0.040000000000000036,-0.052000000000000046,-0.028000000000000025
verified,Pareto-CAMC-SE-MPC minus static anchor,pareto_camc_sempc_candidate,static_conservative,avg_return_time_to_safe,0.1243058017251566,0.0691244239631339,0.1794871794871793
verified,Pareto-CAMC-SE-MPC minus static anchor,pareto_camc_sempc_candidate,static_conservative,camc_activation_rate,0.11199999999999999,0.08,0.144
verified,Pareto-CAMC-SE-MPC minus static anchor,pareto_camc_sempc_candidate,static_conservative,camc_post_switch_violation_rate,0.0,0.0,0.0
verified,Pareto-CAMC-SE-MPC minus SE-MPC candidate,pareto_camc_sempc_candidate,se_mpc,discounted_cost,0.0028120167234394478,0.0010189502661151484,0.004605083180763747
verified,Pareto-CAMC-SE-MPC minus SE-MPC candidate,pareto_camc_sempc_candidate,se_mpc,safety_augmented_cost_medium,-0.009187983276560563,-0.010981049733884918,-0.007394916819236208
verified,Pareto-CAMC-SE-MPC minus SE-MPC candidate,pareto_camc_sempc_candidate,se_mpc,success_rate,0.016,0.015999999999999986,0.016000000000000014
verified,Pareto-CAMC-SE-MPC minus SE-MPC candidate,pareto_camc_sempc_candidate,se_mpc,overload_rate,0.0,0.0,0.0
verified,Pareto-CAMC-SE-MPC minus SE-MPC candidate,pareto_camc_sempc_candidate,se_mpc,verification_rate,0.04266666666666663,0.03066666666666651,0.05466666666666675
verified,Pareto-CAMC-SE-MPC minus SE-MPC candidate,pareto_camc_sempc_candidate,se_mpc,fallback_rate,-0.06,-0.09599999999999997,-0.02400000000000002
verified,Pareto-CAMC-SE-MPC minus SE-MPC candidate,pareto_camc_sempc_candidate,se_mpc,safe_set_nonempty_rate,0.05999999999999997,0.02399999999999991,0.09600000000000003
verified,Pareto-CAMC-SE-MPC minus SE-MPC candidate,pareto_camc_sempc_candidate,se_mpc,avg_return_time_to_safe,-0.08137185395249902,-0.34615384615384626,0.18341013824884822
verified,Pareto-CAMC-SE-MPC minus SE-MPC candidate,pareto_camc_sempc_candidate,se_mpc,camc_activation_rate,0.11199999999999999,0.08,0.144
verified,Pareto-CAMC-SE-MPC minus SE-MPC candidate,pareto_camc_sempc_candidate,se_mpc,camc_post_switch_violation_rate,0.0,0.0,0.0
