dataset,controller,profile,safety_augmented_cost,ci_low,ci_high
rebench,adaptive_threshold,low,0.6613225861722631,0.660894283848291,0.6617508884962353
rebench,adaptive_threshold,medium,1.076322586172263,1.0757508884962352,1.076894283848291
rebench,adaptive_threshold,high,1.698822586172263,1.6967508884962352,1.700894283848291
rebench,always_verify,low,0.6876403849501631,0.683323515289568,0.6919572546107582
rebench,always_verify,medium,1.016640384950163,1.0073235152895679,1.0259572546107583
rebench,always_verify,high,1.5101403849501631,1.493323515289568,1.5269572546107582
rebench,always_verify_throttle,low,0.6869478456054969,0.6826031846422085,0.6912925065687854
rebench,always_verify_throttle,medium,1.015947845605497,1.0066031846422083,1.0252925065687855
rebench,always_verify_throttle,high,1.509447845605497,1.4926031846422085,1.5262925065687853
rebench,camc_rsrc_anchor,low,0.6679603866154824,0.6615068027258308,0.6744139705051339
rebench,camc_rsrc_anchor,medium,1.0439603866154823,1.0295068027258307,1.0584139705051339
rebench,camc_rsrc_anchor,high,1.6079603866154824,1.5815068027258308,1.634413970505134
rebench,camc_sempc_candidate,low,0.6640442003386913,0.6558676869001399,0.6722207137772427
rebench,camc_sempc_candidate,medium,1.0490442003386913,1.03186768690014,1.0662207137772426
rebench,camc_sempc_candidate,high,1.6265442003386914,1.59586768690014,1.6572207137772428
rebench,camc_static_anchor,low,0.66108682993514,0.6554068899891557,0.6667667698811244
rebench,camc_static_anchor,medium,1.03108682993514,1.0174068899891557,1.0447667698811243
rebench,camc_static_anchor,high,1.58608682993514,1.5604068899891557,1.6117667698811242
rebench,greedy_myopic,low,0.6760012149557147,0.671938411840046,0.6800640180713835
rebench,greedy_myopic,medium,1.0860012149557148,1.075938411840046,1.0960640180713837
rebench,greedy_myopic,high,1.7010012149557148,1.6819384118400462,1.7200640180713835
rebench,headroom_only,low,0.6683172676262827,0.662385100253253,0.6742494349993126
rebench,headroom_only,medium,1.043317267626283,1.0303851002532531,1.0562494349993126
rebench,headroom_only,high,1.605817267626283,1.5823851002532532,1.6292494349993125
rebench,maxweight_backlog,low,0.6671573628756766,0.6611592602974755,0.6731554654538776
rebench,maxweight_backlog,medium,1.0421573628756766,1.0291592602974755,1.0551554654538775
rebench,maxweight_backlog,high,1.6046573628756766,1.5811592602974756,1.6281554654538775
rebench,minimal_verify,low,0.7115071297027422,0.7035277973681614,0.7194864620373229
rebench,minimal_verify,medium,1.2030071297027423,1.1925277973681614,1.213486462037323
rebench,minimal_verify,high,1.942507129702742,1.9305277973681614,1.9544864620373228
rebench,oracle_src,low,0.6622763174516162,0.661496901864091,0.6630557330391413
rebench,oracle_src,medium,1.0882763174516161,1.0850557330391413,1.091496901864091
rebench,oracle_src,high,1.7272763174516161,1.7180557330391413,1.736496901864091
rebench,pareto_camc_rsrc_anchor,low,0.6680193267989707,0.6620603676707553,0.6739782859271862
rebench,pareto_camc_rsrc_anchor,medium,1.0430193267989707,1.0300603676707554,1.0559782859271862
rebench,pareto_camc_rsrc_anchor,high,1.6055193267989707,1.5820603676707554,1.6289782859271862
rebench,pareto_camc_sempc_candidate,low,0.6640750410159529,0.6572926151183067,0.6708574669135992
rebench,pareto_camc_sempc_candidate,medium,1.033075041015953,1.0172926151183068,1.048857466913599
rebench,pareto_camc_sempc_candidate,high,1.586575041015953,1.5572926151183069,1.615857466913599
rebench,pareto_camc_static_anchor,low,0.6610809333708103,0.6554068899891555,0.6667549767524652
rebench,pareto_camc_static_anchor,medium,1.0310809333708102,1.0174068899891555,1.044754976752465
rebench,pareto_camc_static_anchor,high,1.5860809333708104,1.5604068899891554,1.611754976752465
rebench,plain_mpc,low,0.6822596972523661,0.6774308980775674,0.6870884964271649
rebench,plain_mpc,medium,1.1302596972523662,1.1234308980775674,1.1370884964271648
rebench,plain_mpc,high,1.8022596972523661,1.7924308980775674,1.8120884964271649
rebench,rsrc,low,0.6680193267989707,0.6620603676707553,0.6739782859271862
rebench,rsrc,medium,1.0430193267989707,1.0300603676707554,1.0559782859271862
rebench,rsrc,high,1.6055193267989707,1.5820603676707554,1.6289782859271862
rebench,rsrc_no_context,low,0.6680162640288496,0.6620542421155232,0.673978285942176
rebench,rsrc_no_context,medium,1.0430162640288496,1.0300542421155232,1.055978285942176
rebench,rsrc_no_context,high,1.6055162640288496,1.5820542421155233,1.628978285942176
rebench,rsrc_no_recovery,low,0.6683206692240935,0.6623919034563692,0.6742494349918177
rebench,rsrc_no_recovery,medium,1.0433206692240935,1.0303919034563693,1.0562494349918177
rebench,rsrc_no_recovery,high,1.6058206692240935,1.5823919034563694,1.6292494349918176
rebench,se_mpc,low,0.6688278965366492,0.6602680263408748,0.6773877667324235
rebench,se_mpc,medium,1.044827896536649,1.0282680263408748,1.0613877667324236
rebench,se_mpc,high,1.6088278965366491,1.5802680263408748,1.6373877667324237
rebench,static_aggressive,low,0.6754513200813848,0.6699814273963849,0.6809212127663846
rebench,static_aggressive,medium,1.0524513200813845,1.0399814273963848,1.0649212127663845
rebench,static_aggressive,high,1.6179513200813846,1.5949814273963847,1.6409212127663846
rebench,static_conservative,low,0.6610809333708103,0.6554068899891555,0.6667549767524652
rebench,static_conservative,medium,1.0310809333708102,1.0174068899891555,1.044754976752465
rebench,static_conservative,high,1.5860809333708104,1.5604068899891554,1.611754976752465
smith,adaptive_threshold,low,0.8131585300957748,0.8021114880692717,0.8242055721222779
smith,adaptive_threshold,medium,1.2576585300957748,1.2291114880692717,1.2862055721222778
smith,adaptive_threshold,high,1.958158530095775,1.9011114880692719,2.015205572122278
smith,always_verify,low,0.8329297491918176,0.812825628268985,0.8530338701146503
smith,always_verify,medium,1.2344297491918177,1.183825628268985,1.2850338701146504
smith,always_verify,high,1.8659297491918176,1.7628256282689847,1.9690338701146506
smith,always_verify_throttle,low,0.8326579511126863,0.8124929741988514,0.8528229280265212
smith,always_verify_throttle,medium,1.2341579511126861,1.1834929741988511,1.2848229280265213
smith,always_verify_throttle,high,1.865657951112686,1.762492974198851,1.9688229280265213
smith,camc_rsrc_anchor,low,0.8334470768921625,0.8129835773810443,0.8539105764032806
smith,camc_rsrc_anchor,medium,1.2579470768921626,1.2109835773810445,1.3049105764032807
smith,camc_rsrc_anchor,high,1.9284470768921627,1.8349835773810446,2.0219105764032808
smith,camc_sempc_candidate,low,0.8334470768921625,0.8129835773810443,0.8539105764032806
smith,camc_sempc_candidate,medium,1.2579470768921626,1.2109835773810445,1.3049105764032807
smith,camc_sempc_candidate,high,1.9284470768921627,1.8349835773810446,2.0219105764032808
smith,camc_static_anchor,low,0.8353351344365334,0.8149111168055936,0.8557591520674732
smith,camc_static_anchor,medium,1.2558351344365333,1.2069111168055935,1.304759152067473
smith,camc_static_anchor,high,1.9203351344365336,1.8219111168055935,2.0187591520674735
smith,greedy_myopic,low,0.8575364718122326,0.8498885694323726,0.8651843741920926
smith,greedy_myopic,medium,1.3220364718122326,1.2968885694323724,1.3471843741920926
smith,greedy_myopic,high,2.0705364718122325,2.0168885694323726,2.1241843741920925
smith,headroom_only,low,0.8386452873121666,0.8208909749526967,0.8563995996716365
smith,headroom_only,medium,1.2601452873121666,1.2148909749526968,1.3053995996716363
smith,headroom_only,high,1.9261452873121667,1.8328909749526967,2.0193995996716367
smith,maxweight_backlog,low,0.8358292623699634,0.8154260501111597,0.8562324746287671
smith,maxweight_backlog,medium,1.2563292623699633,1.2074260501111596,1.3052324746287671
smith,maxweight_backlog,high,1.9208292623699634,1.8224260501111595,2.019232474628767
smith,minimal_verify,low,12.181505235788052,11.371384446938956,12.99162602463715
smith,minimal_verify,medium,13.841505235788052,13.005384446938956,14.67762602463715
smith,minimal_verify,high,17.380005235788055,16.48238444693896,18.27762602463715
smith,oracle_src,low,0.8051952587540052,0.7977968278553895,0.8125936896526208
smith,oracle_src,medium,1.2561952587540053,1.2377968278553895,1.2745936896526209
smith,oracle_src,high,1.964195258754005,1.9247968278553893,2.0035936896526207
smith,pareto_camc_rsrc_anchor,low,0.83542783223393,0.8150965124003868,0.8557591520674732
smith,pareto_camc_rsrc_anchor,medium,1.25592783223393,1.2070965124003867,1.304759152067473
smith,pareto_camc_rsrc_anchor,high,1.92042783223393,1.8220965124003867,2.0187591520674735
smith,pareto_camc_sempc_candidate,low,0.83542783223393,0.8150965124003868,0.8557591520674732
smith,pareto_camc_sempc_candidate,medium,1.25592783223393,1.2070965124003867,1.304759152067473
smith,pareto_camc_sempc_candidate,high,1.92042783223393,1.8220965124003867,2.0187591520674735
smith,pareto_camc_static_anchor,low,0.8353351344365334,0.8149111168055936,0.8557591520674732
smith,pareto_camc_static_anchor,medium,1.2558351344365333,1.2069111168055935,1.304759152067473
smith,pareto_camc_static_anchor,high,1.9203351344365336,1.8219111168055935,2.0187591520674735
smith,plain_mpc,low,0.8342926210000261,0.8177028060129597,0.8508824359870926
smith,plain_mpc,medium,1.3437926210000262,1.3137028060129596,1.3738824359870927
smith,plain_mpc,high,2.1687926210000263,2.1117028060129597,2.2258824359870926
smith,rsrc,low,0.8360045461489828,0.815645382554828,0.8563637097431376
smith,rsrc,medium,1.256504546148983,1.2076453825548281,1.3053637097431376
smith,rsrc,high,1.9210045461489829,1.8226453825548279,2.019363709743138
smith,rsrc_no_context,low,0.8360045461489828,0.815645382554828,0.8563637097431376
smith,rsrc_no_context,medium,1.256504546148983,1.2076453825548281,1.3053637097431376
smith,rsrc_no_context,high,1.9210045461489829,1.8226453825548279,2.019363709743138
smith,rsrc_no_recovery,low,0.8386452873121666,0.8208909749526967,0.8563995996716365
smith,rsrc_no_recovery,medium,1.2601452873121666,1.2148909749526968,1.3053995996716363
smith,rsrc_no_recovery,high,1.9261452873121667,1.8328909749526967,2.0193995996716367
smith,se_mpc,low,0.8360045461489828,0.815645382554828,0.8563637097431376
smith,se_mpc,medium,1.256504546148983,1.2076453825548281,1.3053637097431376
smith,se_mpc,high,1.9210045461489829,1.8226453825548279,2.019363709743138
smith,static_aggressive,low,0.8852249161383743,0.8710853627071433,0.8993644695696054
smith,static_aggressive,medium,1.3378249161383744,1.3030853627071433,1.3725644695696055
smith,static_aggressive,high,2.0730249161383743,2.005085362707143,2.1409644695696053
smith,static_conservative,low,0.8353351344365334,0.8149111168055936,0.8557591520674732
smith,static_conservative,medium,1.2558351344365333,1.2069111168055935,1.304759152067473
smith,static_conservative,high,1.9203351344365336,1.8219111168055935,2.0187591520674735
test,adaptive_threshold,low,0.6669059755173317,0.654142072620859,0.6796698784138043
test,adaptive_threshold,medium,1.0789059755173316,1.056142072620859,1.1016698784138044
test,adaptive_threshold,high,1.6969059755173317,1.659142072620859,1.7346698784138044
test,always_verify,low,0.6890568044926538,0.6665856575089555,0.7115279514763522
test,always_verify,medium,1.0110568044926538,0.9725856575089554,1.0495279514763522
test,always_verify,high,1.4940568044926537,1.4315856575089554,1.556527951476352
test,always_verify_throttle,low,0.6885520801527637,0.6660324155406148,0.7110717447649126
test,always_verify_throttle,medium,1.0105520801527637,0.9720324155406147,1.0490717447649125
test,always_verify_throttle,high,1.4935520801527638,1.4310324155406147,1.5560717447649126
test,camc_rsrc_anchor,low,0.6788821260156721,0.6549051726558248,0.7028590793755194
test,camc_rsrc_anchor,medium,1.039882126015672,1.0009051726558247,1.0788590793755195
test,camc_rsrc_anchor,high,1.5813821260156722,1.5199051726558246,1.6428590793755196
test,camc_sempc_candidate,low,0.6808820661244447,0.6552021171036275,0.7065620151452618
test,camc_sempc_candidate,medium,1.0588820661244447,1.0172021171036274,1.1005620151452618
test,camc_sempc_candidate,high,1.6258820661244444,1.5602021171036273,1.6915620151452617
test,camc_static_anchor,low,0.6775105491913215,0.6534071842697429,0.7016139141129001
test,camc_static_anchor,medium,1.0385105491913214,0.9994071842697428,1.0776139141129
test,camc_static_anchor,high,1.5800105491913214,1.5184071842697429,1.6416139141129
test,greedy_myopic,low,0.6776800037422492,0.667890728611698,0.6874692788728005
test,greedy_myopic,medium,1.0816800037422492,1.0638907286116979,1.0994692788728007
test,greedy_myopic,high,1.6876800037422495,1.6578907286116982,1.7174692788728008
test,headroom_only,low,0.6795104833749006,0.6552355175603761,0.7037854491894251
test,headroom_only,medium,1.0405104833749004,1.001235517560376,1.079785449189425
test,headroom_only,high,1.5820104833749005,1.520235517560376,1.643785449189425
test,maxweight_backlog,low,0.6788815833675385,0.6548723603571842,0.7028908063778927
test,maxweight_backlog,medium,1.0398815833675386,1.000872360357184,1.0788908063778928
test,maxweight_backlog,high,1.5813815833675384,1.519872360357184,1.6428908063778929
test,minimal_verify,low,0.7265737635976707,0.6993430900716304,0.7538044371237109
test,minimal_verify,medium,1.2205737635976708,1.1833430900716304,1.257804437123711
test,minimal_verify,high,1.9660737635976706,1.9093430900716304,2.022804437123711
test,oracle_src,low,0.677301514473139,0.6595119312808673,0.6950910976654108
test,oracle_src,medium,1.107301514473139,1.0775119312808674,1.1370910976654107
test,oracle_src,high,1.7523015144731389,1.7045119312808672,1.8000910976654108
test,pareto_camc_rsrc_anchor,low,0.6791665785649715,0.6549942865946499,0.7033388705352932
test,pareto_camc_rsrc_anchor,medium,1.0401665785649716,1.0009942865946497,1.0793388705352933
test,pareto_camc_rsrc_anchor,high,1.5816665785649715,1.5199942865946496,1.6433388705352934
test,pareto_camc_sempc_candidate,low,0.6769477246457415,0.6521028249524314,0.7017926243390515
test,pareto_camc_sempc_candidate,medium,1.0299477246457416,0.9861028249524314,1.0737926243390516
test,pareto_camc_sempc_candidate,high,1.5594477246457414,1.4871028249524314,1.6317926243390515
test,pareto_camc_static_anchor,low,0.6774803663041128,0.6534620183539128,0.7014987142543128
test,pareto_camc_static_anchor,medium,1.038480366304113,0.9994620183539128,1.0774987142543129
test,pareto_camc_static_anchor,high,1.5799803663041128,1.5184620183539126,1.641498714254313
test,plain_mpc,low,0.6869690421528266,0.6750071735221274,0.6989309107835259
test,plain_mpc,medium,1.1329690421528267,1.1170071735221274,1.148930910783526
test,plain_mpc,high,1.8019690421528267,1.7800071735221275,1.823930910783526
test,rsrc,low,0.6791665785649715,0.6549942865946499,0.7033388705352932
test,rsrc,medium,1.0401665785649716,1.0009942865946497,1.0793388705352933
test,rsrc,high,1.5816665785649715,1.5199942865946496,1.6433388705352934
test,rsrc_no_context,low,0.6791707200808816,0.6549942865946499,0.7033471535671134
test,rsrc_no_context,medium,1.0401707200808816,1.0009942865946497,1.0793471535671135
test,rsrc_no_context,high,1.5816707200808815,1.5199942865946496,1.6433471535671136
test,rsrc_no_recovery,low,0.6795104833749006,0.6552355175603761,0.7037854491894251
test,rsrc_no_recovery,medium,1.0405104833749004,1.001235517560376,1.079785449189425
test,rsrc_no_recovery,high,1.5820104833749005,1.520235517560376,1.643785449189425
test,se_mpc,low,0.6777130083234716,0.6549896602503853,0.7004363563965579
test,se_mpc,medium,1.0377130083234714,1.0009896602503852,1.0744363563965578
test,se_mpc,high,1.5777130083234714,1.5199896602503853,1.6354363563965577
test,static_aggressive,low,0.6939733030785752,0.6707952119407559,0.7171513942163945
test,static_aggressive,medium,1.062973303078575,1.0247952119407557,1.1011513942163944
test,static_aggressive,high,1.6164733030785752,1.5557952119407557,1.6771513942163945
test,static_conservative,low,0.6774803663041128,0.6534620183539128,0.7014987142543128
test,static_conservative,medium,1.038480366304113,0.9994620183539128,1.0774987142543129
test,static_conservative,high,1.5799803663041128,1.5184620183539126,1.641498714254313
verified,adaptive_threshold,low,0.6535032678731507,0.6391396075413645,0.6678669282049369
verified,adaptive_threshold,medium,1.0715032678731506,1.0431396075413644,1.099866928204937
verified,adaptive_threshold,high,1.6985032678731509,1.6491396075413647,1.7478669282049368
verified,always_verify,low,0.6770628462260275,0.6682132932755896,0.6859123991764655
verified,always_verify,medium,0.9950628462260276,0.9802132932755896,1.0099123991764656
verified,always_verify,high,1.4720628462260275,1.4482132932755896,1.4959123991764653
verified,always_verify_throttle,low,0.6756944503964708,0.6659586937290544,0.6854302070638872
verified,always_verify_throttle,medium,0.9926944503964708,0.9759586937290543,1.0094302070638872
verified,always_verify_throttle,high,1.4681944503964708,1.4409586937290544,1.4954302070638872
verified,camc_rsrc_anchor,low,0.6665321288040669,0.6519613447010966,0.6811029129070373
verified,camc_rsrc_anchor,medium,1.038532128804067,1.0099613447010964,1.0671029129070373
verified,camc_rsrc_anchor,high,1.5965321288040668,1.5469613447010964,1.6461029129070373
verified,camc_sempc_candidate,low,0.6566892876199322,0.6466799440334263,0.6666986312064379
verified,camc_sempc_candidate,medium,1.0376892876199322,1.0186799440334262,1.056698631206438
verified,camc_sempc_candidate,high,1.609189287619932,1.5766799440334265,1.6416986312064379
verified,camc_static_anchor,low,0.6623748885344303,0.6487623105961302,0.6759874664727304
verified,camc_static_anchor,medium,1.0293748885344303,1.00276231059613,1.0559874664727305
verified,camc_static_anchor,high,1.5798748885344303,1.53376231059613,1.6259874664727305
verified,greedy_myopic,low,0.6670710440531253,0.6519819293536702,0.6821601587525806
verified,greedy_myopic,medium,1.0800710440531254,1.04998192935367,1.1101601587525807
verified,greedy_myopic,high,1.6995710440531253,1.64698192935367,1.7521601587525806
verified,headroom_only,low,0.6675800011393187,0.6534077129880655,0.6817522892905719
verified,headroom_only,medium,1.0395800011393186,1.0114077129880654,1.0677522892905718
verified,headroom_only,high,1.5975800011393186,1.5484077129880653,1.6467522892905717
verified,maxweight_backlog,low,0.66357368914601,0.6502755188126501,0.67687185947937
verified,maxweight_backlog,medium,1.03157368914601,1.0062755188126502,1.05687185947937
verified,maxweight_backlog,high,1.5835736891460102,1.5402755188126502,1.62687185947937
verified,minimal_verify,low,0.6991264245178077,0.6986538612233701,0.6995989878122453
verified,minimal_verify,medium,1.1861264245178078,1.1846538612233701,1.1875989878122453
verified,minimal_verify,high,1.9166264245178075,1.91365386122337,1.9195989878122452
verified,oracle_src,low,0.6669029542632936,0.6609403055019417,0.6728656030246454
verified,oracle_src,medium,1.1009029542632935,1.0889403055019418,1.1128656030246453
verified,oracle_src,high,1.7519029542632936,1.7309403055019417,1.7728656030246455
verified,pareto_camc_rsrc_anchor,low,0.66606390277213,0.6505901265480644,0.6815376789961958
verified,pareto_camc_rsrc_anchor,medium,1.03706390277213,1.0065901265480643,1.0675376789961957
verified,pareto_camc_rsrc_anchor,high,1.59356390277213,1.5405901265480644,1.6465376789961956
verified,pareto_camc_sempc_candidate,low,0.663968897444148,0.6493811656259852,0.6785566292623109
verified,pareto_camc_sempc_candidate,medium,1.026968897444148,0.9973811656259852,1.0565566292623108
verified,pareto_camc_sempc_candidate,high,1.5714688974441482,1.5193811656259852,1.623556629262311
verified,pareto_camc_static_anchor,low,0.6623371986882924,0.6487021438419285,0.6759722535346564
verified,pareto_camc_static_anchor,medium,1.0293371986882924,1.0027021438419284,1.0559722535346565
verified,pareto_camc_static_anchor,high,1.5798371986882924,1.5337021438419285,1.6259722535346564
verified,plain_mpc,low,0.6762056403430126,0.6702315119572853,0.68217976872874
verified,plain_mpc,medium,1.1232056403430126,1.1122315119572852,1.13417976872874
verified,plain_mpc,high,1.7937056403430125,1.7752315119572852,1.81217976872874
verified,rsrc,low,0.66606390277213,0.6505901265480644,0.6815376789961958
verified,rsrc,medium,1.03706390277213,1.0065901265480643,1.0675376789961957
verified,rsrc,high,1.59356390277213,1.5405901265480644,1.6465376789961956
verified,rsrc_no_context,low,0.6660668141811186,0.6505901265480644,0.6815435018141727
verified,rsrc_no_context,medium,1.0370668141811183,1.0065901265480643,1.0675435018141726
verified,rsrc_no_context,high,1.5935668141811186,1.5405901265480644,1.6465435018141727
verified,rsrc_no_recovery,low,0.6675709868806451,0.6534077129880655,0.6817342607732246
verified,rsrc_no_recovery,medium,1.039570986880645,1.0114077129880654,1.0677342607732245
verified,rsrc_no_recovery,high,1.597570986880645,1.5484077129880653,1.6467342607732245
verified,se_mpc,low,0.6651568807207087,0.6487760824452216,0.6815376789961958
verified,se_mpc,medium,1.0361568807207084,1.0047760824452214,1.0675376789961957
verified,se_mpc,high,1.5926568807207087,1.5387760824452217,1.6465376789961956
verified,static_aggressive,low,0.6779861795786706,0.6624781137815574,0.6934942453757836
verified,static_aggressive,medium,1.0549861795786706,1.0244781137815573,1.0854942453757837
verified,static_aggressive,high,1.6204861795786707,1.5674781137815574,1.6734942453757837
verified,static_conservative,low,0.6623371986882924,0.6487021438419285,0.6759722535346564
verified,static_conservative,medium,1.0293371986882924,1.0027021438419284,1.0559722535346565
verified,static_conservative,high,1.5798371986882924,1.5337021438419285,1.6259722535346564
