split,baseline,train_rows,calibration_rows,test_rows,target,workload,high_workload_quantile,high_workload_threshold,test_auc,test_average_precision,features,selector,selector_value,score_threshold,calibration_acceptance_rate,calibration_abstention_rate,calibration_high_workload_rate,calibration_accepted_high_workload_rate,calibration_high_workload_recall_by_abstention,calibration_abstention_precision_for_high_workload,calibration_mean_workload_accepted,calibration_mean_workload_abstained,calibration_workload_share_abstained,test_acceptance_rate,test_abstention_rate,test_high_workload_rate,test_accepted_high_workload_rate,test_high_workload_recall_by_abstention,test_abstention_precision_for_high_workload,test_mean_workload_accepted,test_mean_workload_abstained,test_workload_share_abstained,calibrated_acceptance_target,calibrated_accepted_high_rate
temporal,logistic_all_features,20157,6719,6720,outcome_downstream_workload_log,outcome_downstream_workload_raw,0.8,2.0794415416798357,0.8995792989798805,0.49320019774409574,"feature_title_chars,feature_body_chars,feature_title_mentions_test,feature_body_mentions_test,feature_body_mentions_fix,feature_repo_stars,feature_task_type_confidence,feature_initial_detail_changed_files,feature_initial_detail_additions,feature_initial_detail_deletions,feature_initial_detail_churn,feature_initial_detail_added_files,feature_initial_detail_modified_files,feature_initial_detail_removed_files,feature_initial_detail_test_files,agent,repo_language,feature_task_type",fixed_acceptance,0.2,0.09899261326094334,0.20002976633427594,0.7999702336657241,0.169816937044203,0.001488095238095238,0.9982471516213848,0.21190697674418604,0.09226190476190477,5.184186046511628,0.9955696880917503,0.2586309523809524,0.7413690476190476,0.14151785714285714,0.0034522439585730723,0.9936908517350158,0.18968285828984344,0.09378596087456847,4.374949819349659,0.9925770754588096,,
temporal,logistic_all_features,20157,6719,6720,outcome_downstream_workload_log,outcome_downstream_workload_raw,0.8,2.0794415416798357,0.8995792989798805,0.49320019774409574,"feature_title_chars,feature_body_chars,feature_title_mentions_test,feature_body_mentions_test,feature_body_mentions_fix,feature_repo_stars,feature_task_type_confidence,feature_initial_detail_changed_files,feature_initial_detail_additions,feature_initial_detail_deletions,feature_initial_detail_churn,feature_initial_detail_added_files,feature_initial_detail_modified_files,feature_initial_detail_removed_files,feature_initial_detail_test_files,agent,repo_language,feature_task_type",fixed_acceptance,0.4,0.128963143784732,0.4000595326685519,0.5999404673314481,0.169816937044203,0.0033482142857142855,0.9921121822962313,0.28082361696849417,0.14434523809523808,6.847184321508311,0.9861374111257994,0.5056547619047619,0.4943452380952381,0.14151785714285714,0.005002942907592701,0.982124079915878,0.2811559301625527,0.1353737492642731,6.471703792895846,0.9790518693929596,,
temporal,logistic_all_features,20157,6719,6720,outcome_downstream_workload_log,outcome_downstream_workload_raw,0.8,2.0794415416798357,0.8995792989798805,0.49320019774409574,"feature_title_chars,feature_body_chars,feature_title_mentions_test,feature_body_mentions_test,feature_body_mentions_fix,feature_repo_stars,feature_task_type_confidence,feature_initial_detail_changed_files,feature_initial_detail_additions,feature_initial_detail_deletions,feature_initial_detail_churn,feature_initial_detail_added_files,feature_initial_detail_modified_files,feature_initial_detail_removed_files,feature_initial_detail_test_files,agent,repo_language,feature_task_type",fixed_acceptance,0.6,0.28817344482758117,0.5999404673314481,0.4000595326685519,0.169816937044203,0.017117340610270405,0.9395267309377738,0.39880952380952384,0.49317787149590675,9.672991071428571,0.9289720961806424,0.6955357142857143,0.3044642857142857,0.14151785714285714,0.014976465554129225,0.9263932702418507,0.4305962854349951,0.3951647411210954,9.82991202346041,0.9158887016712965,,
temporal,logistic_all_features,20157,6719,6720,outcome_downstream_workload_log,outcome_downstream_workload_raw,0.8,2.0794415416798357,0.8995792989798805,0.49320019774409574,"feature_title_chars,feature_body_chars,feature_title_mentions_test,feature_body_mentions_test,feature_body_mentions_fix,feature_repo_stars,feature_task_type_confidence,feature_initial_detail_changed_files,feature_initial_detail_additions,feature_initial_detail_deletions,feature_initial_detail_churn,feature_initial_detail_added_files,feature_initial_detail_modified_files,feature_initial_detail_removed_files,feature_initial_detail_test_files,agent,repo_language,feature_task_type",fixed_acceptance,0.8,0.7413886438710803,0.7999702336657241,0.20002976633427594,0.169816937044203,0.08967441860465117,0.5775635407537248,0.49032738095238093,2.0593488372093023,12.589285714285714,0.6045232055450356,0.8233630952380953,0.17663690476190477,0.14151785714285714,0.06632929694559914,0.6140904311251314,0.4919966301600674,1.5302729080065065,11.366470092670598,0.6144177785873673,,
temporal,logistic_all_features,20157,6719,6720,outcome_downstream_workload_log,outcome_downstream_workload_raw,0.8,2.0794415416798357,0.8995792989798805,0.49320019774409574,"feature_title_chars,feature_body_chars,feature_title_mentions_test,feature_body_mentions_test,feature_body_mentions_fix,feature_repo_stars,feature_task_type_confidence,feature_initial_detail_changed_files,feature_initial_detail_additions,feature_initial_detail_deletions,feature_initial_detail_churn,feature_initial_detail_added_files,feature_initial_detail_modified_files,feature_initial_detail_removed_files,feature_initial_detail_test_files,agent,repo_language,feature_task_type",calibration_risk_budget,0.05,0.575615855198611,0.6907277868730466,0.3092722131269534,0.169816937044203,0.0499892264598147,0.796669588080631,0.4374398460057748,1.1148459383753502,10.979307025986525,0.8151416627960985,0.7516369047619048,0.24836309523809524,0.14151785714285714,0.035240546426450206,0.8128286014721346,0.463151587777112,0.797465848346862,10.743559017375674,0.8165672389453071,0.6907277868730466,0.0499892264598147
temporal,logistic_all_features,20157,6719,6720,outcome_downstream_workload_log,outcome_downstream_workload_raw,0.8,2.0794415416798357,0.8995792989798805,0.49320019774409574,"feature_title_chars,feature_body_chars,feature_title_mentions_test,feature_body_mentions_test,feature_body_mentions_fix,feature_repo_stars,feature_task_type_confidence,feature_initial_detail_changed_files,feature_initial_detail_additions,feature_initial_detail_deletions,feature_initial_detail_churn,feature_initial_detail_added_files,feature_initial_detail_modified_files,feature_initial_detail_removed_files,feature_initial_detail_test_files,agent,repo_language,feature_task_type",calibration_risk_budget,0.1,0.7691995051295595,0.8276529245423426,0.1723470754576574,0.169816937044203,0.09998201762272972,0.5127081507449606,0.5051813471502591,2.3668404963136127,12.803972366148532,0.529743827932402,0.8418154761904761,0.1581845238095238,0.14151785714285714,0.07406752695775146,0.5594111461619348,0.5004703668861712,1.692593247304225,11.650047036688617,0.563960107473018,0.8276529245423426,0.09998201762272972
temporal,logistic_all_features,20157,6719,6720,outcome_downstream_workload_log,outcome_downstream_workload_raw,0.8,2.0794415416798357,0.8995792989798805,0.49320019774409574,"feature_title_chars,feature_body_chars,feature_title_mentions_test,feature_body_mentions_test,feature_body_mentions_fix,feature_repo_stars,feature_task_type_confidence,feature_initial_detail_changed_files,feature_initial_detail_additions,feature_initial_detail_deletions,feature_initial_detail_churn,feature_initial_detail_added_files,feature_initial_detail_modified_files,feature_initial_detail_removed_files,feature_initial_detail_test_files,agent,repo_language,feature_task_type",calibration_risk_budget,0.15,0.8857839156950617,0.9435927965471053,0.05640720345289477,0.169816937044203,0.15,0.16652059596844873,0.5013192612137203,3.649684542586751,12.796833773087071,0.17328236092750723,0.9522321428571429,0.04776785714285714,0.14151785714285714,0.12126894827316768,0.18401682439537329,0.5451713395638629,2.78543522425379,12.881619937694705,0.18830547839154788,0.9435927965471053,0.15
temporal,selective_uncertainty_only,20157,6719,6720,outcome_downstream_workload_log,outcome_downstream_workload_raw,0.8,2.0794415416798357,0.7118906137247943,0.2792531665595363,"feature_title_chars,feature_body_chars,feature_title_mentions_test,feature_body_mentions_test,feature_body_mentions_fix,feature_repo_stars,feature_task_type_confidence,feature_initial_detail_changed_files,feature_initial_detail_additions,feature_initial_detail_deletions,feature_initial_detail_churn,feature_initial_detail_added_files,feature_initial_detail_modified_files,feature_initial_detail_removed_files,feature_initial_detail_test_files,agent,repo_language,feature_task_type;score=prediction_uncertainty_only",fixed_acceptance,0.2,0.18288054057416697,0.20002976633427594,0.7999702336657241,0.169816937044203,0.09151785714285714,0.8921998247151621,0.1893953488372093,2.5238095238095237,4.576186046511628,0.8788095323162671,0.23511904761904762,0.7648809523809523,0.14151785714285714,0.06139240506329114,0.8980021030494216,0.16614785992217898,1.5613924050632912,3.7922178988326847,0.887654264766155,,
temporal,selective_uncertainty_only,20157,6719,6720,outcome_downstream_workload_log,outcome_downstream_workload_raw,0.8,2.0794415416798357,0.7118906137247943,0.2792531665595363,"feature_title_chars,feature_body_chars,feature_title_mentions_test,feature_body_mentions_test,feature_body_mentions_fix,feature_repo_stars,feature_task_type_confidence,feature_initial_detail_changed_files,feature_initial_detail_additions,feature_initial_detail_deletions,feature_initial_detail_churn,feature_initial_detail_added_files,feature_initial_detail_modified_files,feature_initial_detail_removed_files,feature_initial_detail_test_files,agent,repo_language,feature_task_type;score=prediction_uncertainty_only",fixed_acceptance,0.4,0.23845061644871426,0.4000595326685519,0.5999404673314481,0.169816937044203,0.078125,0.8159509202453987,0.23096005953857604,2.0390625,5.583726122550235,0.8041730679909964,0.47038690476190476,0.5296130952380952,0.14151785714285714,0.06516925023726669,0.7833859095688749,0.20932846305141894,1.5824106295476115,4.764540601292498,0.7722118493556173,,
temporal,selective_uncertainty_only,20157,6719,6720,outcome_downstream_workload_log,outcome_downstream_workload_raw,0.8,2.0794415416798357,0.7118906137247943,0.2792531665595363,"feature_title_chars,feature_body_chars,feature_title_mentions_test,feature_body_mentions_test,feature_body_mentions_fix,feature_repo_stars,feature_task_type_confidence,feature_initial_detail_changed_files,feature_initial_detail_additions,feature_initial_detail_deletions,feature_initial_detail_churn,feature_initial_detail_added_files,feature_initial_detail_modified_files,feature_initial_detail_removed_files,feature_initial_detail_test_files,agent,repo_language,feature_task_type;score=prediction_uncertainty_only",fixed_acceptance,0.6,0.34124619793669386,0.5999404673314481,0.4000595326685519,0.169816937044203,0.10195981146117589,0.6397896581945661,0.27157738095238093,2.6192011907715207,6.484747023809524,0.6227803780056451,0.7116071428571429,0.2883928571428571,0.14151785714285714,0.0836470096194061,0.5793901156677181,0.28431372549019607,2.0669176076955247,6.230650154798762,0.5498884284348103,,
temporal,selective_uncertainty_only,20157,6719,6720,outcome_downstream_workload_log,outcome_downstream_workload_raw,0.8,2.0794415416798357,0.7118906137247943,0.2792531665595363,"feature_title_chars,feature_body_chars,feature_title_mentions_test,feature_body_mentions_test,feature_body_mentions_fix,feature_repo_stars,feature_task_type_confidence,feature_initial_detail_changed_files,feature_initial_detail_additions,feature_initial_detail_deletions,feature_initial_detail_churn,feature_initial_detail_added_files,feature_initial_detail_modified_files,feature_initial_detail_removed_files,feature_initial_detail_test_files,agent,repo_language,feature_task_type;score=prediction_uncertainty_only",fixed_acceptance,0.8,0.5411559647606998,0.7999702336657241,0.20002976633427594,0.169816937044203,0.13767441860465116,0.3514460999123576,0.29836309523809523,3.5808372093023255,6.504464285714286,0.3123369895316017,0.8736607142857142,0.1263392857142857,0.14151785714285714,0.1146312382898995,0.29232386961093587,0.32744405182567726,2.6838698688468745,7.305064782096585,0.28243544788014024,,
temporal,selective_uncertainty_only,20157,6719,6720,outcome_downstream_workload_log,outcome_downstream_workload_raw,0.8,2.0794415416798357,0.7118906137247943,0.2792531665595363,"feature_title_chars,feature_body_chars,feature_title_mentions_test,feature_body_mentions_test,feature_body_mentions_fix,feature_repo_stars,feature_task_type_confidence,feature_initial_detail_changed_files,feature_initial_detail_additions,feature_initial_detail_deletions,feature_initial_detail_churn,feature_initial_detail_added_files,feature_initial_detail_modified_files,feature_initial_detail_removed_files,feature_initial_detail_test_files,agent,repo_language,feature_task_type;score=prediction_uncertainty_only",calibration_risk_budget,0.05,-inf,0.0,1.0,0.169816937044203,0.0,1.0,0.169816937044203,0.0,4.165649650245572,1.0,0.0,1.0,0.14151785714285714,0.0,1.0,0.14151785714285714,0.0,3.267708333333333,1.0,0.0,0.0
temporal,selective_uncertainty_only,20157,6719,6720,outcome_downstream_workload_log,outcome_downstream_workload_raw,0.8,2.0794415416798357,0.7118906137247943,0.2792531665595363,"feature_title_chars,feature_body_chars,feature_title_mentions_test,feature_body_mentions_test,feature_body_mentions_fix,feature_repo_stars,feature_task_type_confidence,feature_initial_detail_changed_files,feature_initial_detail_additions,feature_initial_detail_deletions,feature_initial_detail_churn,feature_initial_detail_added_files,feature_initial_detail_modified_files,feature_initial_detail_removed_files,feature_initial_detail_test_files,agent,repo_language,feature_task_type;score=prediction_uncertainty_only",calibration_risk_budget,0.1,0.33536037814525854,0.5908617353772883,0.4091382646227117,0.169816937044203,0.1,0.6520595968448729,0.270643870498363,2.56448362720403,6.477991997089851,0.6362499553395977,0.703125,0.296875,0.14151785714285714,0.08190476190476191,0.5930599369085173,0.28270676691729324,2.031111111111111,6.196491228070175,0.562958240357029,0.5908617353772883,0.1
temporal,selective_uncertainty_only,20157,6719,6720,outcome_downstream_workload_log,outcome_downstream_workload_raw,0.8,2.0794415416798357,0.7118906137247943,0.2792531665595363,"feature_title_chars,feature_body_chars,feature_title_mentions_test,feature_body_mentions_test,feature_body_mentions_fix,feature_repo_stars,feature_task_type_confidence,feature_initial_detail_changed_files,feature_initial_detail_additions,feature_initial_detail_deletions,feature_initial_detail_churn,feature_initial_detail_added_files,feature_initial_detail_modified_files,feature_initial_detail_removed_files,feature_initial_detail_test_files,agent,repo_language,feature_task_type;score=prediction_uncertainty_only",calibration_risk_budget,0.15,0.6361209226648128,0.8605447239172496,0.1394552760827504,0.169816937044203,0.149948114839156,0.2401402278702892,0.29242262540021347,3.8223797993773783,6.283884738527214,0.21036835899817785,0.91875,0.08125,0.14151785714285714,0.12406867508908326,0.19453207150368035,0.33882783882783885,2.921768707482993,7.17948717948718,0.17851450430347465,0.8605447239172496,0.149948114839156
temporal,cost_sensitive_workload_logistic,20157,6719,6720,outcome_downstream_workload_log,outcome_downstream_workload_raw,0.8,2.0794415416798357,0.8992787331542333,0.4937788759842608,"feature_title_chars,feature_body_chars,feature_title_mentions_test,feature_body_mentions_test,feature_body_mentions_fix,feature_repo_stars,feature_task_type_confidence,feature_initial_detail_changed_files,feature_initial_detail_additions,feature_initial_detail_deletions,feature_initial_detail_churn,feature_initial_detail_added_files,feature_initial_detail_modified_files,feature_initial_detail_removed_files,feature_initial_detail_test_files,agent,repo_language,feature_task_type;positive_sample_weight=1+clipped_log_workload_q75",fixed_acceptance,0.2,0.09708682440657124,0.20002976633427594,0.7999702336657241,0.169816937044203,0.000744047619047619,0.9991235758106923,0.21209302325581394,0.10044642857142858,5.182139534883721,0.9951766765515023,0.25491071428571427,0.7450892857142857,0.14151785714285714,0.004086398131932283,0.9926393270241851,0.18853604953065708,0.1243432574430823,4.34311963251448,0.990300104740653,,
temporal,cost_sensitive_workload_logistic,20157,6719,6720,outcome_downstream_workload_log,outcome_downstream_workload_raw,0.8,2.0794415416798357,0.8992787331542333,0.4937788759842608,"feature_title_chars,feature_body_chars,feature_title_mentions_test,feature_body_mentions_test,feature_body_mentions_fix,feature_repo_stars,feature_task_type_confidence,feature_initial_detail_changed_files,feature_initial_detail_additions,feature_initial_detail_deletions,feature_initial_detail_churn,feature_initial_detail_added_files,feature_initial_detail_modified_files,feature_initial_detail_removed_files,feature_initial_detail_test_files,agent,repo_language,feature_task_type;positive_sample_weight=1+clipped_log_workload_q75",fixed_acceptance,0.4,0.12729205366120258,0.4000595326685519,0.5999404673314481,0.169816937044203,0.0033482142857142855,0.9921121822962313,0.28082361696849417,0.14694940476190477,6.845447779707269,0.9858873128729143,0.5011904761904762,0.4988095238095238,0.14151785714285714,0.005047505938242281,0.982124079915878,0.2786396181384248,0.14251781472684086,6.407816229116945,0.978141081105697,,
temporal,cost_sensitive_workload_logistic,20157,6719,6720,outcome_downstream_workload_log,outcome_downstream_workload_raw,0.8,2.0794415416798357,0.8992787331542333,0.4937788759842608,"feature_title_chars,feature_body_chars,feature_title_mentions_test,feature_body_mentions_test,feature_body_mentions_fix,feature_repo_stars,feature_task_type_confidence,feature_initial_detail_changed_files,feature_initial_detail_additions,feature_initial_detail_deletions,feature_initial_detail_churn,feature_initial_detail_added_files,feature_initial_detail_modified_files,feature_initial_detail_removed_files,feature_initial_detail_test_files,agent,repo_language,feature_task_type;positive_sample_weight=1+clipped_log_workload_q75",fixed_acceptance,0.6,0.28216099575497844,0.5999404673314481,0.4000595326685519,0.169816937044203,0.017613495410568097,0.9377738825591586,0.39806547619047616,0.4988836516993302,9.664434523809524,0.9281503447783057,0.6947916666666667,0.30520833333333336,0.14151785714285714,0.014992503748125937,0.9263932702418507,0.4295465626523647,0.39537374170057826,9.806435884934178,0.9159342410856597,,
temporal,cost_sensitive_workload_logistic,20157,6719,6720,outcome_downstream_workload_log,outcome_downstream_workload_raw,0.8,2.0794415416798357,0.8992787331542333,0.4937788759842608,"feature_title_chars,feature_body_chars,feature_title_mentions_test,feature_body_mentions_test,feature_body_mentions_fix,feature_repo_stars,feature_task_type_confidence,feature_initial_detail_changed_files,feature_initial_detail_additions,feature_initial_detail_deletions,feature_initial_detail_churn,feature_initial_detail_added_files,feature_initial_detail_modified_files,feature_initial_detail_removed_files,feature_initial_detail_test_files,agent,repo_language,feature_task_type;positive_sample_weight=1+clipped_log_workload_q75",fixed_acceptance,0.8,0.7417151285624575,0.7999702336657241,0.20002976633427594,0.169816937044203,0.08930232558139535,0.5793163891323401,0.49181547619047616,2.041302325581395,12.661458333333334,0.6079888527635857,0.8229166666666666,0.17708333333333334,0.14151785714285714,0.06491862567811935,0.6225026288117771,0.49747899159663866,1.5057866184448463,11.45546218487395,0.6207932965982057,,
temporal,cost_sensitive_workload_logistic,20157,6719,6720,outcome_downstream_workload_log,outcome_downstream_workload_raw,0.8,2.0794415416798357,0.8992787331542333,0.4937788759842608,"feature_title_chars,feature_body_chars,feature_title_mentions_test,feature_body_mentions_test,feature_body_mentions_fix,feature_repo_stars,feature_task_type_confidence,feature_initial_detail_changed_files,feature_initial_detail_additions,feature_initial_detail_deletions,feature_initial_detail_churn,feature_initial_detail_added_files,feature_initial_detail_modified_files,feature_initial_detail_removed_files,feature_initial_detail_test_files,agent,repo_language,feature_task_type;positive_sample_weight=1+clipped_log_workload_q75",calibration_risk_budget,0.05,0.5761776420251675,0.694150915314779,0.30584908468522104,0.169816937044203,0.04995711835334477,0.7957931638913234,0.4418491484184915,1.1224271012006861,11.072506082725061,0.8129622351638144,0.7523809523809524,0.24761904761904763,0.14151785714285714,0.035205696202531646,0.8128286014721346,0.4645432692307692,0.8010284810126582,10.762620192307692,0.8155653718293183,0.694150915314779,0.04995711835334477
temporal,cost_sensitive_workload_logistic,20157,6719,6720,outcome_downstream_workload_log,outcome_downstream_workload_raw,0.8,2.0794415416798357,0.8992787331542333,0.4937788759842608,"feature_title_chars,feature_body_chars,feature_title_mentions_test,feature_body_mentions_test,feature_body_mentions_fix,feature_repo_stars,feature_task_type_confidence,feature_initial_detail_changed_files,feature_initial_detail_additions,feature_initial_detail_deletions,feature_initial_detail_churn,feature_initial_detail_added_files,feature_initial_detail_modified_files,feature_initial_detail_removed_files,feature_initial_detail_test_files,agent,repo_language,feature_task_type;positive_sample_weight=1+clipped_log_workload_q75",calibration_risk_budget,0.1,0.7712575310178219,0.8280994195564816,0.17190058044351839,0.169816937044203,0.09992810927390366,0.5127081507449606,0.5064935064935064,2.3335729690869877,12.991341991341992,0.5361034692200507,0.8430059523809523,0.15699404761904762,0.14151785714285714,0.07413945278022947,0.5583596214511041,0.5033175355450237,1.6896734333627537,11.741232227488151,0.5640967257161073,0.8280994195564816,0.09992810927390366
temporal,cost_sensitive_workload_logistic,20157,6719,6720,outcome_downstream_workload_log,outcome_downstream_workload_raw,0.8,2.0794415416798357,0.8992787331542333,0.4937788759842608,"feature_title_chars,feature_body_chars,feature_title_mentions_test,feature_body_mentions_test,feature_body_mentions_fix,feature_repo_stars,feature_task_type_confidence,feature_initial_detail_changed_files,feature_initial_detail_additions,feature_initial_detail_deletions,feature_initial_detail_churn,feature_initial_detail_added_files,feature_initial_detail_modified_files,feature_initial_detail_removed_files,feature_initial_detail_test_files,agent,repo_language,feature_task_type;positive_sample_weight=1+clipped_log_workload_q75",calibration_risk_budget,0.15,0.8876290379422532,0.9422533115046882,0.0577466884953118,0.169816937044203,0.14989733059548255,0.16827344434706398,0.4948453608247423,3.650608118780603,12.56958762886598,0.17424702561720676,0.9501488095238095,0.04985119047619048,0.14151785714285714,0.11981205951448708,0.19558359621451105,0.5552238805970149,2.73876272513704,13.349253731343284,0.20365226103192313,0.9422533115046882,0.14989733059548255
temporal,logistic_no_agent,20157,6719,6720,outcome_downstream_workload_log,outcome_downstream_workload_raw,0.8,2.0794415416798357,0.8934394810072108,0.497226758783805,"feature_title_chars,feature_body_chars,feature_title_mentions_test,feature_body_mentions_test,feature_body_mentions_fix,feature_repo_stars,feature_task_type_confidence,feature_initial_detail_changed_files,feature_initial_detail_additions,feature_initial_detail_deletions,feature_initial_detail_churn,feature_initial_detail_added_files,feature_initial_detail_modified_files,feature_initial_detail_removed_files,feature_initial_detail_test_files,repo_language,feature_task_type",fixed_acceptance,0.2,0.11313251894301868,0.20002976633427594,0.7999702336657241,0.169816937044203,0.002232142857142857,0.9973707274320771,0.21172093023255814,0.11532738095238096,5.178418604651163,0.9944621101146879,0.25148809523809523,0.7485119047619048,0.14151785714285714,0.00650887573964497,0.9884332281808622,0.18687872763419483,0.15739644970414202,4.31272365805169,0.9878865157794071,,
temporal,logistic_no_agent,20157,6719,6720,outcome_downstream_workload_log,outcome_downstream_workload_raw,0.8,2.0794415416798357,0.8934394810072108,0.497226758783805,"feature_title_chars,feature_body_chars,feature_title_mentions_test,feature_body_mentions_test,feature_body_mentions_fix,feature_repo_stars,feature_task_type_confidence,feature_initial_detail_changed_files,feature_initial_detail_additions,feature_initial_detail_deletions,feature_initial_detail_churn,feature_initial_detail_added_files,feature_initial_detail_modified_files,feature_initial_detail_removed_files,feature_initial_detail_test_files,repo_language,feature_task_type",fixed_acceptance,0.4,0.17341877820642732,0.4000595326685519,0.5999404673314481,0.169816937044203,0.004836309523809524,0.9886064855390009,0.2798313073678988,0.17522321428571427,6.826593897295957,0.9831719604130194,0.48839285714285713,0.5116071428571428,0.14151785714285714,0.006398537477148081,0.9779179810725552,0.2705061082024433,0.16240097501523462,6.232111692844677,0.975727492144451,,
temporal,logistic_no_agent,20157,6719,6720,outcome_downstream_workload_log,outcome_downstream_workload_raw,0.8,2.0794415416798357,0.8934394810072108,0.497226758783805,"feature_title_chars,feature_body_chars,feature_title_mentions_test,feature_body_mentions_test,feature_body_mentions_fix,feature_repo_stars,feature_task_type_confidence,feature_initial_detail_changed_files,feature_initial_detail_additions,feature_initial_detail_deletions,feature_initial_detail_churn,feature_initial_detail_added_files,feature_initial_detail_modified_files,feature_initial_detail_removed_files,feature_initial_detail_test_files,repo_language,feature_task_type",fixed_acceptance,0.6,0.35536650988257545,0.5999404673314481,0.4000595326685519,0.169816937044203,0.024311585214586953,0.9141104294478528,0.3880208333333333,0.607541552964525,9.501488095238095,0.912501339812069,0.6886904761904762,0.3113095238095238,0.14151785714285714,0.022039757994814176,0.8927444794952681,0.4058317399617591,0.47385479688850474,9.448374760994264,0.900132064301653,,
temporal,logistic_no_agent,20157,6719,6720,outcome_downstream_workload_log,outcome_downstream_workload_raw,0.8,2.0794415416798357,0.8934394810072108,0.497226758783805,"feature_title_chars,feature_body_chars,feature_title_mentions_test,feature_body_mentions_test,feature_body_mentions_fix,feature_repo_stars,feature_task_type_confidence,feature_initial_detail_changed_files,feature_initial_detail_additions,feature_initial_detail_deletions,feature_initial_detail_churn,feature_initial_detail_added_files,feature_initial_detail_modified_files,feature_initial_detail_removed_files,feature_initial_detail_test_files,repo_language,feature_task_type",fixed_acceptance,0.8,0.7152125600182864,0.7999702336657241,0.20002976633427594,0.169816937044203,0.08874418604651163,0.581945661700263,0.49404761904761907,2.0907906976744184,12.463541666666666,0.5984851191539533,0.8227678571428572,0.17723214285714287,0.14151785714285714,0.06529209621993128,0.6203995793901157,0.49538203190596136,1.488695966720926,11.526448362720403,0.6251650803770663,,
temporal,logistic_no_agent,20157,6719,6720,outcome_downstream_workload_log,outcome_downstream_workload_raw,0.8,2.0794415416798357,0.8934394810072108,0.497226758783805,"feature_title_chars,feature_body_chars,feature_title_mentions_test,feature_body_mentions_test,feature_body_mentions_fix,feature_repo_stars,feature_task_type_confidence,feature_initial_detail_changed_files,feature_initial_detail_additions,feature_initial_detail_deletions,feature_initial_detail_churn,feature_initial_detail_added_files,feature_initial_detail_modified_files,feature_initial_detail_removed_files,feature_initial_detail_test_files,repo_language,feature_task_type",calibration_risk_budget,0.05,0.5121483812156027,0.6983182021134098,0.3016817978865903,0.169816937044203,0.049872122762148335,0.7949167397020158,0.4474592994573261,1.1918158567774937,11.049333991119882,0.8002072242666762,0.7482142857142857,0.2517857142857143,0.14151785714285714,0.03381066030230708,0.8212407991587802,0.46158392434988177,0.7488066825775657,10.752955082742316,0.8285441049228107,0.6983182021134098,0.049872122762148335
temporal,logistic_no_agent,20157,6719,6720,outcome_downstream_workload_log,outcome_downstream_workload_raw,0.8,2.0794415416798357,0.8934394810072108,0.497226758783805,"feature_title_chars,feature_body_chars,feature_title_mentions_test,feature_body_mentions_test,feature_body_mentions_fix,feature_repo_stars,feature_task_type_confidence,feature_initial_detail_changed_files,feature_initial_detail_additions,feature_initial_detail_deletions,feature_initial_detail_churn,feature_initial_detail_added_files,feature_initial_detail_modified_files,feature_initial_detail_removed_files,feature_initial_detail_test_files,repo_language,feature_task_type",calibration_risk_budget,0.1,0.762527287375486,0.8295877362702783,0.17041226372972168,0.169816937044203,0.09992823824901327,0.5118317265556529,0.5100436681222708,2.433979189092214,12.595633187772926,0.5152738575869091,0.8461309523809524,0.15386904761904763,0.14151785714285714,0.07421737601125572,0.5562565720294427,0.511605415860735,1.6839606049947238,11.97678916827853,0.563960107473018,0.8295877362702783,0.09992823824901327
temporal,logistic_no_agent,20157,6719,6720,outcome_downstream_workload_log,outcome_downstream_workload_raw,0.8,2.0794415416798357,0.8934394810072108,0.497226758783805,"feature_title_chars,feature_body_chars,feature_title_mentions_test,feature_body_mentions_test,feature_body_mentions_fix,feature_repo_stars,feature_task_type_confidence,feature_initial_detail_changed_files,feature_initial_detail_additions,feature_initial_detail_deletions,feature_initial_detail_churn,feature_initial_detail_added_files,feature_initial_detail_modified_files,feature_initial_detail_removed_files,feature_initial_detail_test_files,repo_language,feature_task_type",calibration_risk_budget,0.15,0.9136315186318648,0.9458252716178003,0.054174728382199736,0.169816937044203,0.14996066089693155,0.16476774758983348,0.5164835164835165,3.6468922108575925,13.222527472527473,0.1719604130194005,0.9485119047619047,0.051488095238095236,0.14151785714285714,0.1201757138374647,0.19453207150368035,0.5346820809248555,2.717602761217446,13.401734104046243,0.2111662644018398,0.9458252716178003,0.14996066089693155
temporal,categorical_prior,20157,6719,6720,outcome_downstream_workload_log,outcome_downstream_workload_raw,0.8,2.0794415416798357,0.8848259643670009,0.47826784828672775,"agent,feature_task_type,repo_language",fixed_acceptance,0.2,0.11612615210164741,0.38264622711713053,0.6173537728828695,0.169816937044203,0.0027226760015558148,0.9938650306748467,0.2733847637415622,0.09996110462854921,6.685631629701061,0.9908178212869342,0.49836309523809524,0.5016369047619048,0.14151785714285714,0.006270528515974918,0.9779179810725552,0.2758825274399288,0.1433263660794267,6.371699792346485,0.978141081105697,,
temporal,categorical_prior,20157,6719,6720,outcome_downstream_workload_log,outcome_downstream_workload_raw,0.8,2.0794415416798357,0.8848259643670009,0.47826784828672775,"agent,feature_task_type,repo_language",fixed_acceptance,0.4,0.1220360823586697,0.4022920077392469,0.5977079922607531,0.169816937044203,0.0029596744358120607,0.992988606485539,0.28212151394422313,0.1313355530891602,6.88097609561753,0.9873164457465433,0.5126488095238095,0.48735119047619047,0.14151785714285714,0.00725689404934688,0.9737118822292324,0.2827480916030534,0.17880986937590712,6.5169465648854965,0.9719477207523112,,
temporal,categorical_prior,20157,6719,6720,outcome_downstream_workload_log,outcome_downstream_workload_raw,0.8,2.0794415416798357,0.8848259643670009,0.47826784828672775,"agent,feature_task_type,repo_language",fixed_acceptance,0.6,0.20290501885154832,0.6050007441583569,0.3949992558416431,0.169816937044203,0.03222632226322263,0.8851884312007011,0.38055764883195176,0.7321033210332103,9.424642049736248,0.8936725142020079,0.6921130952380953,0.3078869047619048,0.14151785714285714,0.023220812728445495,0.886435331230284,0.40744320927984534,0.5854654912921953,9.2972450459159,0.8759961746891936,,
temporal,categorical_prior,20157,6719,6720,outcome_downstream_workload_log,outcome_downstream_workload_raw,0.8,2.0794415416798357,0.8848259643670009,0.47826784828672775,"agent,feature_task_type,repo_language",fixed_acceptance,0.8,0.30510936444479314,0.81529989581783,0.18470010418216998,0.169816937044203,0.10624315443592552,0.4899211218229623,0.45044319097502017,2.6237677984665937,10.971796937953263,0.4864768301832863,0.8407738095238095,0.15922619047619047,0.14151785714285714,0.0752212389380531,0.5531019978969506,0.491588785046729,1.8104424778761061,10.962616822429906,0.5341773304795301,,
temporal,categorical_prior,20157,6719,6720,outcome_downstream_workload_log,outcome_downstream_workload_raw,0.8,2.0794415416798357,0.8848259643670009,0.47826784828672775,"agent,feature_task_type,repo_language",calibration_risk_budget,0.05,0.23197027699638476,0.6724214912933473,0.3275785087066528,0.169816937044203,0.051571491810535636,0.7957931638913234,0.4125397546569741,1.16157591854803,10.332121762835074,0.812497766979885,0.7394345238095238,0.2605654761904762,0.14151785714285714,0.03320587643389012,0.8264984227129337,0.4488863506567676,0.8247132219762527,10.20045688178184,0.813379479939888,0.6687006995088555,0.049855330514133094
temporal,categorical_prior,20157,6719,6720,outcome_downstream_workload_log,outcome_downstream_workload_raw,0.8,2.0794415416798357,0.8848259643670009,0.47826784828672775,"agent,feature_task_type,repo_language",calibration_risk_budget,0.1,0.2908307362784785,0.780175621372228,0.219824378627772,0.169816937044203,0.09996184662342618,0.5407537248028046,0.4177386594448206,2.485501716901946,10.12863913337847,0.5344956947372181,0.8220238095238095,0.17797619047619048,0.14151785714285714,0.07060101375814627,0.5899053627760252,0.4690635451505017,1.7251991310644461,10.392140468227424,0.5660093811193588,0.780175621372228,0.09996184662342618
temporal,categorical_prior,20157,6719,6720,outcome_downstream_workload_log,outcome_downstream_workload_raw,0.8,2.0794415416798357,0.8848259643670009,0.47826784828672775,"agent,feature_task_type,repo_language",calibration_risk_budget,0.15,0.35252438774358746,0.9589224586992112,0.041077541300788806,0.169816937044203,0.15303430079155672,0.13584574934268187,0.5615942028985508,3.73552692844948,14.206521739130435,0.14009074993747545,0.9575892857142857,0.04241071428571429,0.14151785714285714,0.124009324009324,0.1608832807570978,0.5368421052631579,2.8234654234654233,13.298245614035087,0.1725943804362676,0.9498437267450514,0.14995299279222815
temporal,simple_text_threshold,20157,6719,6720,outcome_downstream_workload_log,outcome_downstream_workload_raw,0.8,2.0794415416798357,0.7858863110220168,0.41720563443807523,"feature_title_chars,feature_body_chars,feature_title_mentions_test,feature_body_mentions_test,feature_body_mentions_fix",fixed_acceptance,0.2,-1.6425985690784664,0.20002976633427594,0.7999702336657241,0.169816937044203,0.11458333333333333,0.8650306748466258,0.1836279069767442,2.6316964285714284,4.549209302325582,0.8736289256493622,0.17232142857142857,0.8276785714285714,0.14151785714285714,0.08031088082901554,0.9022082018927445,0.15426105717367852,1.810880829015544,3.571017619561309,0.9045038480805137,,
temporal,simple_text_threshold,20157,6719,6720,outcome_downstream_workload_log,outcome_downstream_workload_raw,0.8,2.0794415416798357,0.7858863110220168,0.41720563443807523,"feature_title_chars,feature_body_chars,feature_title_mentions_test,feature_body_mentions_test,feature_body_mentions_fix",fixed_acceptance,0.4,-1.0484062913024483,0.4000595326685519,0.5999404673314481,0.169816937044203,0.07738095238095238,0.8177037686240141,0.23145621433887373,1.8355654761904763,5.719424460431655,0.823716460037872,0.39419642857142856,0.6058035714285714,0.14151785714285714,0.04907512268780672,0.8633017875920084,0.20167035126504546,1.1649679124197811,4.635961680176861,0.8594653672753768,,
temporal,simple_text_threshold,20157,6719,6720,outcome_downstream_workload_log,outcome_downstream_workload_raw,0.8,2.0794415416798357,0.7858863110220168,0.41720563443807523,"feature_title_chars,feature_body_chars,feature_title_mentions_test,feature_body_mentions_test,feature_body_mentions_fix",fixed_acceptance,0.6,-0.1861319867999373,0.5999404673314481,0.4000595326685519,0.169816937044203,0.07243860084346317,0.7440841367221736,0.3158482142857143,1.670553212602332,7.907366071428571,0.7594054807245704,0.6306547619047619,0.3693452380952381,0.14151785714285714,0.045068428504011326,0.7991587802313355,0.30620467365028203,1.024067956583294,7.098710717163578,0.8023589416640102,,
temporal,simple_text_threshold,20157,6719,6720,outcome_downstream_workload_log,outcome_downstream_workload_raw,0.8,2.0794415416798357,0.7858863110220168,0.41720563443807523,"feature_title_chars,feature_body_chars,feature_title_mentions_test,feature_body_mentions_test,feature_body_mentions_fix",fixed_acceptance,0.8,2.322171992266208,0.7999702336657241,0.20002976633427594,0.169816937044203,0.09897674418604652,0.5337423312883436,0.453125,2.336186046511628,11.482142857142858,0.5513594626460395,0.8145833333333333,0.18541666666666667,0.14151785714285714,0.07544757033248081,0.5657202944269191,0.4317817014446228,1.6956521739130435,10.174157303370787,0.5773031558814153,,
temporal,simple_text_threshold,20157,6719,6720,outcome_downstream_workload_log,outcome_downstream_workload_raw,0.8,2.0794415416798357,0.7858863110220168,0.41720563443807523,"feature_title_chars,feature_body_chars,feature_title_mentions_test,feature_body_mentions_test,feature_body_mentions_fix",calibration_risk_budget,0.05,-4.650192531509599,0.0002976633427593392,0.9997023366572406,0.169816937044203,0.0,1.0,0.16986750037218998,1.5,4.166443352687211,0.9998928150344778,0.0008928571428571428,0.9991071428571429,0.14151785714285714,0.16666666666666666,0.9989484752891693,0.14149538278224605,2.1666666666666665,3.2686922847780755,0.9994079876132793,0.0002976633427593392,0.0
temporal,simple_text_threshold,20157,6719,6720,outcome_downstream_workload_log,outcome_downstream_workload_raw,0.8,2.0794415416798357,0.7858863110220168,0.41720563443807523,"feature_title_chars,feature_body_chars,feature_title_mentions_test,feature_body_mentions_test,feature_body_mentions_fix",calibration_risk_budget,0.1,2.3344034487805576,0.8014585503795207,0.19854144962047923,0.169816937044203,0.0999071494893222,0.5284837861524978,0.452023988005997,2.367688022284123,11.423538230884558,0.54446389653078,0.815327380952381,0.18467261904761906,0.14151785714285714,0.0757437488592809,0.5636172450052577,0.43190975020145045,1.699580215367768,10.190975020145045,0.5759369734505214,0.8014585503795207,0.0999071494893222
temporal,simple_text_threshold,20157,6719,6720,outcome_downstream_workload_log,outcome_downstream_workload_raw,0.8,2.0794415416798357,0.7858863110220168,0.41720563443807523,"feature_title_chars,feature_body_chars,feature_title_mentions_test,feature_body_mentions_test,feature_body_mentions_fix",calibration_risk_budget,0.15,5.053214771126132,0.9428486381902069,0.057151361809793126,0.169816937044203,0.1499605367008682,0.16739702015775634,0.4973958333333333,3.6388318863456983,12.856770833333334,0.17639072492765015,0.9398809523809524,0.06011904761904762,0.14151785714285714,0.11526282457251424,0.23449001051524712,0.551980198019802,2.6402786573780874,13.076732673267326,0.2405847260804226,0.9428486381902069,0.1499605367008682
repository_disjoint,logistic_all_features,25652,4462,3482,outcome_downstream_workload_log,outcome_downstream_workload_raw,0.8,1.791759469228055,0.7644283975055994,0.5406955935065365,"feature_title_chars,feature_body_chars,feature_title_mentions_test,feature_body_mentions_test,feature_body_mentions_fix,feature_repo_stars,feature_task_type_confidence,feature_initial_detail_changed_files,feature_initial_detail_additions,feature_initial_detail_deletions,feature_initial_detail_churn,feature_initial_detail_added_files,feature_initial_detail_modified_files,feature_initial_detail_removed_files,feature_initial_detail_test_files,agent,repo_language,feature_task_type",fixed_acceptance,0.2,0.26045425972083736,0.2001344688480502,0.7998655311519498,0.3922008068130883,0.0683090705487122,0.9651428571428572,0.47324180442701036,1.1802911534154534,8.002241524236481,0.9644087256027555,0.1961516369902355,0.8038483630097645,0.33228029867892017,0.040995607613469986,0.975799481417459,0.40335834226509465,0.9048316251830161,8.045016077170418,0.9732883817427386,,
repository_disjoint,logistic_all_features,25652,4462,3482,outcome_downstream_workload_log,outcome_downstream_workload_raw,0.8,1.791759469228055,0.7644283975055994,0.5406955935065365,"feature_title_chars,feature_body_chars,feature_title_mentions_test,feature_body_mentions_test,feature_body_mentions_fix,feature_repo_stars,feature_task_type_confidence,feature_initial_detail_changed_files,feature_initial_detail_additions,feature_initial_detail_deletions,feature_initial_detail_churn,feature_initial_detail_added_files,feature_initial_detail_modified_files,feature_initial_detail_removed_files,feature_initial_detail_test_files,agent,repo_language,feature_task_type",fixed_acceptance,0.4,0.5111252204896929,0.40004482294935007,0.5999551770506499,0.3922008068130883,0.13277310924369748,0.8645714285714285,0.5651849084796414,2.212885154061625,9.586850952558834,0.8666171405416357,0.44658242389431363,0.5534175761056864,0.33228029867892017,0.1067524115755627,0.8565254969749352,0.5142708873897249,1.9794212218649518,10.408925791385574,0.8669605809128631,,
repository_disjoint,logistic_all_features,25652,4462,3482,outcome_downstream_workload_log,outcome_downstream_workload_raw,0.8,1.791759469228055,0.7644283975055994,0.5406955935065365,"feature_title_chars,feature_body_chars,feature_title_mentions_test,feature_body_mentions_test,feature_body_mentions_fix,feature_repo_stars,feature_task_type_confidence,feature_initial_detail_changed_files,feature_initial_detail_additions,feature_initial_detail_deletions,feature_initial_detail_churn,feature_initial_detail_added_files,feature_initial_detail_modified_files,feature_initial_detail_removed_files,feature_initial_detail_test_files,agent,repo_language,feature_task_type",fixed_acceptance,0.6,0.8066048748078495,0.5999551770506499,0.40004482294935007,0.3922008068130883,0.23907358983937244,0.6342857142857142,0.6218487394957983,4.117669032499066,10.415126050420168,0.6277774025798609,0.6435956346927053,0.35640436530729463,0.33228029867892017,0.20838911200356983,0.5963699222126189,0.5560032232070911,3.859437751004016,11.67365028203062,0.6261670124481328,,
repository_disjoint,logistic_all_features,25652,4462,3482,outcome_downstream_workload_log,outcome_downstream_workload_raw,0.8,1.791759469228055,0.7644283975055994,0.5406955935065365,"feature_title_chars,feature_body_chars,feature_title_mentions_test,feature_body_mentions_test,feature_body_mentions_fix,feature_repo_stars,feature_task_type_confidence,feature_initial_detail_changed_files,feature_initial_detail_additions,feature_initial_detail_deletions,feature_initial_detail_churn,feature_initial_detail_added_files,feature_initial_detail_modified_files,feature_initial_detail_removed_files,feature_initial_detail_test_files,agent,repo_language,feature_task_type",fixed_acceptance,0.8,0.8825076642727091,0.7998655311519498,0.2001344688480502,0.3922008068130883,0.32754272905575793,0.332,0.6506159014557671,5.4822079013729335,11.251959686450167,0.33929898021206184,0.8061458931648477,0.19385410683515222,0.33228029867892017,0.2785892411827574,0.324114088159032,0.5555555555555556,5.441752760954756,11.645925925925926,0.3397735131396957,,
repository_disjoint,logistic_all_features,25652,4462,3482,outcome_downstream_workload_log,outcome_downstream_workload_raw,0.8,1.791759469228055,0.7644283975055994,0.5406955935065365,"feature_title_chars,feature_body_chars,feature_title_mentions_test,feature_body_mentions_test,feature_body_mentions_fix,feature_repo_stars,feature_task_type_confidence,feature_initial_detail_changed_files,feature_initial_detail_additions,feature_initial_detail_deletions,feature_initial_detail_churn,feature_initial_detail_added_files,feature_initial_detail_modified_files,feature_initial_detail_removed_files,feature_initial_detail_test_files,agent,repo_language,feature_task_type",calibration_risk_budget,0.05,0.21501182239380245,0.16450022411474674,0.8354997758852533,0.3922008068130883,0.04904632152588556,0.9794285714285714,0.45976394849785407,0.885558583106267,7.76931330472103,0.9780509218612818,0.13584147041929925,0.8641585295807007,0.33228029867892017,0.03805496828752643,0.9844425237683665,0.3785310734463277,0.9069767441860465,7.546360917248255,0.981457468879668,0.16450022411474674,0.04904632152588556
repository_disjoint,logistic_all_features,25652,4462,3482,outcome_downstream_workload_log,outcome_downstream_workload_raw,0.8,1.791759469228055,0.7644283975055994,0.5406955935065365,"feature_title_chars,feature_body_chars,feature_title_mentions_test,feature_body_mentions_test,feature_body_mentions_fix,feature_repo_stars,feature_task_type_confidence,feature_initial_detail_changed_files,feature_initial_detail_additions,feature_initial_detail_deletions,feature_initial_detail_churn,feature_initial_detail_added_files,feature_initial_detail_modified_files,feature_initial_detail_removed_files,feature_initial_detail_test_files,agent,repo_language,feature_task_type",calibration_risk_budget,0.1,0.3569324379046899,0.315329448677723,0.684670551322277,0.3922008068130883,0.09950248756218906,0.92,0.5270049099836334,1.6922530206112296,8.914238952536826,0.9195988383872493,0.31275129236071225,0.6872487076392878,0.33228029867892017,0.07897153351698806,0.9256698357821953,0.44755536982866695,1.3746556473829201,9.042624320936063,0.935295643153527,0.315329448677723,0.09950248756218906
repository_disjoint,logistic_all_features,25652,4462,3482,outcome_downstream_workload_log,outcome_downstream_workload_raw,0.8,1.791759469228055,0.7644283975055994,0.5406955935065365,"feature_title_chars,feature_body_chars,feature_title_mentions_test,feature_body_mentions_test,feature_body_mentions_fix,feature_repo_stars,feature_task_type_confidence,feature_initial_detail_changed_files,feature_initial_detail_additions,feature_initial_detail_deletions,feature_initial_detail_churn,feature_initial_detail_added_files,feature_initial_detail_modified_files,feature_initial_detail_removed_files,feature_initial_detail_test_files,agent,repo_language,feature_task_type",calibration_risk_budget,0.15,0.6273521298131114,0.43702375616315553,0.5629762438368444,0.3922008068130883,0.14974358974358976,0.8331428571428572,0.5804140127388535,2.486666666666667,9.858678343949045,0.8362598770851625,0.5060310166570936,0.4939689833429064,0.33228029867892017,0.14642451759364358,0.777009507346586,0.5226744186046511,2.713393870601589,10.671511627906977,0.7933523513139695,0.43702375616315553,0.14974358974358976
repository_disjoint,selective_uncertainty_only,25652,4462,3482,outcome_downstream_workload_log,outcome_downstream_workload_raw,0.8,1.791759469228055,0.37600784379327334,0.2755929748998343,"feature_title_chars,feature_body_chars,feature_title_mentions_test,feature_body_mentions_test,feature_body_mentions_fix,feature_repo_stars,feature_task_type_confidence,feature_initial_detail_changed_files,feature_initial_detail_additions,feature_initial_detail_deletions,feature_initial_detail_churn,feature_initial_detail_added_files,feature_initial_detail_modified_files,feature_initial_detail_removed_files,feature_initial_detail_test_files,agent,repo_language,feature_task_type;score=prediction_uncertainty_only",fixed_acceptance,0.2,0.2214014210050411,0.2001344688480502,0.7998655311519498,0.3922008068130883,0.6013437849944009,0.6931428571428572,0.3398711123564023,10.553191489361701,5.657046791818437,0.6817721348011075,0.19327972429638138,0.8067202757036186,0.33228029867892017,0.512630014858841,0.7018150388936906,0.2890708437166251,10.679049034175334,5.677821288714845,0.6893585753803596,,
repository_disjoint,selective_uncertainty_only,25652,4462,3482,outcome_downstream_workload_log,outcome_downstream_workload_raw,0.8,1.791759469228055,0.37600784379327334,0.2755929748998343,"feature_title_chars,feature_body_chars,feature_title_mentions_test,feature_body_mentions_test,feature_body_mentions_fix,feature_repo_stars,feature_task_type_confidence,feature_initial_detail_changed_files,feature_initial_detail_additions,feature_initial_detail_deletions,feature_initial_detail_churn,feature_initial_detail_added_files,feature_initial_detail_modified_files,feature_initial_detail_removed_files,feature_initial_detail_test_files,agent,repo_language,feature_task_type;score=prediction_uncertainty_only",fixed_acceptance,0.4,0.3003736419327695,0.40004482294935007,0.5999551770506499,0.3922008068130883,0.47507002801120446,0.5154285714285715,0.3369443406798655,8.069467787114846,5.681733283526335,0.5136084284460053,0.32912119471568063,0.6708788052843193,0.33228029867892017,0.4781849912739965,0.526361279170268,0.2607020547945205,9.953752181500873,5.020976027397261,0.5069588520055325,,
repository_disjoint,selective_uncertainty_only,25652,4462,3482,outcome_downstream_workload_log,outcome_downstream_workload_raw,0.8,1.791759469228055,0.37600784379327334,0.2755929748998343,"feature_title_chars,feature_body_chars,feature_title_mentions_test,feature_body_mentions_test,feature_body_mentions_fix,feature_repo_stars,feature_task_type_confidence,feature_initial_detail_changed_files,feature_initial_detail_additions,feature_initial_detail_deletions,feature_initial_detail_churn,feature_initial_detail_added_files,feature_initial_detail_modified_files,feature_initial_detail_removed_files,feature_initial_detail_test_files,agent,repo_language,feature_task_type;score=prediction_uncertainty_only",fixed_acceptance,0.6,0.4293532883721766,0.5999551770506499,0.40004482294935007,0.3922008068130883,0.45461337317893163,0.30457142857142855,0.29859943977591036,7.658573029510646,5.104761904761904,0.3076923076923077,0.5189546237794371,0.48104537622056287,0.33228029867892017,0.4200332042058661,0.3439930855661193,0.23761194029850746,8.790260099612617,4.32955223880597,0.3134508990318119,,
repository_disjoint,selective_uncertainty_only,25652,4462,3482,outcome_downstream_workload_log,outcome_downstream_workload_raw,0.8,1.791759469228055,0.37600784379327334,0.2755929748998343,"feature_title_chars,feature_body_chars,feature_title_mentions_test,feature_body_mentions_test,feature_body_mentions_fix,feature_repo_stars,feature_task_type_confidence,feature_initial_detail_changed_files,feature_initial_detail_additions,feature_initial_detail_deletions,feature_initial_detail_churn,feature_initial_detail_added_files,feature_initial_detail_modified_files,feature_initial_detail_removed_files,feature_initial_detail_test_files,agent,repo_language,feature_task_type;score=prediction_uncertainty_only",fixed_acceptance,0.8,0.6338176921566481,0.7998655311519498,0.2001344688480502,0.3922008068130883,0.419445222751471,0.14457142857142857,0.28331466965285557,7.115718688708322,4.723404255319149,0.1424326332140204,0.7415278575531303,0.2584721424468696,0.33228029867892017,0.35863671572424477,0.1996542783059637,0.25666666666666665,7.266072811773819,4.861111111111111,0.18909923928077454,,
repository_disjoint,selective_uncertainty_only,25652,4462,3482,outcome_downstream_workload_log,outcome_downstream_workload_raw,0.8,1.791759469228055,0.37600784379327334,0.2755929748998343,"feature_title_chars,feature_body_chars,feature_title_mentions_test,feature_body_mentions_test,feature_body_mentions_fix,feature_repo_stars,feature_task_type_confidence,feature_initial_detail_changed_files,feature_initial_detail_additions,feature_initial_detail_deletions,feature_initial_detail_churn,feature_initial_detail_added_files,feature_initial_detail_modified_files,feature_initial_detail_removed_files,feature_initial_detail_test_files,agent,repo_language,feature_task_type;score=prediction_uncertainty_only",calibration_risk_budget,0.05,8.113411244181634e-05,0.00044822949350067237,0.9995517705064993,0.3922008068130883,0.0,1.0,0.3923766816143498,2.5,6.638789237668162,0.9998311609373944,0.0002871912693854107,0.9997128087306146,0.33228029867892017,1.0,0.9991356957649092,0.33208848032174665,16.0,6.6417696064349325,0.9993084370677732,0.00044822949350067237,0.0
repository_disjoint,selective_uncertainty_only,25652,4462,3482,outcome_downstream_workload_log,outcome_downstream_workload_raw,0.8,1.791759469228055,0.37600784379327334,0.2755929748998343,"feature_title_chars,feature_body_chars,feature_title_mentions_test,feature_body_mentions_test,feature_body_mentions_fix,feature_repo_stars,feature_task_type_confidence,feature_initial_detail_changed_files,feature_initial_detail_additions,feature_initial_detail_deletions,feature_initial_detail_churn,feature_initial_detail_added_files,feature_initial_detail_modified_files,feature_initial_detail_removed_files,feature_initial_detail_test_files,agent,repo_language,feature_task_type;score=prediction_uncertainty_only",calibration_risk_budget,0.1,8.113411244181634e-05,0.00044822949350067237,0.9995517705064993,0.3922008068130883,0.0,1.0,0.3923766816143498,2.5,6.638789237668162,0.9998311609373944,0.0002871912693854107,0.9997128087306146,0.33228029867892017,1.0,0.9991356957649092,0.33208848032174665,16.0,6.6417696064349325,0.9993084370677732,0.00044822949350067237,0.0
repository_disjoint,selective_uncertainty_only,25652,4462,3482,outcome_downstream_workload_log,outcome_downstream_workload_raw,0.8,1.791759469228055,0.37600784379327334,0.2755929748998343,"feature_title_chars,feature_body_chars,feature_title_mentions_test,feature_body_mentions_test,feature_body_mentions_fix,feature_repo_stars,feature_task_type_confidence,feature_initial_detail_changed_files,feature_initial_detail_additions,feature_initial_detail_deletions,feature_initial_detail_churn,feature_initial_detail_added_files,feature_initial_detail_modified_files,feature_initial_detail_removed_files,feature_initial_detail_test_files,agent,repo_language,feature_task_type;score=prediction_uncertainty_only",calibration_risk_budget,0.15,8.113411244181634e-05,0.00044822949350067237,0.9995517705064993,0.3922008068130883,0.0,1.0,0.3923766816143498,2.5,6.638789237668162,0.9998311609373944,0.0002871912693854107,0.9997128087306146,0.33228029867892017,1.0,0.9991356957649092,0.33208848032174665,16.0,6.6417696064349325,0.9993084370677732,0.00044822949350067237,0.0
repository_disjoint,cost_sensitive_workload_logistic,25652,4462,3482,outcome_downstream_workload_log,outcome_downstream_workload_raw,0.8,1.791759469228055,0.7652774602466521,0.5406958341530111,"feature_title_chars,feature_body_chars,feature_title_mentions_test,feature_body_mentions_test,feature_body_mentions_fix,feature_repo_stars,feature_task_type_confidence,feature_initial_detail_changed_files,feature_initial_detail_additions,feature_initial_detail_deletions,feature_initial_detail_churn,feature_initial_detail_added_files,feature_initial_detail_modified_files,feature_initial_detail_removed_files,feature_initial_detail_test_files,agent,repo_language,feature_task_type;positive_sample_weight=1+clipped_log_workload_q75",fixed_acceptance,0.2,0.25026352429708776,0.2001344688480502,0.7998655311519498,0.3922008068130883,0.06494960806270997,0.9668571428571429,0.47408237601569064,1.148936170212766,8.010086859064163,0.9653542243533464,0.19471568064330844,0.8052843193566915,0.33228029867892017,0.04129793510324484,0.975799481417459,0.40263908701854495,0.8864306784660767,8.036733238231099,0.9740231673582296,,
repository_disjoint,cost_sensitive_workload_logistic,25652,4462,3482,outcome_downstream_workload_log,outcome_downstream_workload_raw,0.8,1.791759469228055,0.7652774602466521,0.5406958341530111,"feature_title_chars,feature_body_chars,feature_title_mentions_test,feature_body_mentions_test,feature_body_mentions_fix,feature_repo_stars,feature_task_type_confidence,feature_initial_detail_changed_files,feature_initial_detail_additions,feature_initial_detail_deletions,feature_initial_detail_churn,feature_initial_detail_added_files,feature_initial_detail_modified_files,feature_initial_detail_removed_files,feature_initial_detail_test_files,agent,repo_language,feature_task_type;positive_sample_weight=1+clipped_log_workload_q75",fixed_acceptance,0.4,0.5027202132397561,0.40004482294935007,0.5999551770506499,0.3922008068130883,0.13389355742296918,0.8634285714285714,0.5644378035113934,2.2140056022408965,9.586103847590586,0.8665496049165935,0.44055140723721997,0.55944859276278,0.33228029867892017,0.10365058670143416,0.8625756266205704,0.5123203285420944,1.9185136897001305,10.366016427104723,0.872795643153527,,
repository_disjoint,cost_sensitive_workload_logistic,25652,4462,3482,outcome_downstream_workload_log,outcome_downstream_workload_raw,0.8,1.791759469228055,0.7652774602466521,0.5406958341530111,"feature_title_chars,feature_body_chars,feature_title_mentions_test,feature_body_mentions_test,feature_body_mentions_fix,feature_repo_stars,feature_task_type_confidence,feature_initial_detail_changed_files,feature_initial_detail_additions,feature_initial_detail_deletions,feature_initial_detail_churn,feature_initial_detail_added_files,feature_initial_detail_modified_files,feature_initial_detail_removed_files,feature_initial_detail_test_files,agent,repo_language,feature_task_type;positive_sample_weight=1+clipped_log_workload_q75",fixed_acceptance,0.6,0.8037152817012239,0.5999551770506499,0.40004482294935007,0.3922008068130883,0.23870003735524842,0.6348571428571429,0.6224089635854342,4.038849458348898,10.533333333333333,0.634902411021814,0.6395749569213096,0.3604250430786904,0.33228029867892017,0.20341266277503367,0.6084701815038893,0.5609561752988048,3.753480017961383,11.774501992031873,0.6387015905947441,,
repository_disjoint,cost_sensitive_workload_logistic,25652,4462,3482,outcome_downstream_workload_log,outcome_downstream_workload_raw,0.8,1.791759469228055,0.7652774602466521,0.5406958341530111,"feature_title_chars,feature_body_chars,feature_title_mentions_test,feature_body_mentions_test,feature_body_mentions_fix,feature_repo_stars,feature_task_type_confidence,feature_initial_detail_changed_files,feature_initial_detail_additions,feature_initial_detail_deletions,feature_initial_detail_churn,feature_initial_detail_added_files,feature_initial_detail_modified_files,feature_initial_detail_removed_files,feature_initial_detail_test_files,agent,repo_language,feature_task_type;positive_sample_weight=1+clipped_log_workload_q75",fixed_acceptance,0.8,0.8814720923779675,0.7998655311519498,0.2001344688480502,0.3922008068130883,0.327822919585318,0.3314285714285714,0.6494960806270996,5.4525077052395625,11.370660694288913,0.34287836833929897,0.7946582423894314,0.20534175761056864,0.33228029867892017,0.2735814962052765,0.34572169403630076,0.5594405594405595,5.306830502349115,11.82097902097902,0.3653181189488243,,
repository_disjoint,cost_sensitive_workload_logistic,25652,4462,3482,outcome_downstream_workload_log,outcome_downstream_workload_raw,0.8,1.791759469228055,0.7652774602466521,0.5406958341530111,"feature_title_chars,feature_body_chars,feature_title_mentions_test,feature_body_mentions_test,feature_body_mentions_fix,feature_repo_stars,feature_task_type_confidence,feature_initial_detail_changed_files,feature_initial_detail_additions,feature_initial_detail_deletions,feature_initial_detail_churn,feature_initial_detail_added_files,feature_initial_detail_modified_files,feature_initial_detail_removed_files,feature_initial_detail_test_files,agent,repo_language,feature_task_type;positive_sample_weight=1+clipped_log_workload_q75",calibration_risk_budget,0.05,0.204587954315334,0.1636037651277454,0.8363962348722546,0.3922008068130883,0.049315068493150684,0.9794285714285714,0.4592711682743837,0.8835616438356164,7.762325830653805,0.9782197609238874,0.13239517518667432,0.8676048248133257,0.33228029867892017,0.0368763557483731,0.9853068280034573,0.37735849056603776,0.8633405639913232,7.5266468056934785,0.9827973720608575,0.1636037651277454,0.049315068493150684
repository_disjoint,cost_sensitive_workload_logistic,25652,4462,3482,outcome_downstream_workload_log,outcome_downstream_workload_raw,0.8,1.791759469228055,0.7652774602466521,0.5406958341530111,"feature_title_chars,feature_body_chars,feature_title_mentions_test,feature_body_mentions_test,feature_body_mentions_fix,feature_repo_stars,feature_task_type_confidence,feature_initial_detail_changed_files,feature_initial_detail_additions,feature_initial_detail_deletions,feature_initial_detail_churn,feature_initial_detail_added_files,feature_initial_detail_modified_files,feature_initial_detail_removed_files,feature_initial_detail_test_files,agent,repo_language,feature_task_type;positive_sample_weight=1+clipped_log_workload_q75",calibration_risk_budget,0.1,0.3421310777642855,0.3117436127297176,0.6882563872702824,0.3922008068130883,0.09992810927390366,0.9205714285714286,0.524584825789645,1.685118619698059,8.879843699120807,0.9208482474505302,0.3038483630097645,0.6961516369902355,0.33228029867892017,0.07655954631379962,0.9299913569576491,0.4438943894389439,1.330812854442344,8.963696369636963,0.9391424619640387,0.3117436127297176,0.09992810927390366
repository_disjoint,cost_sensitive_workload_logistic,25652,4462,3482,outcome_downstream_workload_log,outcome_downstream_workload_raw,0.8,1.791759469228055,0.7652774602466521,0.5406958341530111,"feature_title_chars,feature_body_chars,feature_title_mentions_test,feature_body_mentions_test,feature_body_mentions_fix,feature_repo_stars,feature_task_type_confidence,feature_initial_detail_changed_files,feature_initial_detail_additions,feature_initial_detail_deletions,feature_initial_detail_churn,feature_initial_detail_added_files,feature_initial_detail_modified_files,feature_initial_detail_removed_files,feature_initial_detail_test_files,agent,repo_language,feature_task_type;positive_sample_weight=1+clipped_log_workload_q75",calibration_risk_budget,0.15,0.6372780916600825,0.4424025100851636,0.5575974899148364,0.3922008068130883,0.14994934143870314,0.8308571428571428,0.5844051446945338,2.4731509625126646,9.940514469453376,0.835145539271966,0.5083285468121769,0.49167145318782307,0.33228029867892017,0.14576271186440679,0.777009507346586,0.5251168224299065,2.67909604519774,10.744158878504672,0.7950380359612724,0.4424025100851636,0.14994934143870314
repository_disjoint,logistic_no_agent,25652,4462,3482,outcome_downstream_workload_log,outcome_downstream_workload_raw,0.8,1.791759469228055,0.7257741099060417,0.5169513881756292,"feature_title_chars,feature_body_chars,feature_title_mentions_test,feature_body_mentions_test,feature_body_mentions_fix,feature_repo_stars,feature_task_type_confidence,feature_initial_detail_changed_files,feature_initial_detail_additions,feature_initial_detail_deletions,feature_initial_detail_churn,feature_initial_detail_added_files,feature_initial_detail_modified_files,feature_initial_detail_removed_files,feature_initial_detail_test_files,repo_language,feature_task_type",fixed_acceptance,0.2,0.3147030801031905,0.2001344688480502,0.7998655311519498,0.3922008068130883,0.0761478163493841,0.9611428571428572,0.47128047072008966,1.263157894736842,7.981507425049033,0.9619099074761936,0.2176909821941413,0.7823090178058587,0.33228029867892017,0.10290237467018469,0.9325842696629213,0.39610866372980913,1.8390501319261214,7.981644640234949,0.9397475795297372,,
repository_disjoint,logistic_no_agent,25652,4462,3482,outcome_downstream_workload_log,outcome_downstream_workload_raw,0.8,1.791759469228055,0.7257741099060417,0.5169513881756292,"feature_title_chars,feature_body_chars,feature_title_mentions_test,feature_body_mentions_test,feature_body_mentions_fix,feature_repo_stars,feature_task_type_confidence,feature_initial_detail_changed_files,feature_initial_detail_additions,feature_initial_detail_deletions,feature_initial_detail_churn,feature_initial_detail_added_files,feature_initial_detail_modified_files,feature_initial_detail_removed_files,feature_initial_detail_test_files,repo_language,feature_task_type",fixed_acceptance,0.4,0.5327111846510721,0.40004482294935007,0.5999551770506499,0.3922008068130883,0.15742296918767507,0.8394285714285714,0.5487485991781845,2.6285714285714286,9.309675009338813,0.8415614236509759,0.43624353819643885,0.5637564618035612,0.33228029867892017,0.15734035549703754,0.7934312878133103,0.467651553744269,2.858459512837393,9.574121242995416,0.8123271092669433,,
repository_disjoint,logistic_no_agent,25652,4462,3482,outcome_downstream_workload_log,outcome_downstream_workload_raw,0.8,1.791759469228055,0.7257741099060417,0.5169513881756292,"feature_title_chars,feature_body_chars,feature_title_mentions_test,feature_body_mentions_test,feature_body_mentions_fix,feature_repo_stars,feature_task_type_confidence,feature_initial_detail_changed_files,feature_initial_detail_additions,feature_initial_detail_deletions,feature_initial_detail_churn,feature_initial_detail_added_files,feature_initial_detail_modified_files,feature_initial_detail_removed_files,feature_initial_detail_test_files,repo_language,feature_task_type",fixed_acceptance,0.6,0.7305971447330144,0.5999551770506499,0.40004482294935007,0.3922008068130883,0.2514008218154651,0.6154285714285714,0.6033613445378151,4.11057153530071,10.42577030812325,0.6284189910177619,0.6536473291211947,0.3463526708788053,0.33228029867892017,0.22407732864674867,0.5592048401037165,0.5364842454394693,4.337873462214411,10.997512437810945,0.57326244813278,,
repository_disjoint,logistic_no_agent,25652,4462,3482,outcome_downstream_workload_log,outcome_downstream_workload_raw,0.8,1.791759469228055,0.7257741099060417,0.5169513881756292,"feature_title_chars,feature_body_chars,feature_title_mentions_test,feature_body_mentions_test,feature_body_mentions_fix,feature_repo_stars,feature_task_type_confidence,feature_initial_detail_changed_files,feature_initial_detail_additions,feature_initial_detail_deletions,feature_initial_detail_churn,feature_initial_detail_added_files,feature_initial_detail_modified_files,feature_initial_detail_removed_files,feature_initial_detail_test_files,repo_language,feature_task_type",fixed_acceptance,0.8,0.8674745450122531,0.7998655311519498,0.2001344688480502,0.3922008068130883,0.33314653964695995,0.32057142857142856,0.6282194848824189,5.497338189969179,11.191489361702128,0.3374755183359222,0.8371625502584722,0.16283744974152786,0.33228029867892017,0.2878216123499142,0.2748487467588591,0.5608465608465608,5.617495711835335,11.92416225749559,0.292228561549101,,
repository_disjoint,logistic_no_agent,25652,4462,3482,outcome_downstream_workload_log,outcome_downstream_workload_raw,0.8,1.791759469228055,0.7257741099060417,0.5169513881756292,"feature_title_chars,feature_body_chars,feature_title_mentions_test,feature_body_mentions_test,feature_body_mentions_fix,feature_repo_stars,feature_task_type_confidence,feature_initial_detail_changed_files,feature_initial_detail_additions,feature_initial_detail_deletions,feature_initial_detail_churn,feature_initial_detail_added_files,feature_initial_detail_modified_files,feature_initial_detail_removed_files,feature_initial_detail_test_files,repo_language,feature_task_type",calibration_risk_budget,0.05,0.2079272575462651,0.11743612729717616,0.8825638727028239,0.3922008068130883,0.04961832061068702,0.9851428571428571,0.4377856780091417,0.8816793893129771,7.40274250888776,0.9843992706152496,0.09592188397472717,0.9040781160252729,0.33228029867892017,0.08982035928143713,0.9740708729472775,0.358005082592122,1.4820359281437125,7.1921855146124525,0.9786047717842323,0.11743612729717616,0.04961832061068702
repository_disjoint,logistic_no_agent,25652,4462,3482,outcome_downstream_workload_log,outcome_downstream_workload_raw,0.8,1.791759469228055,0.7257741099060417,0.5169513881756292,"feature_title_chars,feature_body_chars,feature_title_mentions_test,feature_body_mentions_test,feature_body_mentions_fix,feature_repo_stars,feature_task_type_confidence,feature_initial_detail_changed_files,feature_initial_detail_additions,feature_initial_detail_deletions,feature_initial_detail_churn,feature_initial_detail_added_files,feature_initial_detail_modified_files,feature_initial_detail_removed_files,feature_initial_detail_test_files,repo_language,feature_task_type",calibration_risk_budget,0.1,0.37103607153751744,0.25549081129538326,0.7445091887046168,0.3922008068130883,0.1,0.9348571428571428,0.49247441300421435,1.6368421052631579,8.352799518362433,0.9369892618356183,0.2725445146467547,0.7274554853532452,0.33228029867892017,0.10748155953635406,0.9118409680207433,0.416502171338334,1.9072708113804004,8.419265692854323,0.9217669432918395,0.25549081129538326,0.1
repository_disjoint,logistic_no_agent,25652,4462,3482,outcome_downstream_workload_log,outcome_downstream_workload_raw,0.8,1.791759469228055,0.7257741099060417,0.5169513881756292,"feature_title_chars,feature_body_chars,feature_title_mentions_test,feature_body_mentions_test,feature_body_mentions_fix,feature_repo_stars,feature_task_type_confidence,feature_initial_detail_changed_files,feature_initial_detail_additions,feature_initial_detail_deletions,feature_initial_detail_churn,feature_initial_detail_added_files,feature_initial_detail_modified_files,feature_initial_detail_removed_files,feature_initial_detail_test_files,repo_language,feature_task_type",calibration_risk_budget,0.15,0.5048178130670488,0.37651277454056475,0.6234872254594352,0.3922008068130883,0.15,0.856,0.5384615384615384,2.5339285714285715,9.114665708123653,0.8562504220976566,0.4115450890292935,0.5884549109707065,0.33228029867892017,0.14863921842288905,0.8159031979256698,0.46071254270375794,2.7236566643405444,9.386530014641288,0.8313018672199171,0.37651277454056475,0.15
repository_disjoint,categorical_prior,25652,4462,3482,outcome_downstream_workload_log,outcome_downstream_workload_raw,0.8,1.791759469228055,0.7488237098168232,0.534004797586424,"agent,feature_task_type,repo_language",fixed_acceptance,0.2,0.2032348043712088,0.20237561631555356,0.7976243836844464,0.3922008068130883,0.10077519379844961,0.948,0.4661421747681933,1.7021040974529347,7.889013767912335,0.9480988721550618,0.2659391154508903,0.7340608845491097,0.33228029867892017,0.10475161987041037,0.916162489196197,0.41471048513302033,1.970842332613391,8.337636932707355,0.9211186030428768,,
repository_disjoint,categorical_prior,25652,4462,3482,outcome_downstream_workload_log,outcome_downstream_workload_raw,0.8,1.791759469228055,0.7488237098168232,0.534004797586424,"agent,feature_task_type,repo_language",fixed_acceptance,0.4,0.26087002357614386,0.4002689376961004,0.5997310623038996,0.3922008068130883,0.14501679731243,0.852,0.5571748878923767,2.436730123180291,9.440209267563528,0.8530424799081515,0.4649626651349799,0.5350373348650201,0.33228029867892017,0.12415071031500927,0.8262748487467588,0.5131508319914116,2.2526250772081533,10.461084272678475,0.8423668741355463,,
repository_disjoint,categorical_prior,25652,4462,3482,outcome_downstream_workload_log,outcome_downstream_workload_raw,0.8,1.791759469228055,0.7488237098168232,0.534004797586424,"agent,feature_task_type,repo_language",fixed_acceptance,0.6,0.3514928873300953,0.5999551770506499,0.40004482294935007,0.3922008068130883,0.25737766156144937,0.6062857142857143,0.5943977591036415,4.765409039970116,9.443697478991597,0.569224015668265,0.6499138426191844,0.3500861573808156,0.33228029867892017,0.21254971277065843,0.5842696629213483,0.5545529122231337,4.080866106937694,11.403609515996719,0.600838520055325,,
repository_disjoint,categorical_prior,25652,4462,3482,outcome_downstream_workload_log,outcome_downstream_workload_raw,0.8,1.791759469228055,0.7488237098168232,0.534004797586424,"agent,feature_task_type,repo_language",fixed_acceptance,0.8,0.4093521991925615,0.8050201703272075,0.19497982967279248,0.3922008068130883,0.35439866369710465,0.2725714285714286,0.5482758620689655,6.3034521158129175,8.013793103448275,0.23542918889714323,0.8268236645605973,0.17317633543940264,0.33228029867892017,0.2872525182354984,0.28522039757994816,0.5472636815920398,5.499826328586314,12.109452736318408,0.31561203319502074,,
repository_disjoint,categorical_prior,25652,4462,3482,outcome_downstream_workload_log,outcome_downstream_workload_raw,0.8,1.791759469228055,0.7488237098168232,0.534004797586424,"agent,feature_task_type,repo_language",calibration_risk_budget,0.05,0.1385937067311496,0.12729717615419095,0.8727028238458091,0.3922008068130883,0.07042253521126761,0.9771428571428571,0.4391371340523883,1.2183098591549295,7.427324088341037,0.9766326737353954,0.11171740379092475,0.8882825962090752,0.33228029867892017,0.07197943444730077,0.975799481417459,0.36501778208858715,1.6169665809768639,7.2767539605560945,0.9728129322268326,0.11541909457642313,0.04854368932038835
repository_disjoint,categorical_prior,25652,4462,3482,outcome_downstream_workload_log,outcome_downstream_workload_raw,0.8,1.791759469228055,0.7488237098168232,0.534004797586424,"agent,feature_task_type,repo_language",calibration_risk_budget,0.1,0.20567418657045378,0.20775437023756163,0.7922456297624384,0.3922008068130883,0.104638619201726,0.9445714285714286,0.4676096181046676,1.7766990291262137,7.911456859971712,0.9443844127777402,0.30499712808730617,0.6950028719126938,0.33228029867892017,0.09416195856873823,0.9135695764909249,0.43677685950413225,1.783427495291902,8.777685950413224,0.9181362378976486,0.20618556701030927,0.1
repository_disjoint,categorical_prior,25652,4462,3482,outcome_downstream_workload_log,outcome_downstream_workload_raw,0.8,1.791759469228055,0.7488237098168232,0.534004797586424,"agent,feature_task_type,repo_language",calibration_risk_budget,0.15,0.27925523392856905,0.43724787090990586,0.5627521290900941,0.3922008068130883,0.15120451050743208,0.8314285714285714,0.5794504181600956,2.5791901588928754,9.789725209080048,0.8300803673938002,0.5057438253877082,0.49425617461229177,0.33228029867892017,0.14877910278250994,0.773552290406223,0.5200464846019756,2.8137421919363996,10.56420685647879,0.7858316044260027,0.43635141192290455,0.14997431946584489
repository_disjoint,simple_text_threshold,25652,4462,3482,outcome_downstream_workload_log,outcome_downstream_workload_raw,0.8,1.791759469228055,0.660309104933969,0.4977802141981341,"feature_title_chars,feature_body_chars,feature_title_mentions_test,feature_body_mentions_test,feature_body_mentions_fix",fixed_acceptance,0.2,-2.4244211182312267,0.2001344688480502,0.7998655311519498,0.3922008068130883,0.22396416573348266,0.8857142857142857,0.43429532081815636,3.360582306830907,7.456710563182964,0.8986627946241642,0.18179207352096496,0.8182079264790351,0.33228029867892017,0.22274881516587677,0.878133102852204,0.3566163566163566,4.1469194312796205,7.199368199368199,0.8865404564315352,,
repository_disjoint,simple_text_threshold,25652,4462,3482,outcome_downstream_workload_log,outcome_downstream_workload_raw,0.8,1.791759469228055,0.660309104933969,0.4977802141981341,"feature_title_chars,feature_body_chars,feature_title_mentions_test,feature_body_mentions_test,feature_body_mentions_fix",fixed_acceptance,0.4,-1.117276209234566,0.40004482294935007,0.5999551770506499,0.3922008068130883,0.2504201680672269,0.7445714285714286,0.48673888681359734,3.7781512605042016,8.543145311916325,0.7722698723576686,0.36703044227455484,0.6329695577254452,0.33228029867892017,0.21987480438184664,0.7571305099394987,0.397459165154265,3.900625978090767,8.235480943738658,0.7845349239280774,,
repository_disjoint,simple_text_threshold,25652,4462,3482,outcome_downstream_workload_log,outcome_downstream_workload_raw,0.8,1.791759469228055,0.660309104933969,0.4977802141981341,"feature_title_chars,feature_body_chars,feature_title_mentions_test,feature_body_mentions_test,feature_body_mentions_fix",fixed_acceptance,0.6,0.552738757948397,0.5999551770506499,0.40004482294935007,0.3922008068130883,0.2745610758311543,0.58,0.5686274509803921,4.184534927157266,10.31484593837535,0.6217329641385831,0.5962090752441126,0.4037909247558874,0.33228029867892017,0.23699421965317918,0.57476231633535,0.47297297297297297,4.181599229287091,10.280938833570412,0.6247838865836791,,
repository_disjoint,simple_text_threshold,25652,4462,3482,outcome_downstream_workload_log,outcome_downstream_workload_raw,0.8,1.791759469228055,0.660309104933969,0.4977802141981341,"feature_title_chars,feature_body_chars,feature_title_mentions_test,feature_body_mentions_test,feature_body_mentions_fix",fixed_acceptance,0.8,2.9322844921593845,0.7998655311519498,0.2001344688480502,0.3922008068130883,0.33062482488091904,0.32571428571428573,0.6382978723404256,5.294480246567666,12.002239641657335,0.36192341460120214,0.8141872487076393,0.18581275129236072,0.33228029867892017,0.27548500881834215,0.32497839239412274,0.5811437403400309,5.154497354497354,13.173106646058732,0.36838692946058094,,
repository_disjoint,simple_text_threshold,25652,4462,3482,outcome_downstream_workload_log,outcome_downstream_workload_raw,0.8,1.791759469228055,0.660309104933969,0.4977802141981341,"feature_title_chars,feature_body_chars,feature_title_mentions_test,feature_body_mentions_test,feature_body_mentions_fix",calibration_risk_budget,0.05,-4.875792715604515,0.0006723442402510085,0.999327655759749,0.3922008068130883,0.0,1.0,0.3924646781789639,1.3333333333333333,6.640502354788069,0.9998649287499156,0.0008615738081562321,0.9991384261918438,0.33228029867892017,0.0,1.0,0.3325668295487209,0.0,6.650186835297499,1.0,0.0006723442402510085,0.0
repository_disjoint,simple_text_threshold,25652,4462,3482,outcome_downstream_workload_log,outcome_downstream_workload_raw,0.8,1.791759469228055,0.660309104933969,0.4977802141981341,"feature_title_chars,feature_body_chars,feature_title_mentions_test,feature_body_mentions_test,feature_body_mentions_fix",calibration_risk_budget,0.1,-4.875792715604515,0.0006723442402510085,0.999327655759749,0.3922008068130883,0.0,1.0,0.3924646781789639,1.3333333333333333,6.640502354788069,0.9998649287499156,0.0008615738081562321,0.9991384261918438,0.33228029867892017,0.0,1.0,0.3325668295487209,0.0,6.650186835297499,1.0,0.0006723442402510085,0.0
repository_disjoint,simple_text_threshold,25652,4462,3482,outcome_downstream_workload_log,outcome_downstream_workload_raw,0.8,1.791759469228055,0.660309104933969,0.4977802141981341,"feature_title_chars,feature_body_chars,feature_title_mentions_test,feature_body_mentions_test,feature_body_mentions_fix",calibration_risk_budget,0.15,-4.875792715604515,0.0006723442402510085,0.999327655759749,0.3922008068130883,0.0,1.0,0.3924646781789639,1.3333333333333333,6.640502354788069,0.9998649287499156,0.0008615738081562321,0.9991384261918438,0.33228029867892017,0.0,1.0,0.3325668295487209,0.0,6.650186835297499,1.0,0.0006723442402510085,0.0
