split,train_rows,calibration_rows,test_rows,target,workload,high_workload_quantile,high_workload_threshold,test_auc,test_average_precision,test_brier,features,selector,selector_value,score_threshold,calibration_acceptance_rate,calibration_abstention_rate,calibration_high_workload_rate,calibration_accepted_high_workload_rate,calibration_high_workload_recall_by_abstention,calibration_abstention_precision_for_high_workload,calibration_mean_workload_accepted,calibration_mean_workload_abstained,calibration_workload_share_abstained,test_acceptance_rate,test_abstention_rate,test_high_workload_rate,test_accepted_high_workload_rate,test_high_workload_recall_by_abstention,test_abstention_precision_for_high_workload,test_mean_workload_accepted,test_mean_workload_abstained,test_workload_share_abstained,calibrated_acceptance_target,calibrated_accepted_high_rate
temporal,20157,6719,6720,outcome_downstream_workload_log,outcome_downstream_workload_raw,0.8,2.0794415416798357,0.8995792989798805,0.49320019774409574,0.11898227426162053,"feature_title_chars,feature_body_chars,feature_title_mentions_test,feature_body_mentions_test,feature_body_mentions_fix,feature_repo_stars,feature_task_type_confidence,feature_initial_detail_changed_files,feature_initial_detail_additions,feature_initial_detail_deletions,feature_initial_detail_churn,feature_initial_detail_added_files,feature_initial_detail_modified_files,feature_initial_detail_removed_files,feature_initial_detail_test_files,agent,repo_language,feature_task_type",fixed_acceptance,0.2,0.09899261326094334,0.20002976633427594,0.7999702336657241,0.169816937044203,0.001488095238095238,0.9982471516213848,0.21190697674418604,0.09226190476190477,5.184186046511628,0.9955696880917503,0.2586309523809524,0.7413690476190476,0.14151785714285714,0.0034522439585730723,0.9936908517350158,0.18968285828984344,0.09378596087456847,4.374949819349659,0.9925770754588096,,
temporal,20157,6719,6720,outcome_downstream_workload_log,outcome_downstream_workload_raw,0.8,2.0794415416798357,0.8995792989798805,0.49320019774409574,0.11898227426162053,"feature_title_chars,feature_body_chars,feature_title_mentions_test,feature_body_mentions_test,feature_body_mentions_fix,feature_repo_stars,feature_task_type_confidence,feature_initial_detail_changed_files,feature_initial_detail_additions,feature_initial_detail_deletions,feature_initial_detail_churn,feature_initial_detail_added_files,feature_initial_detail_modified_files,feature_initial_detail_removed_files,feature_initial_detail_test_files,agent,repo_language,feature_task_type",fixed_acceptance,0.4,0.128963143784732,0.4000595326685519,0.5999404673314481,0.169816937044203,0.0033482142857142855,0.9921121822962313,0.28082361696849417,0.14434523809523808,6.847184321508311,0.9861374111257994,0.5056547619047619,0.4943452380952381,0.14151785714285714,0.005002942907592701,0.982124079915878,0.2811559301625527,0.1353737492642731,6.471703792895846,0.9790518693929596,,
temporal,20157,6719,6720,outcome_downstream_workload_log,outcome_downstream_workload_raw,0.8,2.0794415416798357,0.8995792989798805,0.49320019774409574,0.11898227426162053,"feature_title_chars,feature_body_chars,feature_title_mentions_test,feature_body_mentions_test,feature_body_mentions_fix,feature_repo_stars,feature_task_type_confidence,feature_initial_detail_changed_files,feature_initial_detail_additions,feature_initial_detail_deletions,feature_initial_detail_churn,feature_initial_detail_added_files,feature_initial_detail_modified_files,feature_initial_detail_removed_files,feature_initial_detail_test_files,agent,repo_language,feature_task_type",fixed_acceptance,0.6,0.28817344482758117,0.5999404673314481,0.4000595326685519,0.169816937044203,0.017117340610270405,0.9395267309377738,0.39880952380952384,0.49317787149590675,9.672991071428571,0.9289720961806424,0.6955357142857143,0.3044642857142857,0.14151785714285714,0.014976465554129225,0.9263932702418507,0.4305962854349951,0.3951647411210954,9.82991202346041,0.9158887016712965,,
temporal,20157,6719,6720,outcome_downstream_workload_log,outcome_downstream_workload_raw,0.8,2.0794415416798357,0.8995792989798805,0.49320019774409574,0.11898227426162053,"feature_title_chars,feature_body_chars,feature_title_mentions_test,feature_body_mentions_test,feature_body_mentions_fix,feature_repo_stars,feature_task_type_confidence,feature_initial_detail_changed_files,feature_initial_detail_additions,feature_initial_detail_deletions,feature_initial_detail_churn,feature_initial_detail_added_files,feature_initial_detail_modified_files,feature_initial_detail_removed_files,feature_initial_detail_test_files,agent,repo_language,feature_task_type",fixed_acceptance,0.8,0.7413886438710803,0.7999702336657241,0.20002976633427594,0.169816937044203,0.08967441860465117,0.5775635407537248,0.49032738095238093,2.0593488372093023,12.589285714285714,0.6045232055450356,0.8233630952380953,0.17663690476190477,0.14151785714285714,0.06632929694559914,0.6140904311251314,0.4919966301600674,1.5302729080065065,11.366470092670598,0.6144177785873673,,
temporal,20157,6719,6720,outcome_downstream_workload_log,outcome_downstream_workload_raw,0.8,2.0794415416798357,0.8995792989798805,0.49320019774409574,0.11898227426162053,"feature_title_chars,feature_body_chars,feature_title_mentions_test,feature_body_mentions_test,feature_body_mentions_fix,feature_repo_stars,feature_task_type_confidence,feature_initial_detail_changed_files,feature_initial_detail_additions,feature_initial_detail_deletions,feature_initial_detail_churn,feature_initial_detail_added_files,feature_initial_detail_modified_files,feature_initial_detail_removed_files,feature_initial_detail_test_files,agent,repo_language,feature_task_type",calibration_risk_budget,0.05,0.575615855198611,0.6907277868730466,0.3092722131269534,0.169816937044203,0.0499892264598147,0.796669588080631,0.4374398460057748,1.1148459383753502,10.979307025986525,0.8151416627960985,0.7516369047619048,0.24836309523809524,0.14151785714285714,0.035240546426450206,0.8128286014721346,0.463151587777112,0.797465848346862,10.743559017375674,0.8165672389453071,0.6907277868730466,0.0499892264598147
temporal,20157,6719,6720,outcome_downstream_workload_log,outcome_downstream_workload_raw,0.8,2.0794415416798357,0.8995792989798805,0.49320019774409574,0.11898227426162053,"feature_title_chars,feature_body_chars,feature_title_mentions_test,feature_body_mentions_test,feature_body_mentions_fix,feature_repo_stars,feature_task_type_confidence,feature_initial_detail_changed_files,feature_initial_detail_additions,feature_initial_detail_deletions,feature_initial_detail_churn,feature_initial_detail_added_files,feature_initial_detail_modified_files,feature_initial_detail_removed_files,feature_initial_detail_test_files,agent,repo_language,feature_task_type",calibration_risk_budget,0.1,0.7691995051295595,0.8276529245423426,0.1723470754576574,0.169816937044203,0.09998201762272972,0.5127081507449606,0.5051813471502591,2.3668404963136127,12.803972366148532,0.529743827932402,0.8418154761904761,0.1581845238095238,0.14151785714285714,0.07406752695775146,0.5594111461619348,0.5004703668861712,1.692593247304225,11.650047036688617,0.563960107473018,0.8276529245423426,0.09998201762272972
temporal,20157,6719,6720,outcome_downstream_workload_log,outcome_downstream_workload_raw,0.8,2.0794415416798357,0.8995792989798805,0.49320019774409574,0.11898227426162053,"feature_title_chars,feature_body_chars,feature_title_mentions_test,feature_body_mentions_test,feature_body_mentions_fix,feature_repo_stars,feature_task_type_confidence,feature_initial_detail_changed_files,feature_initial_detail_additions,feature_initial_detail_deletions,feature_initial_detail_churn,feature_initial_detail_added_files,feature_initial_detail_modified_files,feature_initial_detail_removed_files,feature_initial_detail_test_files,agent,repo_language,feature_task_type",calibration_risk_budget,0.15,0.8857839156950617,0.9435927965471053,0.05640720345289477,0.169816937044203,0.15,0.16652059596844873,0.5013192612137203,3.649684542586751,12.796833773087071,0.17328236092750723,0.9522321428571429,0.04776785714285714,0.14151785714285714,0.12126894827316768,0.18401682439537329,0.5451713395638629,2.78543522425379,12.881619937694705,0.18830547839154788,0.9435927965471053,0.15
repository_disjoint,25652,4462,3482,outcome_downstream_workload_log,outcome_downstream_workload_raw,0.8,1.791759469228055,0.7644283975055994,0.5406955935065365,0.24617205867529793,"feature_title_chars,feature_body_chars,feature_title_mentions_test,feature_body_mentions_test,feature_body_mentions_fix,feature_repo_stars,feature_task_type_confidence,feature_initial_detail_changed_files,feature_initial_detail_additions,feature_initial_detail_deletions,feature_initial_detail_churn,feature_initial_detail_added_files,feature_initial_detail_modified_files,feature_initial_detail_removed_files,feature_initial_detail_test_files,agent,repo_language,feature_task_type",fixed_acceptance,0.2,0.26045425972083736,0.2001344688480502,0.7998655311519498,0.3922008068130883,0.0683090705487122,0.9651428571428572,0.47324180442701036,1.1802911534154534,8.002241524236481,0.9644087256027555,0.1961516369902355,0.8038483630097645,0.33228029867892017,0.040995607613469986,0.975799481417459,0.40335834226509465,0.9048316251830161,8.045016077170418,0.9732883817427386,,
repository_disjoint,25652,4462,3482,outcome_downstream_workload_log,outcome_downstream_workload_raw,0.8,1.791759469228055,0.7644283975055994,0.5406955935065365,0.24617205867529793,"feature_title_chars,feature_body_chars,feature_title_mentions_test,feature_body_mentions_test,feature_body_mentions_fix,feature_repo_stars,feature_task_type_confidence,feature_initial_detail_changed_files,feature_initial_detail_additions,feature_initial_detail_deletions,feature_initial_detail_churn,feature_initial_detail_added_files,feature_initial_detail_modified_files,feature_initial_detail_removed_files,feature_initial_detail_test_files,agent,repo_language,feature_task_type",fixed_acceptance,0.4,0.5111252204896929,0.40004482294935007,0.5999551770506499,0.3922008068130883,0.13277310924369748,0.8645714285714285,0.5651849084796414,2.212885154061625,9.586850952558834,0.8666171405416357,0.44658242389431363,0.5534175761056864,0.33228029867892017,0.1067524115755627,0.8565254969749352,0.5142708873897249,1.9794212218649518,10.408925791385574,0.8669605809128631,,
repository_disjoint,25652,4462,3482,outcome_downstream_workload_log,outcome_downstream_workload_raw,0.8,1.791759469228055,0.7644283975055994,0.5406955935065365,0.24617205867529793,"feature_title_chars,feature_body_chars,feature_title_mentions_test,feature_body_mentions_test,feature_body_mentions_fix,feature_repo_stars,feature_task_type_confidence,feature_initial_detail_changed_files,feature_initial_detail_additions,feature_initial_detail_deletions,feature_initial_detail_churn,feature_initial_detail_added_files,feature_initial_detail_modified_files,feature_initial_detail_removed_files,feature_initial_detail_test_files,agent,repo_language,feature_task_type",fixed_acceptance,0.6,0.8066048748078495,0.5999551770506499,0.40004482294935007,0.3922008068130883,0.23907358983937244,0.6342857142857142,0.6218487394957983,4.117669032499066,10.415126050420168,0.6277774025798609,0.6435956346927053,0.35640436530729463,0.33228029867892017,0.20838911200356983,0.5963699222126189,0.5560032232070911,3.859437751004016,11.67365028203062,0.6261670124481328,,
repository_disjoint,25652,4462,3482,outcome_downstream_workload_log,outcome_downstream_workload_raw,0.8,1.791759469228055,0.7644283975055994,0.5406955935065365,0.24617205867529793,"feature_title_chars,feature_body_chars,feature_title_mentions_test,feature_body_mentions_test,feature_body_mentions_fix,feature_repo_stars,feature_task_type_confidence,feature_initial_detail_changed_files,feature_initial_detail_additions,feature_initial_detail_deletions,feature_initial_detail_churn,feature_initial_detail_added_files,feature_initial_detail_modified_files,feature_initial_detail_removed_files,feature_initial_detail_test_files,agent,repo_language,feature_task_type",fixed_acceptance,0.8,0.8825076642727091,0.7998655311519498,0.2001344688480502,0.3922008068130883,0.32754272905575793,0.332,0.6506159014557671,5.4822079013729335,11.251959686450167,0.33929898021206184,0.8061458931648477,0.19385410683515222,0.33228029867892017,0.2785892411827574,0.324114088159032,0.5555555555555556,5.441752760954756,11.645925925925926,0.3397735131396957,,
repository_disjoint,25652,4462,3482,outcome_downstream_workload_log,outcome_downstream_workload_raw,0.8,1.791759469228055,0.7644283975055994,0.5406955935065365,0.24617205867529793,"feature_title_chars,feature_body_chars,feature_title_mentions_test,feature_body_mentions_test,feature_body_mentions_fix,feature_repo_stars,feature_task_type_confidence,feature_initial_detail_changed_files,feature_initial_detail_additions,feature_initial_detail_deletions,feature_initial_detail_churn,feature_initial_detail_added_files,feature_initial_detail_modified_files,feature_initial_detail_removed_files,feature_initial_detail_test_files,agent,repo_language,feature_task_type",calibration_risk_budget,0.05,0.21501182239380245,0.16450022411474674,0.8354997758852533,0.3922008068130883,0.04904632152588556,0.9794285714285714,0.45976394849785407,0.885558583106267,7.76931330472103,0.9780509218612818,0.13584147041929925,0.8641585295807007,0.33228029867892017,0.03805496828752643,0.9844425237683665,0.3785310734463277,0.9069767441860465,7.546360917248255,0.981457468879668,0.16450022411474674,0.04904632152588556
repository_disjoint,25652,4462,3482,outcome_downstream_workload_log,outcome_downstream_workload_raw,0.8,1.791759469228055,0.7644283975055994,0.5406955935065365,0.24617205867529793,"feature_title_chars,feature_body_chars,feature_title_mentions_test,feature_body_mentions_test,feature_body_mentions_fix,feature_repo_stars,feature_task_type_confidence,feature_initial_detail_changed_files,feature_initial_detail_additions,feature_initial_detail_deletions,feature_initial_detail_churn,feature_initial_detail_added_files,feature_initial_detail_modified_files,feature_initial_detail_removed_files,feature_initial_detail_test_files,agent,repo_language,feature_task_type",calibration_risk_budget,0.1,0.3569324379046899,0.315329448677723,0.684670551322277,0.3922008068130883,0.09950248756218906,0.92,0.5270049099836334,1.6922530206112296,8.914238952536826,0.9195988383872493,0.31275129236071225,0.6872487076392878,0.33228029867892017,0.07897153351698806,0.9256698357821953,0.44755536982866695,1.3746556473829201,9.042624320936063,0.935295643153527,0.315329448677723,0.09950248756218906
repository_disjoint,25652,4462,3482,outcome_downstream_workload_log,outcome_downstream_workload_raw,0.8,1.791759469228055,0.7644283975055994,0.5406955935065365,0.24617205867529793,"feature_title_chars,feature_body_chars,feature_title_mentions_test,feature_body_mentions_test,feature_body_mentions_fix,feature_repo_stars,feature_task_type_confidence,feature_initial_detail_changed_files,feature_initial_detail_additions,feature_initial_detail_deletions,feature_initial_detail_churn,feature_initial_detail_added_files,feature_initial_detail_modified_files,feature_initial_detail_removed_files,feature_initial_detail_test_files,agent,repo_language,feature_task_type",calibration_risk_budget,0.15,0.6273521298131114,0.43702375616315553,0.5629762438368444,0.3922008068130883,0.14974358974358976,0.8331428571428572,0.5804140127388535,2.486666666666667,9.858678343949045,0.8362598770851625,0.5060310166570936,0.4939689833429064,0.33228029867892017,0.14642451759364358,0.777009507346586,0.5226744186046511,2.713393870601589,10.671511627906977,0.7933523513139695,0.43702375616315553,0.14974358974358976
leave_agent_out:Claude_Code,24852,8285,459,outcome_downstream_workload_log,outcome_downstream_workload_raw,0.8,1.9459101490553132,0.6423179565383148,0.6121568567521154,0.29357347876255163,"feature_title_chars,feature_body_chars,feature_title_mentions_test,feature_body_mentions_test,feature_body_mentions_fix,feature_repo_stars,feature_task_type_confidence,feature_initial_detail_changed_files,feature_initial_detail_additions,feature_initial_detail_deletions,feature_initial_detail_churn,feature_initial_detail_added_files,feature_initial_detail_modified_files,feature_initial_detail_removed_files,feature_initial_detail_test_files,agent,repo_language,feature_task_type",fixed_acceptance,0.2,0.07636891355888113,0.2,0.8,0.15859987929993966,0.003621001810500905,0.9954337899543378,0.19734459867229934,0.08449004224502112,4.189649969824985,0.9949836970152998,0.002178649237472767,0.9978213507625272,0.4684095860566449,0.0,1.0,0.46943231441048033,3.0,10.98471615720524,0.9994040524433849,,
leave_agent_out:Claude_Code,24852,8285,459,outcome_downstream_workload_log,outcome_downstream_workload_raw,0.8,1.9459101490553132,0.6423179565383148,0.6121568567521154,0.29357347876255163,"feature_title_chars,feature_body_chars,feature_title_mentions_test,feature_body_mentions_test,feature_body_mentions_fix,feature_repo_stars,feature_task_type_confidence,feature_initial_detail_changed_files,feature_initial_detail_additions,feature_initial_detail_deletions,feature_initial_detail_churn,feature_initial_detail_added_files,feature_initial_detail_modified_files,feature_initial_detail_removed_files,feature_initial_detail_test_files,agent,repo_language,feature_task_type",fixed_acceptance,0.4,0.10131174310229824,0.4,0.6,0.15859987929993966,0.004224502112251056,0.989345509893455,0.2615167974250654,0.12130356065178033,5.533494266747133,0.9855960442867892,0.002178649237472767,0.9978213507625272,0.4684095860566449,0.0,1.0,0.46943231441048033,3.0,10.98471615720524,0.9994040524433849,,
leave_agent_out:Claude_Code,24852,8285,459,outcome_downstream_workload_log,outcome_downstream_workload_raw,0.8,1.9459101490553132,0.6423179565383148,0.6121568567521154,0.29357347876255163,"feature_title_chars,feature_body_chars,feature_title_mentions_test,feature_body_mentions_test,feature_body_mentions_fix,feature_repo_stars,feature_task_type_confidence,feature_initial_detail_changed_files,feature_initial_detail_additions,feature_initial_detail_deletions,feature_initial_detail_churn,feature_initial_detail_added_files,feature_initial_detail_modified_files,feature_initial_detail_removed_files,feature_initial_detail_test_files,agent,repo_language,feature_task_type",fixed_acceptance,0.6,0.17703544386159775,0.6,0.4,0.15859987929993966,0.009454838060752363,0.9642313546423136,0.3823174411587206,0.2363709515188091,8.066988533494266,0.9578988856641227,0.002178649237472767,0.9978213507625272,0.4684095860566449,0.0,1.0,0.46943231441048033,3.0,10.98471615720524,0.9994040524433849,,
leave_agent_out:Claude_Code,24852,8285,459,outcome_downstream_workload_log,outcome_downstream_workload_raw,0.8,1.9459101490553132,0.6423179565383148,0.6121568567521154,0.29357347876255163,"feature_title_chars,feature_body_chars,feature_title_mentions_test,feature_body_mentions_test,feature_body_mentions_fix,feature_repo_stars,feature_task_type_confidence,feature_initial_detail_changed_files,feature_initial_detail_additions,feature_initial_detail_deletions,feature_initial_detail_churn,feature_initial_detail_added_files,feature_initial_detail_modified_files,feature_initial_detail_removed_files,feature_initial_detail_test_files,agent,repo_language,feature_task_type",fixed_acceptance,0.8,0.7206942512836767,0.8,0.2,0.15859987929993966,0.06925165962582981,0.6506849315068494,0.515992757996379,1.3992154496077247,11.246228123114062,0.6677057579992117,0.4793028322440087,0.5206971677559913,0.4684095860566449,0.38181818181818183,0.6093023255813953,0.5481171548117155,8.263636363636364,13.456066945606695,0.6388557806912991,,
leave_agent_out:Claude_Code,24852,8285,459,outcome_downstream_workload_log,outcome_downstream_workload_raw,0.8,1.9459101490553132,0.6423179565383148,0.6121568567521154,0.29357347876255163,"feature_title_chars,feature_body_chars,feature_title_mentions_test,feature_body_mentions_test,feature_body_mentions_fix,feature_repo_stars,feature_task_type_confidence,feature_initial_detail_changed_files,feature_initial_detail_additions,feature_initial_detail_deletions,feature_initial_detail_churn,feature_initial_detail_added_files,feature_initial_detail_modified_files,feature_initial_detail_removed_files,feature_initial_detail_test_files,agent,repo_language,feature_task_type",calibration_risk_budget,0.05,0.6295225440468807,0.7585998792999397,0.24140012070006034,0.15859987929993966,0.04996022275258552,0.76103500761035,0.5,0.9665871121718377,10.917,0.7823282811996131,0.2657952069716776,0.7342047930283224,0.4684095860566449,0.29508196721311475,0.8325581395348837,0.5311572700296736,6.204918032786885,12.691394658753708,0.8496225665474771,0.7585998792999397,0.04996022275258552
leave_agent_out:Claude_Code,24852,8285,459,outcome_downstream_workload_log,outcome_downstream_workload_raw,0.8,1.9459101490553132,0.6423179565383148,0.6121568567521154,0.29357347876255163,"feature_title_chars,feature_body_chars,feature_title_mentions_test,feature_body_mentions_test,feature_body_mentions_fix,feature_repo_stars,feature_task_type_confidence,feature_initial_detail_changed_files,feature_initial_detail_additions,feature_initial_detail_deletions,feature_initial_detail_churn,feature_initial_detail_added_files,feature_initial_detail_modified_files,feature_initial_detail_removed_files,feature_initial_detail_test_files,agent,repo_language,feature_task_type",calibration_risk_budget,0.1,0.8176230847275486,0.8673506336753168,0.13264936632468316,0.15859987929993966,0.09991650431394378,0.4535768645357686,0.5423111919927207,2.0606735318675202,11.92083712465878,0.46941846716113084,0.7167755991285403,0.28322440087145967,0.4684095860566449,0.41033434650455924,0.37209302325581395,0.6153846153846154,9.01823708206687,15.9,0.41060786650774733,0.8673506336753168,0.09991650431394378
leave_agent_out:Claude_Code,24852,8285,459,outcome_downstream_workload_log,outcome_downstream_workload_raw,0.8,1.9459101490553132,0.6423179565383148,0.6121568567521154,0.29357347876255163,"feature_title_chars,feature_body_chars,feature_title_mentions_test,feature_body_mentions_test,feature_body_mentions_fix,feature_repo_stars,feature_task_type_confidence,feature_initial_detail_changed_files,feature_initial_detail_additions,feature_initial_detail_deletions,feature_initial_detail_churn,feature_initial_detail_added_files,feature_initial_detail_modified_files,feature_initial_detail_removed_files,feature_initial_detail_test_files,agent,repo_language,feature_task_type",calibration_risk_budget,0.15,0.9235434382169564,0.9754978877489439,0.024502112251056127,0.15859987929993966,0.14996288047512993,0.0776255707762557,0.5024630541871922,3.1462509279881217,12.22167487684729,0.08889605503600989,0.9520697167755992,0.04793028322440087,0.4684095860566449,0.4576659038901602,0.06976744186046512,0.6818181818181818,9.963386727688787,30.90909090909091,0.1350814461660707,0.9754978877489439,0.14996288047512993
leave_agent_out:Copilot,21469,7157,4970,outcome_downstream_workload_log,outcome_downstream_workload_raw,0.8,1.791759469228055,0.5068777298545619,0.5689609392741088,0.3240132930859905,"feature_title_chars,feature_body_chars,feature_title_mentions_test,feature_body_mentions_test,feature_body_mentions_fix,feature_repo_stars,feature_task_type_confidence,feature_initial_detail_changed_files,feature_initial_detail_additions,feature_initial_detail_deletions,feature_initial_detail_churn,feature_initial_detail_added_files,feature_initial_detail_modified_files,feature_initial_detail_removed_files,feature_initial_detail_test_files,agent,repo_language,feature_task_type",fixed_acceptance,0.2,0.05992284870659929,0.20008383400866284,0.7999161659913372,0.12267709934330026,0.0006983240223463687,0.9988610478359908,0.1531877729257642,0.020251396648044692,2.504978165938865,0.997981906750174,0.0,1.0,0.575251509054326,0.0,1.0,0.575251509054326,0.0,13.250503018108652,1.0,,
leave_agent_out:Copilot,21469,7157,4970,outcome_downstream_workload_log,outcome_downstream_workload_raw,0.8,1.791759469228055,0.5068777298545619,0.5689609392741088,0.3240132930859905,"feature_title_chars,feature_body_chars,feature_title_mentions_test,feature_body_mentions_test,feature_body_mentions_fix,feature_repo_stars,feature_task_type_confidence,feature_initial_detail_changed_files,feature_initial_detail_additions,feature_initial_detail_deletions,feature_initial_detail_churn,feature_initial_detail_added_files,feature_initial_detail_modified_files,feature_initial_detail_removed_files,feature_initial_detail_test_files,agent,repo_language,feature_task_type",fixed_acceptance,0.4,0.07964013862851287,0.40002794466955427,0.5999720553304457,0.12267709934330026,0.00209570380719525,0.9931662870159453,0.20307405682347462,0.04959832343695424,3.313460642757336,0.9901183020180933,0.0,1.0,0.575251509054326,0.0,1.0,0.575251509054326,0.0,13.250503018108652,1.0,,
leave_agent_out:Copilot,21469,7157,4970,outcome_downstream_workload_log,outcome_downstream_workload_raw,0.8,1.791759469228055,0.5068777298545619,0.5689609392741088,0.3240132930859905,"feature_title_chars,feature_body_chars,feature_title_mentions_test,feature_body_mentions_test,feature_body_mentions_fix,feature_repo_stars,feature_task_type_confidence,feature_initial_detail_changed_files,feature_initial_detail_additions,feature_initial_detail_deletions,feature_initial_detail_churn,feature_initial_detail_added_files,feature_initial_detail_modified_files,feature_initial_detail_removed_files,feature_initial_detail_test_files,agent,repo_language,feature_task_type",fixed_acceptance,0.6,0.12976948470178434,0.5999720553304457,0.40002794466955427,0.12267709934330026,0.005123428039124359,0.9749430523917996,0.29898707649318895,0.09967396367023754,4.869717079986029,0.9702157272094641,0.0,1.0,0.575251509054326,0.0,1.0,0.575251509054326,0.0,13.250503018108652,1.0,,
leave_agent_out:Copilot,21469,7157,4970,outcome_downstream_workload_log,outcome_downstream_workload_raw,0.8,1.791759469228055,0.5068777298545619,0.5689609392741088,0.3240132930859905,"feature_title_chars,feature_body_chars,feature_title_mentions_test,feature_body_mentions_test,feature_body_mentions_fix,feature_repo_stars,feature_task_type_confidence,feature_initial_detail_changed_files,feature_initial_detail_additions,feature_initial_detail_deletions,feature_initial_detail_churn,feature_initial_detail_added_files,feature_initial_detail_modified_files,feature_initial_detail_removed_files,feature_initial_detail_test_files,agent,repo_language,feature_task_type",fixed_acceptance,0.8,0.41415792854591493,0.7999161659913372,0.20008383400866284,0.12267709934330026,0.02759825327510917,0.8200455580865603,0.5027932960893855,0.4698689956331878,8.156424581005586,0.8128044537230341,0.04929577464788732,0.9507042253521126,0.575251509054326,0.563265306122449,0.9517313746065058,0.5758730158730159,12.204081632653061,13.304761904761905,0.954597221167717,,
leave_agent_out:Copilot,21469,7157,4970,outcome_downstream_workload_log,outcome_downstream_workload_raw,0.8,1.791759469228055,0.5068777298545619,0.5689609392741088,0.3240132930859905,"feature_title_chars,feature_body_chars,feature_title_mentions_test,feature_body_mentions_test,feature_body_mentions_fix,feature_repo_stars,feature_task_type_confidence,feature_initial_detail_changed_files,feature_initial_detail_additions,feature_initial_detail_deletions,feature_initial_detail_churn,feature_initial_detail_added_files,feature_initial_detail_modified_files,feature_initial_detail_removed_files,feature_initial_detail_test_files,agent,repo_language,feature_task_type",calibration_risk_budget,0.05,0.6696200413196842,0.8579013553164734,0.14209864468352662,0.12267709934330026,0.05,0.6503416856492027,0.5614552605703048,0.8057003257328991,9.265486725663717,0.655741127348643,0.19859154929577466,0.8014084507042254,0.575251509054326,0.5714285714285714,0.8027282266526757,0.5761988450916394,12.28368794326241,13.490082852121516,0.8158985650292309,0.8579013553164734,0.05
leave_agent_out:Copilot,21469,7157,4970,outcome_downstream_workload_log,outcome_downstream_workload_raw,0.8,1.791759469228055,0.5068777298545619,0.5689609392741088,0.3240132930859905,"feature_title_chars,feature_body_chars,feature_title_mentions_test,feature_body_mentions_test,feature_body_mentions_fix,feature_repo_stars,feature_task_type_confidence,feature_initial_detail_changed_files,feature_initial_detail_additions,feature_initial_detail_deletions,feature_initial_detail_churn,feature_initial_detail_added_files,feature_initial_detail_modified_files,feature_initial_detail_removed_files,feature_initial_detail_test_files,agent,repo_language,feature_task_type",calibration_risk_budget,0.1,0.9563482423240783,0.9628335894928043,0.037166410507195755,0.12267709934330026,0.09998548831809606,0.2152619589977221,0.7105263157894737,1.6377884196778407,11.593984962406015,0.21461377870563675,0.8416498993963782,0.15835010060362173,0.575251509054326,0.579010279703562,0.15285064707939838,0.5552731893265566,13.238106622041597,13.316391359593393,0.15913749905094526,0.9628335894928043,0.09998548831809606
leave_agent_out:Copilot,21469,7157,4970,outcome_downstream_workload_log,outcome_downstream_workload_raw,0.8,1.791759469228055,0.5068777298545619,0.5689609392741088,0.3240132930859905,"feature_title_chars,feature_body_chars,feature_title_mentions_test,feature_body_mentions_test,feature_body_mentions_fix,feature_repo_stars,feature_task_type_confidence,feature_initial_detail_changed_files,feature_initial_detail_additions,feature_initial_detail_deletions,feature_initial_detail_churn,feature_initial_detail_added_files,feature_initial_detail_modified_files,feature_initial_detail_removed_files,feature_initial_detail_test_files,agent,repo_language,feature_task_type",calibration_risk_budget,0.15,0.9999999999998204,1.0,0.0,0.12267709934330026,0.12267709934330026,0.0,0.0,2.007824507475199,0.0,0.0,0.9995975855130784,0.00040241448692152917,0.575251509054326,0.5750805152979066,0.0006995452955578874,1.0,13.247383252818036,21.0,0.0006377647862728722,1.0,0.12267709934330026
leave_agent_out:Cursor,24041,8014,1541,outcome_downstream_workload_log,outcome_downstream_workload_raw,0.8,1.9459101490553132,0.5739009609868043,0.4582919737110454,0.2986187728661092,"feature_title_chars,feature_body_chars,feature_title_mentions_test,feature_body_mentions_test,feature_body_mentions_fix,feature_repo_stars,feature_task_type_confidence,feature_initial_detail_changed_files,feature_initial_detail_additions,feature_initial_detail_deletions,feature_initial_detail_churn,feature_initial_detail_added_files,feature_initial_detail_modified_files,feature_initial_detail_removed_files,feature_initial_detail_test_files,agent,repo_language,feature_task_type",fixed_acceptance,0.2,0.07536242052211523,0.20002495632642875,0.7999750436735712,0.1524831544796606,0.0031191515907673115,0.9959083469721768,0.18982997972235222,0.07610729881472239,4.189362034004056,0.9954781319495923,0.0012978585334198572,0.9987021414665801,0.3770279039584685,0.0,1.0,0.3775178687459389,2.0,6.546458739441196,0.9996031352316698,,
leave_agent_out:Cursor,24041,8014,1541,outcome_downstream_workload_log,outcome_downstream_workload_raw,0.8,1.9459101490553132,0.5739009609868043,0.4582919737110454,0.2986187728661092,"feature_title_chars,feature_body_chars,feature_title_mentions_test,feature_body_mentions_test,feature_body_mentions_fix,feature_repo_stars,feature_task_type_confidence,feature_initial_detail_changed_files,feature_initial_detail_additions,feature_initial_detail_deletions,feature_initial_detail_churn,feature_initial_detail_added_files,feature_initial_detail_modified_files,feature_initial_detail_removed_files,feature_initial_detail_test_files,agent,repo_language,feature_task_type",fixed_acceptance,0.4,0.0988546578260876,0.4000499126528575,0.5999500873471425,0.1524831544796606,0.004054897067997504,0.9893617021276596,0.2514559068219634,0.10948222083593262,5.538477537437604,0.9869903632320237,0.0012978585334198572,0.9987021414665801,0.3770279039584685,0.0,1.0,0.3775178687459389,2.0,6.546458739441196,0.9996031352316698,,
leave_agent_out:Cursor,24041,8014,1541,outcome_downstream_workload_log,outcome_downstream_workload_raw,0.8,1.9459101490553132,0.5739009609868043,0.4582919737110454,0.2986187728661092,"feature_title_chars,feature_body_chars,feature_title_mentions_test,feature_body_mentions_test,feature_body_mentions_fix,feature_repo_stars,feature_task_type_confidence,feature_initial_detail_changed_files,feature_initial_detail_additions,feature_initial_detail_deletions,feature_initial_detail_churn,feature_initial_detail_added_files,feature_initial_detail_modified_files,feature_initial_detail_removed_files,feature_initial_detail_test_files,agent,repo_language,feature_task_type",fixed_acceptance,0.6,0.1621568755551031,0.5999500873471425,0.4000499126528575,0.1524831544796606,0.008319467554076539,0.967266775777414,0.3686837180286962,0.2079866888519135,8.103555832813475,0.9629355077835434,0.0025957170668397143,0.9974042829331603,0.3770279039584685,0.0,1.0,0.37800910865322057,2.0,6.552374756018217,0.9992062704633397,,
leave_agent_out:Cursor,24041,8014,1541,outcome_downstream_workload_log,outcome_downstream_workload_raw,0.8,1.9459101490553132,0.5739009609868043,0.4582919737110454,0.2986187728661092,"feature_title_chars,feature_body_chars,feature_title_mentions_test,feature_body_mentions_test,feature_body_mentions_fix,feature_repo_stars,feature_task_type_confidence,feature_initial_detail_changed_files,feature_initial_detail_additions,feature_initial_detail_deletions,feature_initial_detail_churn,feature_initial_detail_added_files,feature_initial_detail_modified_files,feature_initial_detail_removed_files,feature_initial_detail_test_files,agent,repo_language,feature_task_type",fixed_acceptance,0.8,0.7325803104467314,0.7999750436735712,0.20002495632642875,0.1524831544796606,0.056621431913897985,0.7029459901800328,0.535870243293824,1.2542505069411949,11.814722395508422,0.7019644180874722,0.7579493835171967,0.24205061648280338,0.3770279039584685,0.3441780821917808,0.3080895008605852,0.47989276139410186,5.914383561643835,8.501340482573726,0.3146145450937593,,
leave_agent_out:Cursor,24041,8014,1541,outcome_downstream_workload_log,outcome_downstream_workload_raw,0.8,1.9459101490553132,0.5739009609868043,0.4582919737110454,0.2986187728661092,"feature_title_chars,feature_body_chars,feature_title_mentions_test,feature_body_mentions_test,feature_body_mentions_fix,feature_repo_stars,feature_task_type_confidence,feature_initial_detail_changed_files,feature_initial_detail_additions,feature_initial_detail_deletions,feature_initial_detail_churn,feature_initial_detail_added_files,feature_initial_detail_modified_files,feature_initial_detail_removed_files,feature_initial_detail_test_files,agent,repo_language,feature_task_type",calibration_risk_budget,0.05,0.6967269267949443,0.786249064137759,0.2137509358622411,0.1524831544796606,0.04999206475162673,0.7422258592471358,0.5294804436660829,1.1014124742104427,11.69877408056042,0.742772424017791,0.6716417910447762,0.3283582089552239,0.3770279039584685,0.3333333333333333,0.40619621342512907,0.466403162055336,5.5893719806763285,8.486166007905139,0.42603432880246056,0.786249064137759,0.04999206475162673
leave_agent_out:Cursor,24041,8014,1541,outcome_downstream_workload_log,outcome_downstream_workload_raw,0.8,1.9459101490553132,0.5739009609868043,0.4582919737110454,0.2986187728661092,"feature_title_chars,feature_body_chars,feature_title_mentions_test,feature_body_mentions_test,feature_body_mentions_fix,feature_repo_stars,feature_task_type_confidence,feature_initial_detail_changed_files,feature_initial_detail_additions,feature_initial_detail_deletions,feature_initial_detail_churn,feature_initial_detail_added_files,feature_initial_detail_modified_files,feature_initial_detail_removed_files,feature_initial_detail_test_files,agent,repo_language,feature_task_type",calibration_risk_budget,0.1,0.846963259263489,0.8855752433241827,0.11442475667581732,0.1524831544796606,0.09990136677469354,0.4198036006546645,0.559432933478735,2.163308440185994,12.679389312977099,0.4309488510007413,0.9474367293964958,0.05256327060350422,0.3770279039584685,0.36232876712328765,0.08950086058519793,0.6419753086419753,6.247260273972603,11.82716049382716,0.09504911201508086,0.8855752433241827,0.09990136677469354
leave_agent_out:Cursor,24041,8014,1541,outcome_downstream_workload_log,outcome_downstream_workload_raw,0.8,1.9459101490553132,0.5739009609868043,0.4582919737110454,0.2986187728661092,"feature_title_chars,feature_body_chars,feature_title_mentions_test,feature_body_mentions_test,feature_body_mentions_fix,feature_repo_stars,feature_task_type_confidence,feature_initial_detail_changed_files,feature_initial_detail_additions,feature_initial_detail_deletions,feature_initial_detail_churn,feature_initial_detail_added_files,feature_initial_detail_modified_files,feature_initial_detail_removed_files,feature_initial_detail_test_files,agent,repo_language,feature_task_type",calibration_risk_budget,0.15,0.9565127874942517,0.9928874469678063,0.007112553032193661,0.1524831544796606,0.14993087847178585,0.023731587561374796,0.5087719298245614,3.30463742616564,12.017543859649123,0.025389177168272794,0.9961064243997404,0.003893575600259572,0.3770279039584685,0.3778501628664495,0.0017211703958691911,0.16666666666666666,6.549185667752443,4.333333333333333,0.002579620994146245,0.9928874469678063,0.14993087847178585
leave_agent_out:Devin,21576,7193,4827,outcome_downstream_workload_log,outcome_downstream_workload_raw,0.8,1.6094379124341005,0.5718093290603207,0.7572655287431957,0.21336305338068548,"feature_title_chars,feature_body_chars,feature_title_mentions_test,feature_body_mentions_test,feature_body_mentions_fix,feature_repo_stars,feature_task_type_confidence,feature_initial_detail_changed_files,feature_initial_detail_additions,feature_initial_detail_deletions,feature_initial_detail_churn,feature_initial_detail_added_files,feature_initial_detail_modified_files,feature_initial_detail_removed_files,feature_initial_detail_test_files,agent,repo_language,feature_task_type",fixed_acceptance,0.2,0.07960352692040125,0.20005560962046434,0.7999443903795357,0.18100931461142777,0.001389854065323141,0.9984639016897081,0.2259297879735836,0.020847810979847115,3.79753215154675,0.9986289474886888,0.0,1.0,0.7081002693184172,0.0,1.0,0.7081002693184172,0.0,9.18955873213176,1.0,,
leave_agent_out:Devin,21576,7193,4827,outcome_downstream_workload_log,outcome_downstream_workload_raw,0.8,1.6094379124341005,0.5718093290603207,0.7572655287431957,0.21336305338068548,"feature_title_chars,feature_body_chars,feature_title_mentions_test,feature_body_mentions_test,feature_body_mentions_fix,feature_repo_stars,feature_task_type_confidence,feature_initial_detail_changed_files,feature_initial_detail_additions,feature_initial_detail_deletions,feature_initial_detail_churn,feature_initial_detail_added_files,feature_initial_detail_modified_files,feature_initial_detail_removed_files,feature_initial_detail_test_files,agent,repo_language,feature_task_type",fixed_acceptance,0.4,0.11058315339132718,0.39997219518976784,0.6000278048102322,0.18100931461142777,0.0031282586027111575,0.9930875576036866,0.29958294717330863,0.05179005908932916,5.0352177942539385,0.9931904391938211,0.0,1.0,0.7081002693184172,0.0,1.0,0.7081002693184172,0.0,9.18955873213176,1.0,,
leave_agent_out:Devin,21576,7193,4827,outcome_downstream_workload_log,outcome_downstream_workload_raw,0.8,1.6094379124341005,0.5718093290603207,0.7572655287431957,0.21336305338068548,"feature_title_chars,feature_body_chars,feature_title_mentions_test,feature_body_mentions_test,feature_body_mentions_fix,feature_repo_stars,feature_task_type_confidence,feature_initial_detail_changed_files,feature_initial_detail_additions,feature_initial_detail_deletions,feature_initial_detail_churn,feature_initial_detail_added_files,feature_initial_detail_modified_files,feature_initial_detail_removed_files,feature_initial_detail_test_files,agent,repo_language,feature_task_type",fixed_acceptance,0.6,0.19914607887486113,0.6000278048102322,0.39997219518976784,0.18100931461142777,0.011816496756255792,0.9608294930875576,0.4348279457768509,0.1742354031510658,7.344108446298227,0.9656322837164664,0.0004143360265175057,0.9995856639734825,0.7081002693184172,1.0,0.9994148624926857,0.707979274611399,8.0,9.190051813471502,0.999639298435457,,
leave_agent_out:Devin,21576,7193,4827,outcome_downstream_workload_log,outcome_downstream_workload_raw,0.8,1.6094379124341005,0.5718093290603207,0.7572655287431957,0.21336305338068548,"feature_title_chars,feature_body_chars,feature_title_mentions_test,feature_body_mentions_test,feature_body_mentions_fix,feature_repo_stars,feature_task_type_confidence,feature_initial_detail_changed_files,feature_initial_detail_additions,feature_initial_detail_deletions,feature_initial_detail_churn,feature_initial_detail_added_files,feature_initial_detail_modified_files,feature_initial_detail_removed_files,feature_initial_detail_test_files,agent,repo_language,feature_task_type",fixed_acceptance,0.8,0.763653699123527,0.7999443903795357,0.20005560962046434,0.18100931461142777,0.0764685436218283,0.6620583717357911,0.5990271021542738,1.116093152589503,10.74287699791522,0.7065033590786527,0.4155790345970582,0.5844209654029417,0.7081002693184172,0.660518444666002,0.61234640140433,0.7419354838709677,7.872382851445663,10.1261963842609,0.6439875557960233,,
leave_agent_out:Devin,21576,7193,4827,outcome_downstream_workload_log,outcome_downstream_workload_raw,0.8,1.6094379124341005,0.5718093290603207,0.7572655287431957,0.21336305338068548,"feature_title_chars,feature_body_chars,feature_title_mentions_test,feature_body_mentions_test,feature_body_mentions_fix,feature_repo_stars,feature_task_type_confidence,feature_initial_detail_changed_files,feature_initial_detail_additions,feature_initial_detail_deletions,feature_initial_detail_churn,feature_initial_detail_added_files,feature_initial_detail_modified_files,feature_initial_detail_removed_files,feature_initial_detail_test_files,agent,repo_language,feature_task_type",calibration_risk_budget,0.05,0.6458435846018424,0.7606005839010149,0.23939941609898513,0.18100931461142777,0.04989946993237068,0.7903225806451613,0.5975609756097561,0.6746481447632974,10.563298490127758,0.8313148393583474,0.16407706650093226,0.8359229334990678,0.7081002693184172,0.6287878787878788,0.8543007606787595,0.7236679058240396,7.3522727272727275,9.550185873605948,0.8687271743541187,0.7606005839010149,0.04989946993237068
leave_agent_out:Devin,21576,7193,4827,outcome_downstream_workload_log,outcome_downstream_workload_raw,0.8,1.6094379124341005,0.5718093290603207,0.7572655287431957,0.21336305338068548,"feature_title_chars,feature_body_chars,feature_title_mentions_test,feature_body_mentions_test,feature_body_mentions_fix,feature_repo_stars,feature_task_type_confidence,feature_initial_detail_changed_files,feature_initial_detail_additions,feature_initial_detail_deletions,feature_initial_detail_churn,feature_initial_detail_added_files,feature_initial_detail_modified_files,feature_initial_detail_removed_files,feature_initial_detail_test_files,agent,repo_language,feature_task_type",calibration_risk_budget,0.1,0.8315218958934871,0.8373418601418046,0.16265813985819547,0.18100931461142777,0.09995019093475012,0.5376344086021505,0.5982905982905983,1.469201394653827,11.138461538461538,0.595585210913578,0.63621296871763,0.36378703128237,0.7081002693184172,0.6753500488440247,0.3932124049151551,0.765375854214123,8.271898404428525,10.794419134396355,0.4273186347445782,0.8373418601418046,0.09995019093475012
leave_agent_out:Devin,21576,7193,4827,outcome_downstream_workload_log,outcome_downstream_workload_raw,0.8,1.6094379124341005,0.5718093290603207,0.7572655287431957,0.21336305338068548,"feature_title_chars,feature_body_chars,feature_title_mentions_test,feature_body_mentions_test,feature_body_mentions_fix,feature_repo_stars,feature_task_type_confidence,feature_initial_detail_changed_files,feature_initial_detail_additions,feature_initial_detail_deletions,feature_initial_detail_churn,feature_initial_detail_added_files,feature_initial_detail_modified_files,feature_initial_detail_removed_files,feature_initial_detail_test_files,agent,repo_language,feature_task_type",calibration_risk_budget,0.15,0.9285310987484114,0.9370221048241346,0.06297789517586543,0.18100931461142777,0.15,0.22350230414746544,0.6423841059602649,2.4265578635014835,12.198675496688741,0.25254787258351996,0.9419929562875492,0.0580070437124508,0.7081002693184172,0.7011216186496592,0.06729081334113517,0.8214285714285714,8.93908071255773,13.257142857142858,0.0836827629739844,0.9370221048241346,0.15
leave_agent_out:OpenAI_Codex,8847,2950,21799,outcome_downstream_workload_log,outcome_downstream_workload_raw,0.8,2.772588722239781,0.4513429819978913,0.01582295336313895,0.2717467075190394,"feature_title_chars,feature_body_chars,feature_title_mentions_test,feature_body_mentions_test,feature_body_mentions_fix,feature_repo_stars,feature_task_type_confidence,feature_initial_detail_changed_files,feature_initial_detail_additions,feature_initial_detail_deletions,feature_initial_detail_churn,feature_initial_detail_added_files,feature_initial_detail_modified_files,feature_initial_detail_removed_files,feature_initial_detail_test_files,agent,repo_language,feature_task_type",fixed_acceptance,0.2,0.34322475418994675,0.2,0.8,0.2033898305084746,0.08983050847457627,0.9116666666666666,0.23177966101694916,6.089830508474576,11.514830508474576,0.8832228289131565,0.12174870406899399,0.878251295931006,0.017065002981788157,0.017709118311981915,0.8736559139784946,0.016975711674066335,1.7418990203466467,1.1238443457821885,0.8231378400091817,,
leave_agent_out:OpenAI_Codex,8847,2950,21799,outcome_downstream_workload_log,outcome_downstream_workload_raw,0.8,2.772588722239781,0.4513429819978913,0.01582295336313895,0.2717467075190394,"feature_title_chars,feature_body_chars,feature_title_mentions_test,feature_body_mentions_test,feature_body_mentions_fix,feature_repo_stars,feature_task_type_confidence,feature_initial_detail_changed_files,feature_initial_detail_additions,feature_initial_detail_deletions,feature_initial_detail_churn,feature_initial_detail_added_files,feature_initial_detail_modified_files,feature_initial_detail_removed_files,feature_initial_detail_test_files,agent,repo_language,feature_task_type",fixed_acceptance,0.4,0.4606216582404303,0.4,0.6,0.2033898305084746,0.10677966101694915,0.79,0.2677966101694915,6.844915254237288,12.819774011299435,0.7374869994799792,0.3294646543419423,0.6705353456580577,0.017065002981788157,0.019632414369256473,0.6209677419354839,0.01580351645344462,1.5797827903091062,1.0120407744407196,0.5659359577642603,,
leave_agent_out:OpenAI_Codex,8847,2950,21799,outcome_downstream_workload_log,outcome_downstream_workload_raw,0.8,2.772588722239781,0.4513429819978913,0.01582295336313895,0.2717467075190394,"feature_title_chars,feature_body_chars,feature_title_mentions_test,feature_body_mentions_test,feature_body_mentions_fix,feature_repo_stars,feature_task_type_confidence,feature_initial_detail_changed_files,feature_initial_detail_additions,feature_initial_detail_deletions,feature_initial_detail_churn,feature_initial_detail_added_files,feature_initial_detail_modified_files,feature_initial_detail_removed_files,feature_initial_detail_test_files,agent,repo_language,feature_task_type",fixed_acceptance,0.6,0.5533078137148071,0.6,0.4,0.2033898305084746,0.14463276836158193,0.5733333333333334,0.29152542372881357,8.114124293785311,13.903389830508475,0.5332163286531462,0.5835130051837241,0.416486994816276,0.017065002981788157,0.019025157232704402,0.34946236559139787,0.01431875757241987,1.47437106918239,0.8134155744024673,0.28252802326026244,,
leave_agent_out:OpenAI_Codex,8847,2950,21799,outcome_downstream_workload_log,outcome_downstream_workload_raw,0.8,2.772588722239781,0.4513429819978913,0.01582295336313895,0.2717467075190394,"feature_title_chars,feature_body_chars,feature_title_mentions_test,feature_body_mentions_test,feature_body_mentions_fix,feature_repo_stars,feature_task_type_confidence,feature_initial_detail_changed_files,feature_initial_detail_additions,feature_initial_detail_deletions,feature_initial_detail_churn,feature_initial_detail_added_files,feature_initial_detail_modified_files,feature_initial_detail_removed_files,feature_initial_detail_test_files,agent,repo_language,feature_task_type",fixed_acceptance,0.8,0.6439031924502813,0.8,0.2,0.2033898305084746,0.1733050847457627,0.31833333333333336,0.32372881355932204,8.96864406779661,16.27457627118644,0.312077483099324,0.939125647965503,0.060874352034496995,0.017065002981788157,0.016608050019538884,0.08602150537634409,0.024114544084400905,1.1696463462289957,1.653353428786737,0.08393588125023911,,
leave_agent_out:OpenAI_Codex,8847,2950,21799,outcome_downstream_workload_log,outcome_downstream_workload_raw,0.8,2.772588722239781,0.4513429819978913,0.01582295336313895,0.2717467075190394,"feature_title_chars,feature_body_chars,feature_title_mentions_test,feature_body_mentions_test,feature_body_mentions_fix,feature_repo_stars,feature_task_type_confidence,feature_initial_detail_changed_files,feature_initial_detail_additions,feature_initial_detail_deletions,feature_initial_detail_churn,feature_initial_detail_added_files,feature_initial_detail_modified_files,feature_initial_detail_removed_files,feature_initial_detail_test_files,agent,repo_language,feature_task_type",calibration_risk_budget,0.05,0.25964380644291796,0.09016949152542372,0.9098305084745762,0.2033898305084746,0.04887218045112782,0.9783333333333334,0.21870342771982115,5.112781954887218,10.956780923994039,0.9557982319292772,0.04027707693013441,0.9597229230698656,0.017065002981788157,0.02050113895216401,0.9516129032258065,0.016920797285024616,1.856492027334852,1.1715023182448259,0.9376410727265772,0.09016949152542372,0.04887218045112782
leave_agent_out:OpenAI_Codex,8847,2950,21799,outcome_downstream_workload_log,outcome_downstream_workload_raw,0.8,2.772588722239781,0.4513429819978913,0.01582295336313895,0.2717467075190394,"feature_title_chars,feature_body_chars,feature_title_mentions_test,feature_body_mentions_test,feature_body_mentions_fix,feature_repo_stars,feature_task_type_confidence,feature_initial_detail_changed_files,feature_initial_detail_additions,feature_initial_detail_deletions,feature_initial_detail_churn,feature_initial_detail_added_files,feature_initial_detail_modified_files,feature_initial_detail_removed_files,feature_initial_detail_test_files,agent,repo_language,feature_task_type",calibration_risk_budget,0.1,0.43835863713277784,0.36033898305084744,0.6396610169491526,0.2033898305084746,0.09971777986829727,0.8233333333333334,0.26179120296767355,6.630291627469426,12.57021727609963,0.7709308372334893,0.27689343547869166,0.7231065645213083,0.017065002981788157,0.02054340622929092,0.6666666666666666,0.015733045740024106,1.6744532803180914,1.017065279451881,0.6133363938941812,0.36033898305084744,0.09971777986829727
leave_agent_out:OpenAI_Codex,8847,2950,21799,outcome_downstream_workload_log,outcome_downstream_workload_raw,0.8,2.772588722239781,0.4513429819978913,0.01582295336313895,0.2717467075190394,"feature_title_chars,feature_body_chars,feature_title_mentions_test,feature_body_mentions_test,feature_body_mentions_fix,feature_repo_stars,feature_task_type_confidence,feature_initial_detail_changed_files,feature_initial_detail_additions,feature_initial_detail_deletions,feature_initial_detail_churn,feature_initial_detail_added_files,feature_initial_detail_modified_files,feature_initial_detail_removed_files,feature_initial_detail_test_files,agent,repo_language,feature_task_type",calibration_risk_budget,0.15,0.5713806741329918,0.6396610169491526,0.36033898305084744,0.2033898305084746,0.1499735029146794,0.5283333333333333,0.2982126058325494,8.262321144674086,14.277516462841016,0.49327223088923555,0.6308546263590072,0.3691453736409927,0.017065002981788157,0.019706224549156486,0.271505376344086,0.012551261339629676,1.4655322862129145,0.7437554368087486,0.22896820842419374,0.6396610169491526,0.1499735029146794
